사고번호,사고일시,요일,시군구,사고내용,사망자수,중상자수,경상자수,부상신고자수,사고유형,법규위반,노면상태,기상상태,도로형태,가해운전자 차종,가해운전자 성별,가해운전자 연령,가해운전자 상해정도,피해운전자 차종,피해운전자 성별,피해운전자 연령,피해운전자 상해정도
2017011300100049,2017년 1월 13일 02시,금요일,충청북도 괴산군 불정면,중상사고,0,1,0,0,차량단독 - 공작물충돌,안전운전불이행,서리/결빙,눈,단일로 - 기타,승용,남,46세,중상,,,,
2017011300100058,2017년 1월 13일 03시,금요일,충청북도 청주시 흥덕구 강내면,중상사고,0,2,0,0,차대차 - 추돌,안전운전불이행,건조,맑음,교차로 - 교차로부근,승용,남,38세,상해없음,승용,남,30세,중상
2017011300100075,2017년 1월 13일 05시,금요일,충청북도 청주시 청원구 오창읍,중상사고,0,1,0,0,차량단독 - 전도전복,안전운전불이행,서리/결빙,안개,교차로 - 교차로안,승용,남,27세,상해없음,미분류,미분류,미분류,미분류
2017011300100192,2017년 1월 13일 10시,금요일,충청북도 청주시 서원구 사직동,중상사고,0,1,0,0,차대차 - 기타,안전운전불이행,건조,맑음,교차로 - 교차로안,승용,남,59세,기타불명,승용,남,34세,중상
2017011300100193,2017년 1월 13일 10시,금요일,충청북도 음성군 음성읍,경상사고,0,0,3,0,차대차 - 추돌,안전운전불이행,건조,맑음,단일로 - 기타,승용,남,43세,상해없음,화물,남,50세,경상
2017011300100270,2017년 1월 13일 13시,금요일,충청북도 제천시 하소동,중상사고,0,2,1,0,차대차 - 측면충돌,신호위반,젖음/습기,눈,교차로 - 교차로안,화물,남,74세,경상,승용,여,35세,중상
2017011300100305,2017년 1월 13일 14시,금요일,충청북도 충주시 봉방동,경상사고,0,0,2,0,차대차 - 정면충돌,안전운전불이행,건조,맑음,기타 - 기타,승용,남,71세,경상,화물,남,29세,경상
2017011300100336,2017년 1월 13일 15시,금요일,충청북도 충주시 교현동,중상사고,0,1,0,0,차대사람 - 횡단중,보행자보호의무위반,건조,맑음,교차로 - 교차로횡단보도내,승용,여,53세,상해없음,보행자,여,59세,중상
2017011300100367,2017년 1월 13일 16시,금요일,충청북도 충주시 칠금동,경상사고,0,0,1,0,차대차 - 측면충돌,안전거리미확보,건조,맑음,단일로 - 기타,이륜,남,62세,경상,승용,여,60세,상해없음
2017011300100446,2017년 1월 13일 18시,금요일,충청북도 청주시 청원구 오창읍,중상사고,0,1,0,0,차대차 - 측면충돌,불법유턴,건조,맑음,교차로 - 교차로부근,승합,남,63세,상해없음,승용,여,37세,중상
2017011300100447,2017년 1월 13일 18시,금요일,충청북도 청주시 청원구 사천동,중상사고,0,1,0,0,차대사람 - 횡단중,안전운전불이행,건조,맑음,교차로 - 교차로안,승용,여,47세,상해없음,보행자,여,41세,중상
2017011300100448,2017년 1월 13일 18시,금요일,충청북도 증평군 증평읍,경상사고,0,0,1,0,차대차 - 측면충돌,직진우회전진행방해,건조,맑음,교차로 - 교차로안,승용,남,57세,상해없음,승용,여,34세,경상
2017011300100449,2017년 1월 13일 18시,금요일,충청북도 음성군 금왕읍,중상사고,0,2,0,0,차대차 - 측면충돌,안전운전불이행,건조,기타,단일로 - 기타,승용,남,55세,중상,화물,남,58세,상해없음
2017011300100497,2017년 1월 13일 19시,금요일,충청북도 진천군 문백면,경상사고,0,0,5,0,차대차 - 추돌,안전운전불이행,젖음/습기,흐림,단일로 - 기타,승용,남,47세,경상,승용,여,23세,경상
2017011300100498,2017년 1월 13일 19시,금요일,충청북도 청주시 서원구 분평동,경상사고,0,0,1,0,차대차 - 측면충돌,안전거리미확보,건조,맑음,교차로 - 교차로부근,승합,남,58세,상해없음,승용,남,39세,경상
2017011300100499,2017년 1월 13일 19시,금요일,충청북도 청주시 서원구 모충동,중상사고,0,1,1,0,차대차 - 측면충돌,신호위반,건조,맑음,교차로 - 교차로안,승용,여,47세,상해없음,승용,남,73세,중상
2017011300100535,2017년 1월 13일 20시,금요일,충청북도 제천시 하소동,경상사고,0,0,1,0,차대차 - 추돌,안전운전불이행,건조,맑음,교차로 - 교차로부근,화물,남,57세,상해없음,승용,남,36세,경상
2017011300100536,2017년 1월 13일 20시,금요일,충청북도 음성군 대소면,중상사고,0,1,0,0,차대차 - 측면충돌,신호위반,건조,맑음,교차로 - 교차로안,승용,남,45세,상해없음,이륜,남,44세,중상
2017011300100537,2017년 1월 13일 20시,금요일,충청북도 청주시 상당구 영운동,중상사고,0,1,0,0,차대사람 - 횡단중,기타,건조,맑음,단일로 - 기타,화물,남,47세,상해없음,보행자,여,75세,중상
2017011300100590,2017년 1월 13일 22시,금요일,충청북도 청주시 청원구 오창읍,경상사고,0,0,1,0,차대차 - 기타,중앙선침범,건조,맑음,단일로 - 기타,승용,여,34세,상해없음,승용,남,48세,경상
2017011300100591,2017년 1월 13일 22시,금요일,충청북도 청주시 서원구 성화동,경상사고,0,0,1,0,차대차 - 기타,안전거리미확보,건조,맑음,교차로 - 교차로부근,승용,여,50세,상해없음,승용,남,50세,경상
2017011300100621,2017년 1월 13일 23시,금요일,충청북도 청주시 흥덕구 가경동,경상사고,0,0,1,0,차대차 - 추돌,안전운전불이행,서리/결빙,맑음,교차로 - 교차로부근,승용,남,23세,상해없음,승용,남,36세,경상
2017011400100023,2017년 1월 14일 00시,토요일,충청북도 청주시 흥덕구 운천동,경상사고,0,0,3,0,차대차 - 추돌,안전운전불이행,건조,맑음,교차로 - 교차로부근,원동기,남,32세,상해없음,승용,남,54세,경상
2017011400100159,2017년 1월 14일 09시,토요일,충청북도 보은군 보은읍,사망사고,1,0,0,0,차량단독 - 전도전복,안전운전불이행,젖음/습기,맑음,단일로 - 기타,승용,남,28세,사망,미분류,미분류,미분류,미분류
2017011400100160,2017년 1월 14일 09시,토요일,충청북도 청주시 서원구 수곡동,중상사고,0,1,0,0,차대차 - 기타,교차로운행방법위반,건조,맑음,교차로 - 교차로부근,승용,남,31세,상해없음,자전거,여,75세,중상
2017011400100184,2017년 1월 14일 10시,토요일,충청북도 충주시 칠금동,경상사고,0,0,1,0,차대차 - 정면충돌,직진우회전진행방해,건조,맑음,교차로 - 교차로안,승용,여,57세,상해없음,승합,남,48세,경상
2017011400100185,2017년 1월 14일 10시,토요일,충청북도 제천시 청전동,중상사고,0,1,0,0,차대차 - 정면충돌,신호위반,건조,맑음,교차로 - 교차로안,승용,남,52세,상해없음,승용,남,59세,중상
2017011400100186,2017년 1월 14일 10시,토요일,충청북도 옥천군 군북면,중상사고,0,1,0,0,차량단독 - 공작물충돌,안전운전불이행,건조,맑음,단일로 - 기타,이륜,남,66세,중상,,,,
2017011400100217,2017년 1월 14일 11시,토요일,충청북도 청주시 청원구 오창읍,중상사고,0,1,0,0,차대차 - 측면충돌,신호위반,건조,맑음,교차로 - 교차로안,승용,여,42세,상해없음,승용,여,67세,중상
2017011400100218,2017년 1월 14일 11시,토요일,충청북도 충주시 금릉동,경상사고,0,0,1,0,차대차 - 정면충돌,안전운전불이행,건조,맑음,교차로 - 교차로부근,승용,여,35세,상해없음,자전거,남,73세,경상
2017011400100219,2017년 1월 14일 11시,토요일,충청북도 충주시 동량면,경상사고,0,0,3,0,차대차 - 측면충돌,중앙선침범,건조,맑음,단일로 - 기타,승용,남,78세,상해없음,승용,남,40세,경상
2017011400100220,2017년 1월 14일 11시,토요일,충청북도 제천시 하소동,경상사고,0,0,1,0,차대사람 - 횡단중,보행자보호의무위반,건조,맑음,교차로 - 교차로횡단보도내,승용,남,61세,상해없음,보행자,남,56세,경상
2017011400100249,2017년 1월 14일 12시,토요일,충청북도 충주시 교현동,경상사고,0,0,1,0,차대차 - 측면충돌,직진우회전진행방해,건조,맑음,교차로 - 교차로안,원동기,남,22세,경상,승용,남,35세,상해없음
2017011400100250,2017년 1월 14일 12시,토요일,충청북도 진천군 덕산면,중상사고,0,1,0,0,차대차 - 정면충돌,직진우회전진행방해,건조,맑음,교차로 - 교차로안,승용,여,59세,상해없음,이륜,남,74세,중상
2017011400100283,2017년 1월 14일 13시,토요일,충청북도 청주시 청원구 율량동,경상사고,0,0,2,0,차대차 - 기타,차로위반,건조,맑음,단일로 - 기타,승용,여,36세,기타불명,승용,남,58세,경상
2017011400100309,2017년 1월 14일 14시,토요일,충청북도 충주시 칠금동,경상사고,0,0,1,1,차대차 - 추돌,안전운전불이행,건조,맑음,교차로 - 교차로부근,승합,여,40세,부상신고,승용,남,22세,상해없음
2017011400100310,2017년 1월 14일 14시,토요일,충청북도 청주시 흥덕구 가경동,중상사고,0,1,1,0,차대차 - 기타,교차로운행방법위반,건조,맑음,교차로 - 교차로안,이륜,남,23세,상해없음,승용,여,51세,중상
2017011400100361,2017년 1월 14일 16시,토요일,충청북도 청주시 청원구 오창읍,경상사고,0,0,3,0,차대차 - 측면충돌,안전운전불이행,건조,맑음,교차로 - 교차로안,승용,남,56세,상해없음,승용,남,56세,경상
2017011400100362,2017년 1월 14일 16시,토요일,충청북도 청주시 청원구 우암동,경상사고,0,0,1,0,차대차 - 기타,교차로운행방법위반,건조,맑음,교차로 - 교차로안,승용,남,45세,경상,승용,남,45세,상해없음
2017011400100363,2017년 1월 14일 16시,토요일,충청북도 진천군 덕산면,경상사고,0,0,3,0,차대차 - 정면충돌,중앙선침범,건조,맑음,단일로 - 기타,승용,남,26세,경상,승용,남,58세,경상
2017011400100425,2017년 1월 14일 18시,토요일,충청북도 충주시 교현동,중상사고,0,1,0,0,차대차 - 측면충돌,신호위반,건조,맑음,교차로 - 교차로안,화물,남,74세,상해없음,승용,여,31세,상해없음
2017011400100466,2017년 1월 14일 19시,토요일,충청북도 진천군 진천읍,중상사고,0,1,1,0,차대사람 - 횡단중,안전운전불이행,건조,맑음,교차로 - 교차로안,승용,남,58세,상해없음,보행자,여,16세,중상
2017011400100467,2017년 1월 14일 19시,토요일,충청북도 청주시 흥덕구 복대동,경상사고,0,0,1,0,차대차 - 측면충돌,중앙선침범,건조,맑음,교차로 - 교차로부근,승용,남,60세,상해없음,원동기,남,18세,경상
2017011400100501,2017년 1월 14일 20시,토요일,충청북도 청주시 흥덕구 봉명동,중상사고,0,1,2,0,차대차 - 기타,안전거리미확보,건조,맑음,단일로 - 기타,승용,여,20세,상해없음,승합,남,60세,상해없음
2017011400100529,2017년 1월 14일 21시,토요일,충청북도 옥천군 옥천읍,경상사고,0,0,1,0,차대차 - 측면충돌,안전운전불이행,건조,맑음,교차로 - 교차로안,승용,남,46세,상해없음,승용,남,82세,상해없음
2017011400100550,2017년 1월 14일 22시,토요일,충청북도 음성군 금왕읍,경상사고,0,0,1,0,차대차 - 측면충돌,안전운전불이행,건조,맑음,교차로 - 교차로안,승용,남,44세,경상,승용,여,46세,기타불명
2017011500100043,2017년 1월 15일 02시,일요일,충청북도 충주시 칠금동,경상사고,0,0,1,0,차대차 - 측면충돌,신호위반,건조,맑음,교차로 - 교차로안,승용,남,46세,상해없음,화물,남,37세,경상
2017011500100044,2017년 1월 15일 02시,일요일,충청북도 청주시 흥덕구 송정동,중상사고,0,1,5,0,차대차 - 측면충돌,신호위반,건조,맑음,교차로 - 교차로안,승용,남,44세,상해없음,승용,남,63세,경상
2017011500100107,2017년 1월 15일 08시,일요일,충청북도 청주시 청원구 오창읍,경상사고,0,0,2,0,차대차 - 측면충돌,안전운전불이행,건조,맑음,단일로 - 기타,승용,남,34세,상해없음,승용,남,43세,경상
2017011500100108,2017년 1월 15일 08시,일요일,충청북도 충주시 연수동,경상사고,0,0,1,0,차대차 - 추돌,안전운전불이행,건조,맑음,교차로 - 교차로부근,화물,여,54세,상해없음,승용,남,39세,경상
2017011500100134,2017년 1월 15일 10시,일요일,충청북도 제천시 중앙로2가,경상사고,0,0,2,0,차대차 - 측면충돌,교차로운행방법위반,건조,맑음,교차로 - 교차로안,승용,여,67세,상해없음,승용,남,63세,경상
2017011500100181,2017년 1월 15일 12시,일요일,충청북도 충주시 연수동,경상사고,0,0,3,0,차대차 - 기타,안전운전불이행,건조,맑음,교차로 - 교차로부근,승용,남,51세,상해없음,승용,남,42세,경상
2017011500100182,2017년 1월 15일 12시,일요일,충청북도 청주시 흥덕구 가경동,부상신고사고,0,0,0,1,차대차 - 측면충돌,안전운전불이행,건조,맑음,단일로 - 기타,이륜,남,30세,부상신고,승용,남,75세,상해없음
2017011500100183,2017년 1월 15일 12시,일요일,충청북도 청주시 상당구 남일면,중상사고,0,1,6,0,차대차 - 정면충돌,중앙선침범,건조,맑음,교차로 - 교차로안,승용,남,50세,중상,승용,남,23세,경상
2017011500100205,2017년 1월 15일 13시,일요일,충청북도 청주시 서원구 미평동,경상사고,0,0,1,0,차대차 - 추돌,안전운전불이행,건조,맑음,단일로 - 기타,승용,남,63세,상해없음,승용,여,27세,경상
2017011500100302,2017년 1월 15일 17시,일요일,충청북도 청주시 청원구 율량동,경상사고,0,0,1,0,차대차 - 측면충돌,안전운전불이행,건조,맑음,단일로 - 기타,승용,남,61세,상해없음,이륜,남,17세,상해없음
2017011500100303,2017년 1월 15일 17시,일요일,충청북도 청주시 상당구 용암동,경상사고,0,0,1,0,차대차 - 측면충돌,안전운전불이행,건조,맑음,단일로 - 기타,승용,여,61세,상해없음,이륜,남,37세,경상
2017011500100337,2017년 1월 15일 18시,일요일,충청북도 청주시 청원구 오창읍,경상사고,0,0,1,0,차대차 - 정면충돌,안전거리미확보,건조,맑음,단일로 - 기타,승용,여,29세,상해없음,승용,남,40세,경상
2017011500100338,2017년 1월 15일 18시,일요일,충청북도 증평군 증평읍,경상사고,0,0,1,0,차대차 - 측면충돌,직진우회전진행방해,건조,맑음,교차로 - 교차로안,승용,남,55세,상해없음,화물,남,68세,상해없음
2017011500100378,2017년 1월 15일 19시,일요일,충청북도 청주시 흥덕구 옥산면,경상사고,0,0,3,0,차대차 - 기타,안전운전불이행,건조,맑음,단일로 - 기타,승합,남,74세,상해없음,승용,남,33세,경상
2017011500100477,2017년 1월 15일 23시,일요일,충청북도 청주시 흥덕구 봉명동,중상사고,0,1,0,0,차대차 - 측면충돌,교차로운행방법위반,건조,맑음,교차로 - 교차로안,이륜,남,51세,중상,승용,남,49세,상해없음
2017011600100045,2017년 1월 16일 02시,월요일,충청북도 영동군 영동읍,중상사고,0,1,1,0,차대차 - 기타,교차로운행방법위반,건조,맑음,교차로 - 교차로안,승용,여,61세,중상,승용,남,24세,상해없음
2017011600100144,2017년 1월 16일 08시,월요일,충청북도 진천군 진천읍,사망사고,1,0,0,0,차대사람 - 기타,안전운전불이행,건조,맑음,단일로 - 기타,승용,남,35세,상해없음,보행자,여,63세,사망
2017011600100145,2017년 1월 16일 08시,월요일,충청북도 청주시 서원구 죽림동,경상사고,0,0,1,0,차대사람 - 기타,신호위반,건조,맑음,교차로 - 교차로안,화물,남,49세,상해없음,보행자,여,51세,경상
2017011600100146,2017년 1월 16일 08시,월요일,충청북도 청주시 흥덕구 가경동,경상사고,0,0,1,0,차대차 - 측면충돌,교차로운행방법위반,건조,맑음,교차로 - 교차로안,승용,남,27세,상해없음,승용,여,29세,경상
2017011600100147,2017년 1월 16일 08시,월요일,충청북도 청주시 서원구 모충동,중상사고,0,1,0,0,차대사람 - 횡단중,보행자보호의무위반,건조,맑음,교차로 - 교차로횡단보도내,화물,남,56세,상해없음,보행자,남,14세,중상
2017011600100185,2017년 1월 16일 09시,월요일,충청북도 충주시 금릉동,경상사고,0,0,1,0,차대차 - 정면충돌,교차로운행방법위반,건조,맑음,교차로 - 교차로안,화물,남,63세,상해없음,승용,남,30세,경상
2017011600100186,2017년 1월 16일 09시,월요일,충청북도 충주시 용산동,경상사고,0,0,2,0,차대차 - 정면충돌,직진우회전진행방해,건조,맑음,교차로 - 교차로안,승용,남,38세,경상,원동기,남,67세,경상
2017011600100187,2017년 1월 16일 09시,월요일,충청북도 음성군 맹동면,경상사고,0,0,1,0,차대차 - 측면충돌,중앙선침범,건조,맑음,단일로 - 기타,화물,남,58세,상해없음,승용,남,33세,경상
2017011600100188,2017년 1월 16일 09시,월요일,충청북도 청주시 상당구 남주동,경상사고,0,0,1,0,차대차 - 측면충돌,교차로운행방법위반,건조,맑음,교차로 - 교차로안,승용,여,35세,상해없음,승용,여,43세,경상
2017011600100223,2017년 1월 16일 10시,월요일,충청북도 증평군 증평읍,경상사고,0,0,1,0,차대차 - 측면충돌,직진우회전진행방해,건조,맑음,교차로 - 교차로안,화물,남,40세,상해없음,화물,남,37세,경상
2017011600100456,2017년 1월 16일 17시,월요일,충청북도 청주시 서원구 남이면,경상사고,0,0,1,0,차대차 - 추돌,안전운전불이행,건조,맑음,교차로 - 교차로부근,승용,남,38세,상해없음,승용,남,41세,경상
2017011600100500,2017년 1월 16일 18시,월요일,충청북도 충주시 연수동,부상신고사고,0,0,0,1,차대차 - 측면충돌,안전운전불이행,건조,맑음,단일로 - 기타,이륜,남,88세,부상신고,승용,남,40세,상해없음
2017011600100501,2017년 1월 16일 18시,월요일,충청북도 충주시 연수동,중상사고,0,1,0,0,차대차 - 측면충돌,안전거리미확보,건조,맑음,단일로 - 기타,승용,남,55세,상해없음,이륜,남,55세,중상
2017011600100502,2017년 1월 16일 18시,월요일,충청북도 충주시 호암동,중상사고,0,1,2,0,차대차 - 측면충돌,직진우회전진행방해,건조,맑음,교차로 - 교차로안,승용,남,25세,상해없음,승용,여,38세,경상
2017011600100503,2017년 1월 16일 18시,월요일,충청북도 영동군 영동읍,중상사고,0,2,2,0,차대차 - 추돌,안전운전불이행,건조,맑음,단일로 - 기타,화물,남,31세,상해없음,승용,여,43세,중상
2017011600100561,2017년 1월 16일 19시,월요일,충청북도 청주시 서원구 개신동,경상사고,0,0,2,0,차대차 - 기타,안전운전불이행,건조,맑음,교차로 - 교차로부근,승용,여,47세,상해없음,승용,남,58세,경상
2017011600100603,2017년 1월 16일 20시,월요일,충청북도 충주시 목행동,경상사고,0,0,1,1,차대차 - 측면충돌,신호위반,건조,맑음,교차로 - 교차로안,승용,남,38세,부상신고,승합,남,51세,경상
2017011600100630,2017년 1월 16일 21시,월요일,충청북도 옥천군 옥천읍,중상사고,0,1,0,0,차대차 - 측면충돌,기타,건조,맑음,교차로 - 교차로안,원동기,남,22세,중상,승용,남,30세,상해없음
2017011600100631,2017년 1월 16일 21시,월요일,충청북도 청주시 흥덕구 복대동,경상사고,0,0,1,0,차대차 - 정면충돌,안전운전불이행,건조,맑음,교차로 - 교차로부근,화물,남,53세,상해없음,승용,남,33세,경상
2017011600100692,2017년 1월 16일 23시,월요일,충청북도 청주시 청원구 율량동,경상사고,0,0,1,0,차대차 - 정면충돌,신호위반,건조,맑음,교차로 - 교차로안,승용,남,38세,상해없음,승용,여,37세,경상
2017011600100693,2017년 1월 16일 23시,월요일,충청북도 청주시 청원구 북이면,경상사고,0,0,4,0,차대차 - 정면충돌,안전운전불이행,건조,맑음,단일로 - 기타,승용,남,23세,경상,승용,남,52세,경상
2017011700100015,2017년 1월 17일 00시,화요일,충청북도 청주시 흥덕구 복대동,경상사고,0,0,1,0,차대사람 - 보도통행중,기타,건조,맑음,단일로 - 기타,승용,남,60세,상해없음,보행자,남,48세,경상
2017011700100039,2017년 1월 17일 04시,화요일,충청북도 청주시 서원구 분평동,중상사고,0,3,0,0,차대차 - 정면충돌,신호위반,건조,맑음,교차로 - 교차로안,승용,여,45세,중상,승용,남,58세,중상
2017011700100070,2017년 1월 17일 06시,화요일,충청북도 제천시 남천동,중상사고,0,1,0,0,차대사람 - 횡단중,안전운전불이행,건조,맑음,기타 - 기타,승용,남,80세,상해없음,보행자,남,81세,중상
2017011700100093,2017년 1월 17일 07시,화요일,충청북도 청주시 서원구 죽림동,경상사고,0,0,1,0,차대차 - 정면충돌,안전운전불이행,건조,맑음,교차로 - 교차로횡단보도내,승용,여,22세,상해없음,승용,남,56세,경상
2017011700100094,2017년 1월 17일 07시,화요일,충청북도 청주시 흥덕구 복대동,경상사고,0,0,1,0,차대차 - 추돌,안전운전불이행,건조,맑음,단일로 - 기타,승용,남,31세,상해없음,승용,여,44세,경상
2017011700100095,2017년 1월 17일 07시,화요일,충청북도 청주시 흥덕구 옥산면,중상사고,0,1,1,0,차대차 - 측면충돌,안전거리미확보,서리/결빙,흐림,단일로 - 기타,승용,여,26세,상해없음,화물,남,56세,상해없음
2017011700100126,2017년 1월 17일 08시,화요일,충청북도 제천시 청전동,경상사고,0,0,1,0,차대차 - 측면충돌,안전운전불이행,건조,맑음,교차로 - 교차로안,승용,남,48세,상해없음,승용,남,55세,경상
2017011700100127,2017년 1월 17일 08시,화요일,충청북도 진천군 진천읍,경상사고,0,0,1,0,차대차 - 기타,교차로운행방법위반,건조,맑음,교차로 - 교차로안,승용,남,62세,기타불명,승용,남,32세,경상
2017011700100152,2017년 1월 17일 09시,화요일,충청북도 청주시 청원구 내덕동,중상사고,0,1,0,0,차대차 - 측면충돌,안전운전불이행,건조,맑음,교차로 - 교차로안,이륜,남,16세,중상,화물,남,35세,상해없음
2017011700100177,2017년 1월 17일 10시,화요일,충청북도 청주시 흥덕구 향정동,경상사고,0,0,1,0,차대차 - 기타,안전거리미확보,건조,맑음,단일로 - 기타,화물,남,58세,상해없음,승용,남,42세,경상
2017011700100195,2017년 1월 17일 11시,화요일,충청북도 충주시 금릉동,경상사고,0,0,1,0,차대차 - 측면충돌,안전운전불이행,건조,맑음,교차로 - 교차로부근,승용,남,38세,상해없음,승용,여,55세,경상
2017011700100225,2017년 1월 17일 12시,화요일,충청북도 청주시 상당구 용담동,경상사고,0,0,1,0,차대차 - 추돌,안전운전불이행,건조,맑음,단일로 - 기타,승용,남,49세,상해없음,승용,여,29세,경상
2017011700100246,2017년 1월 17일 13시,화요일,충청북도 청주시 서원구 사창동,경상사고,0,0,1,0,차대차 - 측면충돌,안전운전불이행,건조,맑음,교차로 - 교차로부근,승용,남,57세,상해없음,승용,여,35세,경상
2017011700100311,2017년 1월 17일 15시,화요일,충청북도 제천시 장락동,경상사고,0,0,2,0,차대차 - 측면충돌,신호위반,건조,맑음,교차로 - 교차로안,승용,여,50세,상해없음,승용,여,47세,경상
2017011700100336,2017년 1월 17일 16시,화요일,충청북도 진천군 진천읍,중상사고,0,1,0,0,차대차 - 기타,차로위반,건조,맑음,교차로 - 교차로부근,이륜,여,68세,중상,승용,남,36세,상해없음
2017011700100337,2017년 1월 17일 16시,화요일,충청북도 청주시 흥덕구 강내면,경상사고,0,0,1,0,차대차 - 기타,중앙선침범,건조,흐림,단일로 - 기타,승용,여,55세,상해없음,승용,남,53세,경상
2017011700100371,2017년 1월 17일 17시,화요일,충청북도 음성군 대소면,중상사고,0,2,1,0,차대차 - 측면충돌,교차로운행방법위반,건조,맑음,교차로 - 교차로안,승용,남,68세,중상,화물,남,48세,경상
2017011700100372,2017년 1월 17일 17시,화요일,충청북도 청주시 서원구 사직동,경상사고,0,0,2,0,차대차 - 측면충돌,신호위반,건조,맑음,교차로 - 교차로안,화물,남,67세,상해없음,화물,남,61세,경상
2017011700100461,2017년 1월 17일 19시,화요일,충청북도 청주시 청원구 우암동,경상사고,0,0,1,0,차대차 - 기타,직진우회전진행방해,건조,맑음,교차로 - 교차로안,화물,남,44세,상해없음,자전거,남,42세,경상
2017011700100462,2017년 1월 17일 19시,화요일,충청북도 청주시 상당구 서문동,경상사고,0,0,2,0,차대차 - 측면충돌,안전운전불이행,건조,맑음,교차로 - 교차로부근,승용,남,45세,상해없음,승용,남,37세,경상
2017011700100529,2017년 1월 17일 21시,화요일,충청북도 충주시 연수동,중상사고,0,1,1,0,차대차 - 정면충돌,신호위반,건조,맑음,교차로 - 교차로안,승용,남,42세,상해없음,승용,여,45세,중상
2017011700100551,2017년 1월 17일 22시,화요일,충청북도 괴산군 소수면,경상사고,0,0,1,0,차대차 - 정면충돌,중앙선침범,건조,흐림,단일로 - 기타,승용,여,49세,상해없음,화물,남,41세,경상
2017011700100581,2017년 1월 17일 23시,화요일,충청북도 제천시 명동,부상신고사고,0,0,0,1,차대차 - 측면충돌,신호위반,건조,맑음,교차로 - 교차로안,자전거,남,68세,부상신고,승합,남,61세,상해없음
2017011800100047,2017년 1월 18일 02시,수요일,충청북도 괴산군 괴산읍,경상사고,0,0,1,0,차대차 - 측면충돌,안전운전불이행,건조,맑음,교차로 - 교차로안,승용,여,47세,상해없음,자전거,여,15세,경상
2017011800100079,2017년 1월 18일 06시,수요일,충청북도 청주시 흥덕구 오송읍,중상사고,0,1,0,0,차대사람 - 횡단중,과속,건조,맑음,단일로 - 기타,승용,남,24세,상해없음,보행자,여,76세,중상
2017011800100096,2017년 1월 18일 07시,수요일,충청북도 음성군 음성읍,경상사고,0,0,1,0,차대차 - 측면충돌,중앙선침범,건조,맑음,단일로 - 기타,승용,남,69세,상해없음,승용,남,25세,경상
2017011800100125,2017년 1월 18일 08시,수요일,충청북도 청주시 서원구 사직동,경상사고,0,0,1,0,차대차 - 측면충돌,교차로운행방법위반,건조,맑음,교차로 - 교차로안,화물,남,58세,상해없음,승용,남,58세,상해없음
2017011800100126,2017년 1월 18일 08시,수요일,충청북도 청주시 흥덕구 강내면,경상사고,0,0,1,0,차량단독 - 전도전복,안전운전불이행,서리/결빙,맑음,단일로 - 기타,승용,남,42세,상해없음,미분류,미분류,미분류,미분류
2017011800100164,2017년 1월 18일 09시,수요일,충청북도 증평군 증평읍,중상사고,0,1,0,0,차대차 - 측면충돌,직진우회전진행방해,건조,맑음,교차로 - 교차로안,승용,여,43세,상해없음,이륜,여,71세,중상
2017011800100181,2017년 1월 18일 10시,수요일,충청북도 청주시 흥덕구 강내면,경상사고,0,0,1,0,차대차 - 기타,차로위반,건조,흐림,단일로 - 기타,화물,남,47세,상해없음,승용,남,52세,경상
2017011800100210,2017년 1월 18일 11시,수요일,충청북도 청주시 흥덕구 오송읍,경상사고,0,0,3,0,차대차 - 측면충돌,차로위반,건조,맑음,단일로 - 기타,승용,여,49세,상해없음,승용,남,66세,경상
2017011800100211,2017년 1월 18일 11시,수요일,충청북도 청주시 서원구 산남동,경상사고,0,0,2,1,차대차 - 추돌,안전거리미확보,건조,맑음,교차로 - 교차로부근,승용,여,48세,상해없음,승용,남,41세,부상신고
2017011800100281,2017년 1월 18일 13시,수요일,충청북도 보은군 보은읍,부상신고사고,0,0,0,1,차대차 - 기타,안전운전불이행,건조,맑음,단일로 - 기타,승용,남,58세,상해없음,자전거,남,79세,부상신고
2017011800100303,2017년 1월 18일 14시,수요일,충청북도 청주시 상당구 방서동,중상사고,0,1,1,0,차대사람 - 횡단중,보행자보호의무위반,건조,맑음,단일로 - 기타,승용,남,76세,상해없음,보행자,여,59세,중상
2017011800100321,2017년 1월 18일 15시,수요일,충청북도 청주시 흥덕구 가경동,경상사고,0,0,1,0,차량단독 - 기타,안전운전불이행,건조,맑음,단일로 - 기타,승합,남,61세,상해없음,,,,
2017011800100346,2017년 1월 18일 16시,수요일,충청북도 옥천군 청성면,경상사고,0,0,2,0,차대차 - 측면충돌,안전운전불이행,건조,맑음,단일로 - 기타,원동기,남,80세,경상,화물,여,51세,경상
2017011800100347,2017년 1월 18일 16시,수요일,충청북도 청주시 흥덕구 가경동,경상사고,0,0,2,0,차대차 - 정면충돌,신호위반,건조,맑음,교차로 - 교차로부근,승용,남,43세,상해없음,승용,여,30세,경상
2017011800100377,2017년 1월 18일 17시,수요일,충청북도 청주시 흥덕구 복대동,중상사고,0,1,0,0,차대차 - 측면충돌,안전운전불이행,건조,맑음,교차로 - 교차로부근,승용,남,56세,상해없음,승용,남,28세,중상