사고번호,사고일시,요일,시군구,사고내용,사망자수,중상자수,경상자수,부상신고자수,사고유형,법규위반,노면상태,기상상태,도로형태,가해운전자 차종,가해운전자 성별,가해운전자 연령,가해운전자 상해정도,피해운전자 차종,피해운전자 성별,피해운전자 연령,피해운전자 상해정도
2017011800100378,2017년 1월 18일 17시,수요일,충청북도 청주시 상당구 북문로2가동,부상신고사고,0,0,0,1,차대차 - 기타,중앙선침범,건조,맑음,단일로 - 기타,자전거,남,80세,부상신고,승용,여,33세,상해없음
2017011800100426,2017년 1월 18일 18시,수요일,충청북도 청주시 상당구 용암동,경상사고,0,0,1,0,차대차 - 측면충돌,교차로운행방법위반,건조,맑음,교차로 - 교차로안,승용,남,55세,상해없음,자전거,남,14세,경상
2017011800100473,2017년 1월 18일 19시,수요일,충청북도 청주시 흥덕구 봉명동,중상사고,0,2,1,0,차대차 - 측면충돌,교차로운행방법위반,건조,맑음,교차로 - 교차로안,승용,남,22세,중상,승용,남,45세,경상
2017011800100474,2017년 1월 18일 19시,수요일,충청북도 청주시 상당구 서문동,경상사고,0,0,1,0,차대차 - 추돌,안전운전불이행,건조,맑음,교차로 - 교차로부근,승용,여,52세,상해없음,승용,여,34세,경상
2017011800100540,2017년 1월 18일 21시,수요일,충청북도 청주시 청원구 사천동,경상사고,0,0,1,0,차대차 - 기타,안전운전불이행,건조,맑음,교차로 - 교차로안,화물,남,39세,상해없음,승용,남,22세,경상
2017011800100541,2017년 1월 18일 21시,수요일,충청북도 청주시 흥덕구 봉명동,중상사고,0,1,0,0,차대사람 - 횡단중,보행자보호의무위반,건조,맑음,교차로 - 교차로횡단보도내,승용,여,54세,상해없음,보행자,여,56세,중상
2017011800100583,2017년 1월 18일 22시,수요일,충청북도 청주시 서원구 사직동,중상사고,0,1,0,0,차대차 - 측면충돌,안전운전불이행,건조,흐림,단일로 - 기타,승합,남,25세,상해없음,승용,여,54세,중상
2017011800100584,2017년 1월 18일 22시,수요일,충청북도 청주시 흥덕구 운천동,중상사고,0,1,0,0,차대차 - 측면충돌,안전운전불이행,건조,맑음,교차로 - 교차로안,승용,남,26세,상해없음,이륜,남,20세,중상
2017011900100081,2017년 1월 19일 06시,목요일,충청북도 제천시 천남동,경상사고,0,0,1,0,차대차 - 측면충돌,신호위반,건조,맑음,교차로 - 교차로안,화물,남,57세,상해없음,승용,여,41세,경상
2017011900100105,2017년 1월 19일 07시,목요일,충청북도 제천시 금성면,부상신고사고,0,0,0,1,차량단독 - 전도전복,안전운전불이행,건조,맑음,단일로 - 기타,화물,남,77세,부상신고,미분류,미분류,미분류,미분류
2017011900100106,2017년 1월 19일 07시,목요일,충청북도 청주시 서원구 성화동,경상사고,0,0,1,0,차대차 - 추돌,안전운전불이행,건조,맑음,교차로 - 교차로부근,승용,남,24세,상해없음,승용,남,57세,상해없음
2017011900100139,2017년 1월 19일 08시,목요일,충청북도 청주시 흥덕구 봉명동,경상사고,0,0,1,0,차대사람 - 기타,기타,건조,맑음,단일로 - 기타,승용,남,68세,상해없음,보행자,여,34세,경상
2017011900100166,2017년 1월 19일 09시,목요일,충청북도 청주시 청원구 내덕동,경상사고,0,0,1,0,차대차 - 기타,교차로운행방법위반,건조,맑음,교차로 - 교차로안,승용,남,64세,상해없음,승용,여,45세,상해없음
2017011900100231,2017년 1월 19일 12시,목요일,충청북도 제천시 고암동,경상사고,0,0,2,0,차대차 - 추돌,안전운전불이행,건조,맑음,교차로 - 교차로부근,화물,남,52세,상해없음,승용,남,20세,경상
2017011900100256,2017년 1월 19일 13시,목요일,충청북도 충주시 신니면,경상사고,0,0,2,1,차대차 - 측면충돌,직진우회전진행방해,젖음/습기,흐림,교차로 - 교차로안,승합,여,60세,부상신고,승용,여,57세,경상
2017011900100257,2017년 1월 19일 13시,목요일,충청북도 단양군 단양읍,경상사고,0,0,4,0,차대차 - 정면충돌,중앙선침범,건조,맑음,단일로 - 기타,승용,남,73세,상해없음,건설기계,남,46세,경상
2017011900100258,2017년 1월 19일 13시,목요일,충청북도 청주시 흥덕구 정봉동,경상사고,0,0,2,0,차대차 - 기타,안전운전불이행,건조,맑음,단일로 - 기타,특수,남,39세,상해없음,화물,남,68세,경상
2017011900100259,2017년 1월 19일 13시,목요일,충청북도 청주시 흥덕구 상신동,경상사고,0,0,2,0,차대차 - 측면충돌,안전운전불이행,건조,맑음,단일로 - 기타,승용,남,82세,경상,승용,남,43세,경상
2017011900100260,2017년 1월 19일 13시,목요일,충청북도 청주시 상당구 방서동,경상사고,0,0,3,0,차대차 - 기타,안전운전불이행,건조,맑음,단일로 - 기타,승용,남,68세,상해없음,승용,남,37세,기타불명
2017011900100284,2017년 1월 19일 14시,목요일,충청북도 청주시 흥덕구 옥산면,경상사고,0,0,1,0,차대차 - 측면충돌,안전운전불이행,건조,맑음,단일로 - 기타,승용,여,36세,상해없음,자전거,남,12세,경상
2017011900100319,2017년 1월 19일 15시,목요일,충청북도 청주시 청원구 주중동,중상사고,0,1,2,0,차대차 - 추돌,안전운전불이행,건조,맑음,교차로 - 교차로부근,승용,남,28세,상해없음,이륜,남,56세,중상
2017011900100357,2017년 1월 19일 16시,목요일,충청북도 청주시 흥덕구 가경동,경상사고,0,0,1,0,차대차 - 측면충돌,안전운전불이행,건조,맑음,단일로 - 기타,승용,여,33세,상해없음,승용,남,45세,경상
2017011900100377,2017년 1월 19일 17시,목요일,충청북도 청주시 서원구 남이면,중상사고,0,2,3,0,차대차 - 기타,신호위반,건조,맑음,교차로 - 교차로안,승용,남,49세,상해없음,화물,남,46세,경상
2017011900100378,2017년 1월 19일 17시,목요일,충청북도 청주시 상당구 문의면,경상사고,0,0,1,0,차대차 - 기타,과속,건조,맑음,단일로 - 기타,승용,남,39세,경상,화물,남,40세,상해없음
2017011900100463,2017년 1월 19일 19시,목요일,충청북도 청주시 서원구 모충동,중상사고,0,1,0,0,차대사람 - 횡단중,안전운전불이행,건조,맑음,단일로 - 기타,승용,여,66세,상해없음,보행자,남,72세,중상
2017011900100486,2017년 1월 19일 20시,목요일,충청북도 음성군 원남면,경상사고,0,0,2,0,차대차 - 측면충돌,차로위반,건조,맑음,단일로 - 기타,승용,남,49세,상해없음,승용,남,24세,경상
2017011900100487,2017년 1월 19일 20시,목요일,충청북도 진천군 진천읍,중상사고,0,1,0,0,차대차 - 기타,안전거리미확보,건조,맑음,단일로 - 기타,승합,남,61세,상해없음,승용,남,56세,중상
2017011900100534,2017년 1월 19일 22시,목요일,충청북도 청주시 흥덕구 향정동,중상사고,0,2,0,0,차대차 - 추돌,안전운전불이행,건조,맑음,교차로 - 교차로부근,승용,남,70세,상해없음,승용,남,36세,중상
2017011900100560,2017년 1월 19일 23시,목요일,충청북도 단양군 매포읍,중상사고,0,1,0,0,차대차 - 측면충돌,직진우회전진행방해,건조,맑음,교차로 - 교차로안,화물,남,53세,상해없음,승용,남,32세,중상
2017012000100019,2017년 1월 20일 00시,금요일,충청북도 청주시 서원구 개신동,중상사고,0,1,1,0,차대차 - 측면충돌,신호위반,건조,맑음,교차로 - 교차로안,승용,남,23세,상해없음,승용,남,54세,중상
2017012000100020,2017년 1월 20일 00시,금요일,충청북도 청주시 서원구 분평동,경상사고,0,0,1,0,차대사람 - 횡단중,안전운전불이행,건조,맑음,교차로 - 교차로부근,승용,남,34세,상해없음,보행자,남,56세,경상
2017012000100074,2017년 1월 20일 04시,금요일,충청북도 청주시 흥덕구 옥산면,경상사고,0,0,3,0,차대차 - 추돌,안전운전불이행,서리/결빙,눈,단일로 - 기타,승용,남,38세,상해없음,승용,남,54세,경상
2017012000100075,2017년 1월 20일 04시,금요일,충청북도 청주시 상당구 영운동,경상사고,0,0,1,0,차대차 - 측면충돌,신호위반,서리/결빙,눈,교차로 - 교차로안,승용,남,36세,상해없음,승용,여,49세,경상
2017012000100090,2017년 1월 20일 05시,금요일,충청북도 청주시 서원구 수곡동,중상사고,0,1,0,0,차대사람 - 횡단중,신호위반,적설,눈,교차로 - 교차로횡단보도내,승용,남,63세,상해없음,보행자,남,29세,중상
2017012000100102,2017년 1월 20일 06시,금요일,충청북도 청주시 상당구 문의면,경상사고,0,0,1,0,차대차 - 측면충돌,안전운전불이행,적설,눈,단일로 - 기타,승용,남,46세,경상,화물,남,35세,상해없음
2017012000100126,2017년 1월 20일 07시,금요일,충청북도 청주시 상당구 용암동,경상사고,0,0,2,0,차대차 - 정면충돌,안전운전불이행,적설,맑음,단일로 - 기타,승용,남,31세,상해없음,승용,남,36세,경상
2017012000100127,2017년 1월 20일 07시,금요일,충청북도 충주시 노은면,경상사고,0,0,1,0,차대차 - 기타,안전운전불이행,적설,눈,단일로 - 기타,승용,남,19세,상해없음,승용,여,32세,경상
2017012000100163,2017년 1월 20일 08시,금요일,충청북도 진천군 진천읍,중상사고,0,2,0,0,차대차 - 기타,신호위반,서리/결빙,기타,교차로 - 교차로안,승용,남,54세,상해없음,승용,남,42세,중상
2017012000100164,2017년 1월 20일 08시,금요일,충청북도 진천군 덕산면,중상사고,0,1,0,0,차량단독 - 전도전복 - 전도,안전운전불이행,서리/결빙,눈,단일로 - 기타,화물,남,51세,상해없음,,,,
2017012000100165,2017년 1월 20일 08시,금요일,충청북도 청주시 흥덕구 복대동,경상사고,0,0,1,0,차대차 - 기타,안전운전불이행,서리/결빙,눈,단일로 - 기타,화물,남,50세,상해없음,승용,여,33세,경상
2017012000100166,2017년 1월 20일 08시,금요일,충청북도 청주시 청원구 오창읍,경상사고,0,0,1,0,차대차 - 추돌,안전운전불이행,서리/결빙,맑음,교차로 - 교차로부근,승용,남,45세,상해없음,승용,남,42세,경상
2017012000100202,2017년 1월 20일 09시,금요일,충청북도 청주시 흥덕구 신봉동,경상사고,0,0,2,0,차대차 - 기타,안전운전불이행,기타,흐림,교차로 - 교차로부근,승용,여,41세,상해없음,승용,남,54세,경상
2017012000100231,2017년 1월 20일 10시,금요일,충청북도 청주시 서원구 개신동,경상사고,0,0,1,0,차대차 - 정면충돌,교차로운행방법위반,건조,맑음,교차로 - 교차로안,승용,여,31세,상해없음,원동기,남,31세,경상
2017012000100281,2017년 1월 20일 12시,금요일,충청북도 청주시 흥덕구 옥산면,경상사고,0,0,2,0,차대차 - 기타,안전운전불이행,서리/결빙,맑음,단일로 - 기타,승용,남,46세,상해없음,승용,남,33세,경상
2017012000100282,2017년 1월 20일 12시,금요일,충청북도 청주시 흥덕구 봉명동,경상사고,0,0,1,0,차대차 - 측면충돌,교차로운행방법위반,적설,눈,교차로 - 교차로안,승용,남,31세,상해없음,승용,남,37세,경상
2017012000100355,2017년 1월 20일 15시,금요일,충청북도 청주시 서원구 사창동,경상사고,0,0,1,0,차대차 - 측면충돌,안전거리미확보,젖음/습기,흐림,단일로 - 기타,승용,여,43세,경상,화물,남,47세,상해없음
2017012000100356,2017년 1월 20일 15시,금요일,충청북도 증평군 도안면,중상사고,0,3,2,0,차대차 - 추돌,안전운전불이행,서리/결빙,흐림,교차로 - 교차로부근,승용,여,61세,상해없음,승용,남,37세,경상
2017012000100357,2017년 1월 20일 15시,금요일,충청북도 보은군 보은읍,경상사고,0,0,2,0,차대차 - 측면충돌,신호위반,젖음/습기,맑음,교차로 - 교차로안,승용,남,50세,상해없음,승용,남,75세,경상
2017012000100376,2017년 1월 20일 16시,금요일,충청북도 제천시 청전동,중상사고,0,1,0,1,차대차 - 측면충돌,직진우회전진행방해,서리/결빙,맑음,교차로 - 교차로부근,승용,여,30세,부상신고,승용,여,65세,중상
2017012000100377,2017년 1월 20일 16시,금요일,충청북도 옥천군 안내면,사망사고,1,0,0,0,차량단독 - 전도전복 - 전도,안전운전불이행,서리/결빙,흐림,단일로 - 기타,화물,남,41세,사망,,,,
2017012000100406,2017년 1월 20일 17시,금요일,충청북도 괴산군 괴산읍,중상사고,0,2,0,0,차대차 - 정면충돌,중앙선침범,젖음/습기,흐림,교차로 - 교차로부근,승용,여,62세,상해없음,승용,기타불명,미분류,기타불명
2017012000100436,2017년 1월 20일 18시,금요일,충청북도 진천군 문백면,중상사고,0,1,0,0,차대차 - 기타,직진우회전진행방해,건조,맑음,교차로 - 교차로안,승합,남,55세,상해없음,이륜,남,51세,중상
2017012000100437,2017년 1월 20일 18시,금요일,충청북도 청주시 흥덕구 봉명동,중상사고,0,1,2,0,차대차 - 추돌,안전운전불이행,건조,맑음,단일로 - 기타,승용,남,59세,상해없음,승용,여,24세,경상
2017012000100438,2017년 1월 20일 18시,금요일,충청북도 청주시 흥덕구 봉명동,경상사고,0,0,1,0,차대차 - 측면충돌,안전운전불이행,건조,맑음,교차로 - 교차로안,승용,여,66세,상해없음,승용,남,27세,경상
2017012000100439,2017년 1월 20일 18시,금요일,충청북도 청주시 서원구 산남동,경상사고,0,0,3,0,차대차 - 기타,안전운전불이행,건조,맑음,교차로 - 교차로부근,승용,남,34세,상해없음,승용,남,55세,경상
2017012100100120,2017년 1월 21일 06시,토요일,충청북도 청주시 흥덕구 휴암동,경상사고,0,0,1,1,차대차 - 기타,안전운전불이행,건조,맑음,단일로 - 기타,화물,남,45세,부상신고,화물,남,61세,경상
2017012100100162,2017년 1월 21일 09시,토요일,충청북도 청주시 청원구 율량동,경상사고,0,0,2,0,차대차 - 측면충돌,중앙선침범,젖음/습기,맑음,교차로 - 교차로부근,승용,남,36세,상해없음,화물,남,68세,경상
2017012100100185,2017년 1월 21일 10시,토요일,충청북도 청주시 흥덕구 휴암동,경상사고,0,0,4,0,차대차 - 추돌,안전운전불이행,건조,맑음,교차로 - 교차로안,승용,남,57세,상해없음,승용,여,34세,경상
2017012100100238,2017년 1월 21일 12시,토요일,충청북도 청주시 서원구 장암동,경상사고,0,0,1,0,차대차 - 측면충돌,안전운전불이행,건조,흐림,단일로 - 기타,이륜,남,22세,경상,화물,남,51세,상해없음
2017012100100279,2017년 1월 21일 14시,토요일,충청북도 청주시 청원구 오창읍,경상사고,0,0,2,0,차대차 - 기타,신호위반,건조,맑음,교차로 - 교차로안,화물,남,79세,경상,화물,남,53세,경상
2017012100100280,2017년 1월 21일 14시,토요일,충청북도 청주시 상당구 탑동,중상사고,0,1,0,0,차대차 - 측면충돌,직진우회전진행방해,건조,맑음,교차로 - 교차로안,승용,여,40세,상해없음,이륜,남,30세,중상
2017012100100303,2017년 1월 21일 15시,토요일,충청북도 단양군 가곡면,경상사고,0,0,1,0,차량단독 - 도로외이탈 - 추락,안전운전불이행,적설,맑음,기타 - 기타,승용,남,45세,상해없음,,,,
2017012100100350,2017년 1월 21일 17시,토요일,충청북도 청주시 서원구 현도면,경상사고,0,0,3,0,차대차 - 측면충돌,차로위반,건조,맑음,단일로 - 기타,승용,남,46세,경상,승합,남,69세,경상
2017012100100394,2017년 1월 21일 18시,토요일,충청북도 충주시 금릉동,중상사고,0,1,1,0,차대사람 - 횡단중,보행자보호의무위반,건조,맑음,교차로 - 교차로횡단보도내,승용,남,42세,상해없음,보행자,여,32세,중상
2017012100100395,2017년 1월 21일 18시,토요일,충청북도 충주시 성내동,경상사고,0,0,2,1,차대차 - 기타,직진우회전진행방해,건조,맑음,교차로 - 교차로안,이륜,남,21세,부상신고,승용,남,46세,경상
2017012100100396,2017년 1월 21일 18시,토요일,충청북도 옥천군 옥천읍,경상사고,0,0,2,0,차대차 - 추돌,안전운전불이행,건조,맑음,교차로 - 교차로부근,승합,남,66세,경상,승용,남,50세,상해없음
2017012100100421,2017년 1월 21일 19시,토요일,충청북도 청주시 흥덕구 오송읍,중상사고,0,1,2,0,차대차 - 기타,안전운전불이행,건조,흐림,교차로 - 교차로부근,승용,남,43세,중상,승용,남,25세,경상
2017012100100441,2017년 1월 21일 20시,토요일,충청북도 충주시 달천동,경상사고,0,0,2,1,차량단독 - 기타,안전운전불이행,젖음/습기,흐림,단일로 - 기타,승용,남,68세,부상신고,,,,
2017012100100465,2017년 1월 21일 21시,토요일,충청북도 제천시 남천동,경상사고,0,0,1,0,차대차 - 기타,안전운전불이행,서리/결빙,흐림,단일로 - 기타,승용,남,26세,상해없음,승용,여,20세,경상
2017012100100466,2017년 1월 21일 21시,토요일,충청북도 청주시 흥덕구 봉명동,경상사고,0,0,3,0,차대차 - 측면충돌,안전운전불이행,건조,맑음,단일로 - 기타,승용,여,45세,상해없음,승용,남,36세,경상
2017012200100014,2017년 1월 22일 00시,일요일,충청북도 청주시 서원구 사창동,중상사고,0,1,1,0,차량단독 - 공작물충돌,안전운전불이행,적설,눈,단일로 - 기타,승용,남,63세,상해없음,,,,
2017012200100029,2017년 1월 22일 01시,일요일,충청북도 단양군 매포읍,경상사고,0,0,1,0,차량단독 - 공작물충돌,안전운전불이행,적설,눈,단일로 - 기타,화물,남,49세,상해없음,,,,
2017012200100102,2017년 1월 22일 07시,일요일,충청북도 청주시 흥덕구 정봉동,경상사고,0,0,1,0,차대차 - 측면충돌,중앙선침범,젖음/습기,눈,단일로 - 고가도로위,승용,남,25세,상해없음,승용,여,32세,경상
2017012200100140,2017년 1월 22일 10시,일요일,충청북도 청주시 서원구 모충동,경상사고,0,0,1,0,차대사람 - 기타,안전운전불이행,건조,맑음,교차로 - 교차로부근,승용,남,64세,상해없음,보행자,남,48세,경상
2017012200100141,2017년 1월 22일 10시,일요일,충청북도 청주시 서원구 모충동,경상사고,0,0,1,0,차대차 - 측면충돌,안전운전불이행,건조,맑음,교차로 - 교차로안,승용,남,53세,상해없음,승용,남,32세,경상
2017012200100176,2017년 1월 22일 12시,일요일,충청북도 충주시 연수동,경상사고,0,0,1,1,차대차 - 기타,중앙선침범,건조,맑음,교차로 - 교차로부근,승용,여,64세,부상신고,승용,남,66세,상해없음
2017012200100177,2017년 1월 22일 12시,일요일,충청북도 제천시 수산면,사망사고,1,1,0,0,차량단독 - 전도전복 - 전도,안전운전불이행,적설,맑음,기타 - 기타,승용,여,57세,사망,,,,
2017012200100178,2017년 1월 22일 12시,일요일,충청북도 진천군 진천읍,경상사고,0,0,4,0,차대차 - 추돌,안전운전불이행,건조,맑음,교차로 - 교차로부근,승합,남,49세,상해없음,승용,남,25세,경상
2017012200100251,2017년 1월 22일 15시,일요일,충청북도 청주시 청원구 율량동,경상사고,0,0,1,0,차대사람 - 길가장자리구역통행중,안전운전불이행,적설,흐림,교차로 - 교차로부근,승용,남,51세,상해없음,보행자,여,19세,경상
2017012200100252,2017년 1월 22일 15시,일요일,충청북도 청주시 흥덕구 가경동,경상사고,0,0,1,0,차대차 - 측면충돌,안전운전불이행,건조,맑음,교차로 - 교차로안,승용,남,31세,상해없음,승용,남,68세,상해없음
2017012200100279,2017년 1월 22일 16시,일요일,충청북도 청주시 흥덕구 가경동,중상사고,0,1,3,0,차대차 - 기타,신호위반,건조,맑음,교차로 - 교차로안,승용,여,39세,상해없음,승용,남,54세,경상
2017012200100299,2017년 1월 22일 17시,일요일,충청북도 청주시 서원구 분평동,경상사고,0,0,1,0,차대차 - 기타,안전운전불이행,건조,맑음,교차로 - 교차로안,승용,남,39세,상해없음,이륜,남,39세,경상
2017012200100359,2017년 1월 22일 19시,일요일,충청북도 충주시 연수동,중상사고,0,1,0,0,차대차 - 기타,안전운전불이행,건조,맑음,단일로 - 기타,승용,남,62세,상해없음,원동기,남,18세,중상
2017012200100360,2017년 1월 22일 19시,일요일,충청북도 청주시 서원구 수곡동,중상사고,0,1,0,1,차대사람 - 횡단중,안전운전불이행,건조,맑음,단일로 - 기타,이륜,남,20세,부상신고,보행자,여,50세,중상
2017012200100361,2017년 1월 22일 19시,일요일,충청북도 청주시 상당구 북문로1가동,경상사고,0,0,1,0,차대차 - 기타,안전운전불이행,건조,맑음,교차로 - 교차로안,승용,남,28세,상해없음,승용,남,54세,경상
2017012200100383,2017년 1월 22일 20시,일요일,충청북도 청주시 서원구 미평동,중상사고,0,2,0,0,차대차 - 추돌,안전거리미확보,젖음/습기,눈,교차로 - 교차로부근,승용,남,60세,상해없음,승용,남,47세,중상
2017012200100405,2017년 1월 22일 21시,일요일,충청북도 청주시 흥덕구 가경동,사망사고,1,0,0,0,차대사람 - 횡단중,기타,서리/결빙,맑음,단일로 - 기타,승합,남,57세,상해없음,보행자,남,18세,사망
2017012200100430,2017년 1월 22일 22시,일요일,충청북도 청주시 흥덕구 신봉동,경상사고,0,0,1,0,차대차 - 기타,안전운전불이행,젖음/습기,맑음,단일로 - 기타,승용,남,57세,상해없음,승용,남,43세,경상
2017012200100431,2017년 1월 22일 22시,일요일,충청북도 청주시 흥덕구 봉명동,경상사고,0,0,4,0,차대차 - 기타,신호위반,건조,맑음,교차로 - 교차로안,원동기,남,19세,상해없음,승용,남,55세,상해없음
2017012200100448,2017년 1월 22일 23시,일요일,충청북도 청주시 서원구 분평동,경상사고,0,0,6,0,차대차 - 추돌,안전운전불이행,건조,맑음,단일로 - 기타,승용,남,28세,상해없음,승용,남,28세,경상
2017012300100054,2017년 1월 23일 05시,월요일,충청북도 청주시 청원구 주중동,중상사고,0,3,2,0,차량단독 - 공작물충돌,안전운전불이행,서리/결빙,기타,단일로 - 기타,승합,남,60세,중상,,,,
2017012300100117,2017년 1월 23일 08시,월요일,충청북도 청주시 청원구 오창읍,경상사고,0,0,1,0,차대차 - 기타,안전운전불이행,건조,맑음,단일로 - 기타,화물,남,53세,상해없음,승용,여,24세,경상
2017012300100118,2017년 1월 23일 08시,월요일,충청북도 충주시 칠금동,경상사고,0,0,2,0,차대차 - 기타,안전운전불이행,젖음/습기,흐림,단일로 - 기타,승용,남,46세,상해없음,승용,여,33세,경상
2017012300100119,2017년 1월 23일 08시,월요일,충청북도 괴산군 괴산읍,중상사고,0,2,1,0,차대차 - 측면충돌,신호위반,젖음/습기,흐림,교차로 - 교차로안,승합,남,28세,상해없음,화물,남,65세,경상
2017012300100155,2017년 1월 23일 09시,월요일,충청북도 음성군 금왕읍,중상사고,0,1,1,0,차대차 - 측면충돌,안전운전불이행,건조,맑음,단일로 - 기타,화물,남,54세,경상,승용,남,29세,중상
2017012300100190,2017년 1월 23일 10시,월요일,충청북도 충주시 문화동,경상사고,0,0,1,0,차대사람 - 기타,기타,건조,맑음,단일로 - 기타,승용,남,50세,상해없음,보행자,여,56세,경상
2017012300100191,2017년 1월 23일 10시,월요일,충청북도 청주시 서원구 분평동,경상사고,0,0,1,0,차대차 - 후진중충돌,안전운전불이행,건조,맑음,단일로 - 기타,승용,여,59세,상해없음,승용,남,56세,경상
2017012300100222,2017년 1월 23일 11시,월요일,충청북도 제천시 중앙로2가,중상사고,0,1,0,0,차대사람 - 횡단중,안전운전불이행,건조,맑음,교차로 - 교차로안,화물,남,59세,상해없음,보행자,여,75세,중상
2017012300100258,2017년 1월 23일 12시,월요일,충청북도 제천시 중앙로1가,경상사고,0,0,1,0,차대차 - 측면충돌,신호위반,건조,맑음,교차로 - 교차로부근,승용,여,47세,상해없음,승용,남,48세,경상
2017012300100259,2017년 1월 23일 12시,월요일,충청북도 청주시 서원구 현도면,경상사고,0,0,1,0,차대차 - 정면충돌,안전운전불이행,서리/결빙,맑음,단일로 - 기타,승용,여,44세,상해없음,화물,남,41세,경상
2017012300100297,2017년 1월 23일 13시,월요일,충청북도 청주시 서원구 남이면,경상사고,0,0,4,0,차대차 - 추돌,안전운전불이행,건조,맑음,단일로 - 기타,승용,남,29세,상해없음,승용,남,47세,경상
2017012300100336,2017년 1월 23일 14시,월요일,충청북도 충주시 칠금동,경상사고,0,0,1,0,차대차 - 기타,안전운전불이행,건조,맑음,단일로 - 기타,승용,남,61세,상해없음,원동기,남,43세,경상
2017012300100337,2017년 1월 23일 14시,월요일,충청북도 청주시 흥덕구 신촌동,경상사고,0,0,2,1,차대차 - 추돌,안전운전불이행,건조,맑음,교차로 - 교차로부근,승용,여,60세,부상신고,승용,남,31세,경상
2017012300100385,2017년 1월 23일 15시,월요일,충청북도 충주시 문화동,중상사고,0,1,0,0,차대사람 - 횡단중,안전운전불이행,건조,흐림,교차로 - 교차로부근,승용,남,35세,상해없음,보행자,여,77세,중상
2017012300100386,2017년 1월 23일 15시,월요일,충청북도 청주시 흥덕구 신봉동,경상사고,0,0,1,0,차대사람 - 횡단중,보행자보호의무위반,건조,맑음,교차로 - 교차로안,승용,남,69세,상해없음,보행자,여,48세,경상
2017012300100435,2017년 1월 23일 16시,월요일,충청북도 음성군 삼성면,경상사고,0,0,1,0,차량단독 - 전도전복,안전운전불이행,서리/결빙,맑음,단일로 - 기타,승용,남,56세,경상,미분류,미분류,미분류,미분류
2017012300100436,2017년 1월 23일 16시,월요일,충청북도 진천군 덕산면,경상사고,0,0,3,0,차대차 - 추돌,안전운전불이행,건조,맑음,교차로 - 교차로부근,승합,남,22세,상해없음,승용,여,38세,경상
2017012300100484,2017년 1월 23일 17시,월요일,충청북도 제천시 장락동,중상사고,0,1,0,0,차대차 - 측면충돌,안전운전불이행,건조,맑음,교차로 - 교차로안,승용,남,50세,상해없음,이륜,남,48세,중상
2017012300100517,2017년 1월 23일 18시,월요일,충청북도 청주시 흥덕구 가경동,경상사고,0,0,1,0,차대차 - 기타,안전운전불이행,건조,맑음,단일로 - 기타,이륜,남,41세,상해없음,이륜,남,21세,경상
2017012300100518,2017년 1월 23일 18시,월요일,충청북도 청주시 상당구 용암동,경상사고,0,0,1,0,차대차 - 추돌,교차로운행방법위반,건조,맑음,교차로 - 교차로안,승용,남,29세,상해없음,이륜,남,17세,경상
2017012300100624,2017년 1월 23일 21시,월요일,충청북도 제천시 청전동,경상사고,0,0,4,0,차대차 - 추돌,안전운전불이행,건조,맑음,교차로 - 교차로안,승용,남,24세,상해없음,승용,남,48세,경상
2017012300100625,2017년 1월 23일 21시,월요일,충청북도 진천군 초평면,경상사고,0,0,3,0,차대차 - 추돌,안전운전불이행,건조,맑음,교차로 - 교차로안,승용,남,36세,상해없음,승용,남,35세,경상
2017012300100652,2017년 1월 23일 22시,월요일,충청북도 제천시 청전동,경상사고,0,0,1,0,차대차 - 측면충돌,안전거리미확보,건조,맑음,단일로 - 기타,승용,남,40세,상해없음,승용,남,60세,경상
2017012300100676,2017년 1월 23일 23시,월요일,충청북도 청주시 서원구 산남동,중상사고,0,1,2,0,차량단독 - 전도전복,안전운전불이행,서리/결빙,맑음,단일로 - 기타,승용,남,21세,경상,미분류,미분류,미분류,미분류
2017012300100677,2017년 1월 23일 23시,월요일,충청북도 청주시 상당구 영운동,중상사고,0,3,0,0,차대차 - 측면충돌,신호위반,건조,맑음,교차로 - 교차로안,승용,남,30세,상해없음,승용,남,57세,중상
2017012400100034,2017년 1월 24일 00시,화요일,충청북도 청주시 흥덕구 휴암동,경상사고,0,0,1,0,차대차 - 측면충돌,신호위반,건조,맑음,교차로 - 교차로안,승용,남,44세,상해없음,승용,남,48세,경상
2017012400100063,2017년 1월 24일 03시,화요일,충청북도 청주시 서원구 남이면,중상사고,0,1,1,0,차대차 - 정면충돌,신호위반,건조,맑음,교차로 - 교차로안,승용,여,42세,상해없음,화물,남,58세,경상
2017012400100078,2017년 1월 24일 05시,화요일,충청북도 청주시 흥덕구 송정동,부상신고사고,0,0,0,1,차대차 - 측면충돌,안전운전불이행,건조,맑음,교차로 - 교차로안,승용,여,63세,상해없음,자전거,남,30세,부상신고
2017012400100094,2017년 1월 24일 06시,화요일,충청북도 청주시 흥덕구 강내면,경상사고,0,0,1,0,차대차 - 측면충돌,신호위반,건조,맑음,교차로 - 교차로안,승용,여,51세,상해없음,승용,여,24세,경상
2017012400100111,2017년 1월 24일 07시,화요일,충청북도 청주시 청원구 오동동,중상사고,0,1,4,0,차대차 - 추돌,안전운전불이행,건조,흐림,단일로 - 기타,승용,남,38세,경상,승용,남,28세,경상