사고번호,사고일시,요일,시군구,사고내용,사망자수,중상자수,경상자수,부상신고자수,사고유형,법규위반,노면상태,기상상태,도로형태,가해운전자 차종,가해운전자 성별,가해운전자 연령,가해운전자 상해정도,피해운전자 차종,피해운전자 성별,피해운전자 연령,피해운전자 상해정도
2017012400100112,2017년 1월 24일 07시,화요일,충청북도 청주시 청원구 주중동,경상사고,0,0,2,0,차대차 - 기타,교차로운행방법위반,건조,흐림,교차로 - 교차로안,승용,남,64세,경상,승용,남,69세,경상
2017012400100113,2017년 1월 24일 07시,화요일,충청북도 청주시 상당구 용암동,경상사고,0,0,1,0,차대차 - 기타,안전운전불이행,건조,맑음,단일로 - 기타,화물,남,51세,경상,승용,여,25세,기타불명
2017012400100137,2017년 1월 24일 08시,화요일,충청북도 진천군 덕산면,중상사고,0,1,0,0,차대차 - 추돌,안전거리미확보,서리/결빙,맑음,단일로 - 교량,화물,남,41세,상해없음,승용,여,41세,중상
2017012400100138,2017년 1월 24일 08시,화요일,충청북도 청주시 흥덕구 오송읍,경상사고,0,0,1,0,차대차 - 기타,교차로운행방법위반,건조,맑음,교차로 - 교차로안,화물,남,36세,상해없음,승용,여,40세,경상
2017012400100209,2017년 1월 24일 10시,화요일,충청북도 청주시 서원구 개신동,경상사고,0,0,2,0,차대차 - 측면충돌,차로위반,건조,맑음,단일로 - 기타,승용,남,62세,경상,승용,남,42세,경상
2017012400100252,2017년 1월 24일 11시,화요일,충청북도 청주시 청원구 오창읍,경상사고,0,0,1,0,차대차 - 측면충돌,교차로운행방법위반,건조,맑음,교차로 - 교차로안,승용,남,64세,상해없음,승용,남,52세,경상
2017012400100253,2017년 1월 24일 11시,화요일,충청북도 음성군 감곡면,중상사고,0,1,0,0,차대차 - 기타,차로위반,건조,맑음,단일로 - 기타,화물,남,47세,상해없음,승용,남,41세,상해없음
2017012400100254,2017년 1월 24일 11시,화요일,충청북도 진천군 진천읍,경상사고,0,0,1,0,차대차 - 추돌,안전운전불이행,건조,맑음,단일로 - 기타,화물,남,63세,상해없음,승용,남,69세,경상
2017012400100255,2017년 1월 24일 11시,화요일,충청북도 청주시 서원구 산남동,중상사고,0,2,1,0,차대차 - 추돌,안전운전불이행,건조,맑음,단일로 - 기타,승용,여,43세,상해없음,승용,여,33세,경상
2017012400100288,2017년 1월 24일 12시,화요일,충청북도 진천군 초평면,경상사고,0,0,1,0,차대차 - 기타,안전운전불이행,건조,맑음,단일로 - 기타,승용,여,52세,경상,승용,남,35세,상해없음
2017012400100403,2017년 1월 24일 15시,화요일,충청북도 청주시 서원구 사창동,경상사고,0,0,1,0,차대사람 - 횡단중,안전운전불이행,건조,맑음,교차로 - 교차로안,승용,남,68세,상해없음,보행자,여,47세,경상
2017012400100404,2017년 1월 24일 15시,화요일,충청북도 음성군 음성읍,중상사고,0,1,0,0,차대차 - 측면충돌,교차로운행방법위반,건조,맑음,교차로 - 교차로안,승용,남,33세,상해없음,농기계,남,80세,중상
2017012400100405,2017년 1월 24일 15시,화요일,충청북도 청주시 흥덕구 가경동,경상사고,0,0,1,0,차대사람 - 횡단중,보행자보호의무위반,건조,맑음,교차로 - 교차로횡단보도내,승용,여,59세,상해없음,보행자,여,31세,경상
2017012400100406,2017년 1월 24일 15시,화요일,충청북도 청주시 상당구 용암동,경상사고,0,0,1,0,차대차 - 측면충돌,안전운전불이행,건조,맑음,단일로 - 기타,승용,남,64세,상해없음,승용,남,66세,경상
2017012400100488,2017년 1월 24일 17시,화요일,충청북도 청주시 흥덕구 봉명동,경상사고,0,0,1,0,차대사람 - 횡단중,보행자보호의무위반,건조,맑음,단일로 - 기타,승합,남,67세,상해없음,보행자,남,14세,경상
2017012400100542,2017년 1월 24일 18시,화요일,충청북도 충주시 문화동,경상사고,0,0,3,0,차대차 - 측면충돌,안전운전불이행,건조,맑음,단일로 - 기타,승용,남,31세,상해없음,승용,여,46세,경상
2017012400100543,2017년 1월 24일 18시,화요일,충청북도 제천시 중앙로2가,중상사고,0,1,0,0,차대사람 - 횡단중,안전운전불이행,건조,흐림,단일로 - 기타,승용,여,33세,상해없음,보행자,남,64세,중상
2017012400100593,2017년 1월 24일 19시,화요일,충청북도 청주시 상당구 금천동,경상사고,0,0,1,0,차대차 - 추돌,안전운전불이행,건조,맑음,단일로 - 기타,승용,여,41세,상해없음,이륜,여,38세,경상
2017012400100646,2017년 1월 24일 20시,화요일,충청북도 청주시 청원구 내덕동,경상사고,0,0,1,0,차대사람 - 횡단중,신호위반,건조,맑음,교차로 - 교차로안,승용,여,54세,상해없음,보행자,여,52세,경상
2017012400100673,2017년 1월 24일 21시,화요일,충청북도 진천군 광혜원면,중상사고,0,2,0,0,차대사람 - 횡단중,보행자보호의무위반,건조,맑음,교차로 - 교차로횡단보도내,화물,남,64세,상해없음,보행자,남,43세,중상
2017012500100033,2017년 1월 25일 00시,수요일,충청북도 청주시 흥덕구 문암동,중상사고,0,1,0,0,차량단독 - 전도전복,안전운전불이행,건조,맑음,단일로 - 기타,승용,남,32세,중상,미분류,미분류,미분류,미분류
2017012500100060,2017년 1월 25일 02시,수요일,충청북도 청주시 흥덕구 복대동,경상사고,0,0,1,0,차대차 - 추돌,안전운전불이행,건조,맑음,교차로 - 교차로부근,승용,남,47세,상해없음,승용,남,41세,경상
2017012500100061,2017년 1월 25일 02시,수요일,충청북도 청주시 서원구 분평동,경상사고,0,0,1,0,차대차 - 측면충돌,안전운전불이행,건조,맑음,교차로 - 교차로부근,승용,남,26세,상해없음,승용,남,62세,경상
2017012500100098,2017년 1월 25일 06시,수요일,충청북도 충주시 봉방동,경상사고,0,0,1,0,차대차 - 기타,안전운전불이행,건조,맑음,단일로 - 기타,승용,남,44세,상해없음,자전거,남,82세,경상
2017012500100099,2017년 1월 25일 06시,수요일,충청북도 충주시 목행동,경상사고,0,0,2,1,차대차 - 측면충돌,안전운전불이행,서리/결빙,흐림,단일로 - 기타,승용,남,49세,부상신고,승용,남,46세,경상
2017012500100122,2017년 1월 25일 07시,수요일,충청북도 청주시 청원구 북이면,경상사고,0,0,2,0,차대차 - 추돌,안전거리미확보,서리/결빙,흐림,단일로 - 고가도로위,승용,남,60세,상해없음,화물,남,27세,경상
2017012500100159,2017년 1월 25일 08시,수요일,충청북도 청주시 청원구 오동동,중상사고,0,1,0,0,차량단독 - 전도전복,안전운전불이행,건조,맑음,교차로 - 교차로안,승합,남,41세,중상,미분류,미분류,미분류,미분류
2017012500100160,2017년 1월 25일 08시,수요일,충청북도 충주시 연수동,경상사고,0,0,2,1,차대차 - 기타,신호위반,건조,맑음,교차로 - 교차로안,승용,여,44세,부상신고,승용,여,40세,경상
2017012500100196,2017년 1월 25일 09시,수요일,충청북도 충주시 목행동,경상사고,0,0,1,0,차대차 - 기타,차로위반,건조,맑음,단일로 - 기타,승용,여,60세,상해없음,화물,남,56세,경상
2017012500100197,2017년 1월 25일 09시,수요일,충청북도 옥천군 옥천읍,중상사고,0,1,3,0,차대차 - 기타,안전운전불이행,서리/결빙,맑음,단일로 - 기타,승용,남,46세,경상,승합,남,28세,경상
2017012500100198,2017년 1월 25일 09시,수요일,충청북도 청주시 흥덕구 봉명동,중상사고,0,1,0,0,차대사람 - 횡단중,보행자보호의무위반,건조,맑음,교차로 - 교차로횡단보도내,승용,여,33세,상해없음,보행자,여,60세,중상
2017012500100339,2017년 1월 25일 13시,수요일,충청북도 청주시 상당구 용정동,경상사고,0,0,1,2,차대차 - 추돌,안전운전불이행,건조,맑음,교차로 - 교차로부근,화물,남,47세,상해없음,화물,남,43세,경상
2017012500100373,2017년 1월 25일 14시,수요일,충청북도 음성군 금왕읍,경상사고,0,0,2,0,차대차 - 정면충돌,안전운전불이행,서리/결빙,맑음,단일로 - 기타,승용,여,67세,경상,승용,남,42세,경상
2017012500100374,2017년 1월 25일 14시,수요일,충청북도 청주시 흥덕구 송절동,중상사고,0,1,2,0,차대차 - 측면충돌,신호위반,건조,맑음,교차로 - 교차로안,승용,여,54세,중상,승용,남,57세,경상
2017012500100375,2017년 1월 25일 14시,수요일,충청북도 청주시 흥덕구 송정동,경상사고,0,0,1,0,차대차 - 측면충돌,안전운전불이행,건조,맑음,교차로 - 교차로안,승용,남,27세,상해없음,자전거,남,75세,경상
2017012500100376,2017년 1월 25일 14시,수요일,충청북도 청주시 상당구 석교동,경상사고,0,0,1,0,차대차 - 기타,차로위반,건조,맑음,교차로 - 교차로부근,승용,남,55세,상해없음,원동기,남,49세,경상
2017012500100418,2017년 1월 25일 15시,수요일,충청북도 충주시 신니면,중상사고,0,1,0,0,차대차 - 기타,안전운전불이행,건조,맑음,단일로 - 기타,승용,남,45세,상해없음,원동기,남,84세,중상
2017012500100419,2017년 1월 25일 15시,수요일,충청북도 영동군 영동읍,중상사고,0,1,0,0,차대차 - 기타,안전운전불이행,건조,맑음,교차로 - 교차로안,화물,여,60세,상해없음,이륜,남,77세,중상
2017012500100456,2017년 1월 25일 16시,수요일,충청북도 충주시 교현동,부상신고사고,0,0,0,1,차대차 - 측면충돌,안전운전불이행,건조,맑음,교차로 - 교차로부근,원동기,여,68세,부상신고,승용,남,59세,상해없음
2017012500100457,2017년 1월 25일 16시,수요일,충청북도 증평군 증평읍,경상사고,0,0,1,0,차대차 - 측면충돌,안전운전불이행,건조,맑음,단일로 - 기타,이륜,남,56세,경상,승합,남,46세,상해없음
2017012500100458,2017년 1월 25일 16시,수요일,충청북도 청주시 상당구 금천동,경상사고,0,0,1,0,차대차 - 측면충돌,안전운전불이행,건조,맑음,주차장 - 주차장,승용,여,41세,상해없음,승용,남,53세,경상
2017012500100563,2017년 1월 25일 18시,수요일,충청북도 제천시 하소동,중상사고,0,1,0,0,차대사람 - 횡단중,안전운전불이행,건조,맑음,교차로 - 교차로부근,승용,여,44세,상해없음,보행자,남,73세,중상
2017012500100629,2017년 1월 25일 19시,수요일,충청북도 충주시 연수동,경상사고,0,0,1,0,차대사람 - 횡단중,안전운전불이행,건조,맑음,교차로 - 교차로안,승용,남,53세,상해없음,보행자,여,56세,경상
2017012500100630,2017년 1월 25일 19시,수요일,충청북도 진천군 초평면,중상사고,0,1,2,0,차대차 - 추돌,안전운전불이행,건조,맑음,교차로 - 교차로부근,승용,남,46세,상해없음,승용,여,47세,경상
2017012500100631,2017년 1월 25일 19시,수요일,충청북도 청주시 흥덕구 가경동,경상사고,0,0,3,0,차대차 - 기타,안전거리미확보,건조,맑음,단일로 - 기타,화물,남,55세,상해없음,승용,여,34세,경상
2017012500100632,2017년 1월 25일 19시,수요일,충청북도 청주시 상당구 남일면,경상사고,0,0,1,0,차대차 - 추돌,안전운전불이행,건조,맑음,단일로 - 기타,승용,남,43세,상해없음,승용,남,34세,경상
2017012500100678,2017년 1월 25일 20시,수요일,충청북도 청주시 서원구 죽림동,경상사고,0,0,1,0,차대차 - 측면충돌,안전운전불이행,건조,맑음,교차로 - 교차로부근,승용,남,50세,상해없음,승용,여,32세,경상
2017012500100679,2017년 1월 25일 20시,수요일,충청북도 청주시 상당구 남문로1가동,경상사고,0,0,1,0,차대사람 - 횡단중,안전운전불이행,건조,맑음,단일로 - 기타,승용,남,60세,상해없음,보행자,남,36세,경상
2017012500100781,2017년 1월 25일 23시,수요일,충청북도 청주시 흥덕구 복대동,경상사고,0,0,1,0,차대차 - 측면충돌,교차로운행방법위반,건조,맑음,교차로 - 교차로안,승용,남,34세,상해없음,승용,여,33세,경상
2017012600100106,2017년 1월 26일 06시,목요일,충청북도 제천시 강제동,중상사고,0,1,0,0,차대사람 - 횡단중,보행자보호의무위반,젖음/습기,맑음,교차로 - 교차로안,특수,남,62세,상해없음,보행자,남,22세,중상
2017012600100158,2017년 1월 26일 08시,목요일,충청북도 청주시 흥덕구 비하동,경상사고,0,0,1,0,차대차 - 기타,교차로운행방법위반,건조,맑음,교차로 - 교차로안,승용,남,47세,상해없음,승용,남,35세,경상
2017012600100183,2017년 1월 26일 09시,목요일,충청북도 충주시 금릉동,중상사고,0,2,0,0,차대차 - 정면충돌,중앙선침범,건조,맑음,단일로 - 기타,승용,남,44세,중상,승용,남,52세,중상
2017012600100184,2017년 1월 26일 09시,목요일,충청북도 음성군 감곡면,경상사고,0,0,2,0,차대차 - 측면충돌,교차로운행방법위반,건조,맑음,교차로 - 교차로안,승용,여,45세,경상,승용,남,47세,경상
2017012600100228,2017년 1월 26일 10시,목요일,충청북도 음성군 대소면,경상사고,0,0,2,0,차대차 - 측면충돌,교차로운행방법위반,건조,맑음,교차로 - 교차로안,승용,남,43세,경상,승용,남,59세,경상
2017012600100229,2017년 1월 26일 10시,목요일,충청북도 청주시 서원구 현도면,중상사고,0,2,0,0,차대차 - 측면충돌,교차로운행방법위반,건조,맑음,교차로 - 교차로안,건설기계,남,44세,중상,화물,남,54세,중상
2017012600100295,2017년 1월 26일 12시,목요일,충청북도 청주시 서원구 개신동,경상사고,0,0,1,0,차대차 - 기타,안전운전불이행,건조,맑음,교차로 - 교차로안,승용,여,49세,상해없음,자전거,여,64세,경상
2017012600100296,2017년 1월 26일 12시,목요일,충청북도 청주시 흥덕구 석곡동,경상사고,0,0,2,0,차대차 - 측면충돌,교차로운행방법위반,건조,맑음,교차로 - 교차로안,승용,남,59세,경상,승용,남,26세,경상
2017012600100297,2017년 1월 26일 12시,목요일,충청북도 청주시 상당구 영운동,중상사고,0,1,0,0,차대사람 - 횡단중,안전운전불이행,건조,맑음,단일로 - 기타,승용,여,44세,상해없음,보행자,여,76세,중상
2017012600100332,2017년 1월 26일 13시,목요일,충청북도 청주시 상당구 수동,중상사고,0,1,2,0,차대차 - 측면충돌,교차로운행방법위반,건조,맑음,교차로 - 교차로안,화물,남,65세,경상,승용,남,55세,중상
2017012600100333,2017년 1월 26일 13시,목요일,충청북도 충주시 금릉동,중상사고,0,2,0,0,차대차 - 정면충돌,신호위반,건조,맑음,교차로 - 교차로안,승용,남,61세,상해없음,승용,남,62세,중상
2017012600100334,2017년 1월 26일 13시,목요일,충청북도 청주시 흥덕구 외북동,경상사고,0,0,1,0,차대차 - 추돌,신호위반,건조,맑음,교차로 - 교차로안,승용,남,77세,상해없음,이륜,남,19세,경상
2017012600100335,2017년 1월 26일 13시,목요일,충청북도 청주시 상당구 용암동,경상사고,0,0,1,0,차대사람 - 횡단중,안전운전불이행,건조,맑음,교차로 - 교차로안,승용,남,47세,상해없음,보행자,남,9세,경상
2017012600100387,2017년 1월 26일 14시,목요일,충청북도 괴산군 불정면,중상사고,0,2,0,0,차대차 - 측면충돌,신호위반,건조,맑음,교차로 - 교차로안,화물,남,61세,상해없음,승합,남,50세,중상
2017012600100388,2017년 1월 26일 14시,목요일,충청북도 청주시 흥덕구 운천동,중상사고,0,1,0,0,차대사람 - 횡단중,신호위반,건조,맑음,교차로 - 교차로횡단보도내,승용,남,42세,상해없음,보행자,남,44세,중상
2017012600100389,2017년 1월 26일 14시,목요일,충청북도 청주시 상당구 석교동,경상사고,0,0,1,0,차대차 - 추돌,안전운전불이행,건조,맑음,교차로 - 교차로부근,승용,남,51세,상해없음,승용,남,59세,경상
2017012600100438,2017년 1월 26일 15시,목요일,충청북도 제천시 영천동,중상사고,0,1,1,0,차대차 - 정면충돌,안전거리미확보,건조,맑음,교차로 - 교차로안,승용,남,69세,경상,승합,남,39세,중상
2017012600100439,2017년 1월 26일 15시,목요일,충청북도 단양군 단양읍,경상사고,0,0,1,0,차대사람 - 횡단중,보행자보호의무위반,건조,맑음,교차로 - 교차로안,화물,남,60세,상해없음,보행자,남,35세,경상
2017012600100497,2017년 1월 26일 16시,목요일,충청북도 청주시 흥덕구 신봉동,중상사고,0,1,0,0,차대차 - 측면충돌,신호위반,건조,맑음,교차로 - 교차로부근,승용,여,56세,상해없음,이륜,남,26세,중상
2017012600100498,2017년 1월 26일 16시,목요일,충청북도 청주시 흥덕구 운천동,경상사고,0,0,1,0,차대차 - 기타,교차로운행방법위반,젖음/습기,맑음,교차로 - 교차로안,승용,남,52세,상해없음,이륜,남,62세,경상
2017012600100653,2017년 1월 26일 19시,목요일,충청북도 청주시 상당구 석교동,경상사고,0,0,1,0,차대차 - 측면충돌,안전운전불이행,건조,맑음,교차로 - 교차로부근,승용,남,59세,상해없음,승용,여,59세,경상
2017012600100741,2017년 1월 26일 21시,목요일,충청북도 청주시 흥덕구 가경동,경상사고,0,0,1,0,차대차 - 측면충돌,안전운전불이행,건조,맑음,교차로 - 교차로안,승용,여,31세,상해없음,승합,남,59세,경상
2017012700100025,2017년 1월 27일 00시,금요일,충청북도 음성군 금왕읍,경상사고,0,0,1,0,차대차 - 측면충돌,안전운전불이행,젖음/습기,맑음,교차로 - 교차로안,원동기,남,34세,경상,승용,남,54세,상해없음
2017012700100058,2017년 1월 27일 01시,금요일,충청북도 제천시 청전동,경상사고,0,0,2,0,차대차 - 추돌,안전운전불이행,젖음/습기,흐림,교차로 - 교차로부근,승용,여,28세,상해없음,승용,남,35세,경상
2017012700100059,2017년 1월 27일 01시,금요일,충청북도 음성군 금왕읍,경상사고,0,0,1,0,차량단독 - 전도전복 - 전도,중앙선침범,서리/결빙,흐림,단일로 - 기타,승용,남,20세,경상,,,,
2017012700100076,2017년 1월 27일 02시,금요일,충청북도 청주시 흥덕구 봉명동,경상사고,0,0,1,0,차대사람 - 길가장자리구역통행중,안전운전불이행,건조,맑음,교차로 - 교차로부근,승용,남,30세,상해없음,보행자,남,27세,경상
2017012700100135,2017년 1월 27일 07시,금요일,충청북도 청주시 청원구 우암동,중상사고,0,1,0,0,차대사람 - 횡단중,안전운전불이행,건조,맑음,교차로 - 교차로안,승용,남,48세,상해없음,보행자,남,71세,중상
2017012700100157,2017년 1월 27일 09시,금요일,충청북도 청주시 청원구 내덕동,경상사고,0,0,1,0,차대사람 - 횡단중,보행자보호의무위반,건조,맑음,교차로 - 교차로횡단보도내,승용,여,32세,상해없음,보행자,남,73세,경상
2017012700100158,2017년 1월 27일 09시,금요일,충청북도 영동군 영동읍,중상사고,0,1,0,0,차대차 - 기타,안전운전불이행,건조,맑음,교차로 - 교차로안,화물,남,52세,상해없음,이륜,남,75세,중상
2017012700100159,2017년 1월 27일 09시,금요일,충청북도 단양군 매포읍,중상사고,0,2,0,0,차대차 - 측면충돌,안전운전불이행,서리/결빙,맑음,단일로 - 기타,승용,남,59세,상해없음,화물,남,42세,기타불명
2017012700100173,2017년 1월 27일 10시,금요일,충청북도 충주시 앙성면,경상사고,0,0,1,1,차대차 - 측면충돌,안전운전불이행,서리/결빙,맑음,단일로 - 기타,승용,남,64세,부상신고,화물,남,55세,경상
2017012700100174,2017년 1월 27일 10시,금요일,충청북도 괴산군 감물면,중상사고,0,1,3,1,차량단독 - 기타,안전운전불이행,서리/결빙,흐림,교차로 - 교차로안,화물,남,52세,경상,,,,
2017012700100175,2017년 1월 27일 10시,금요일,충청북도 청주시 서원구 장암동,사망사고,1,0,1,0,차대사람 - 횡단중,안전운전불이행,서리/결빙,맑음,단일로 - 기타,승용,여,25세,상해없음,보행자,남,73세,사망
2017012700100195,2017년 1월 27일 11시,금요일,충청북도 음성군 감곡면,경상사고,0,0,2,0,차대차 - 측면충돌,차로위반,건조,맑음,단일로 - 기타,승용,여,45세,경상,승용,남,61세,경상
2017012700100196,2017년 1월 27일 11시,금요일,충청북도 진천군 이월면,경상사고,0,0,1,0,차대차 - 측면충돌,직진우회전진행방해,건조,맑음,교차로 - 교차로안,승용,남,68세,상해없음,승용,남,41세,상해없음
2017012700100221,2017년 1월 27일 12시,금요일,충청북도 괴산군 사리면,중상사고,0,2,4,0,차대차 - 측면충돌,직진우회전진행방해,서리/결빙,맑음,교차로 - 교차로안,승합,남,50세,상해없음,승용,남,43세,경상
2017012700100222,2017년 1월 27일 12시,금요일,충청북도 보은군 보은읍,경상사고,0,0,1,0,차대사람 - 횡단중,안전운전불이행,젖음/습기,맑음,단일로 - 기타,승용,남,22세,상해없음,보행자,여,44세,경상
2017012700100223,2017년 1월 27일 12시,금요일,충청북도 청주시 서원구 수곡동,경상사고,0,0,1,0,차대사람 - 횡단중,안전운전불이행,건조,맑음,단일로 - 기타,승용,남,45세,상해없음,보행자,남,48세,경상
2017012700100279,2017년 1월 27일 14시,금요일,충청북도 청주시 청원구 오창읍,경상사고,0,0,3,0,차량단독 - 공작물충돌,안전운전불이행,서리/결빙,맑음,단일로 - 기타,승용,여,46세,경상,,,,
2017012700100297,2017년 1월 27일 15시,금요일,충청북도 충주시 소태면,중상사고,0,1,1,0,차량단독 - 전도전복,안전운전불이행,서리/결빙,흐림,단일로 - 기타,승용,남,41세,중상,미분류,미분류,미분류,미분류
2017012700100317,2017년 1월 27일 16시,금요일,충청북도 청주시 청원구 율량동,경상사고,0,0,1,0,차대차 - 정면충돌,신호위반,건조,맑음,교차로 - 교차로안,승용,남,70세,상해없음,화물,남,30세,경상
2017012700100318,2017년 1월 27일 16시,금요일,충청북도 청주시 흥덕구 옥산면,중상사고,0,1,0,0,차대차 - 측면충돌,교차로운행방법위반,건조,맑음,교차로 - 교차로안,승용,남,56세,상해없음,승용,여,26세,중상
2017012700100366,2017년 1월 27일 18시,금요일,충청북도 제천시 청전동,경상사고,0,0,1,0,차대차 - 측면충돌,기타,건조,흐림,교차로 - 교차로안,화물,남,53세,상해없음,이륜,남,17세,경상
2017012700100367,2017년 1월 27일 18시,금요일,충청북도 청주시 흥덕구 강내면,경상사고,0,0,1,0,차대차 - 기타,차로위반,건조,맑음,단일로 - 기타,승용,여,37세,기타불명,승용,여,31세,경상
2017012700100416,2017년 1월 27일 20시,금요일,충청북도 괴산군 괴산읍,사망사고,1,0,0,0,차대사람 - 횡단중,안전운전불이행,건조,맑음,교차로 - 교차로부근,승용,남,48세,상해없음,보행자,남,49세,사망
2017012700100417,2017년 1월 27일 20시,금요일,충청북도 청주시 흥덕구 비하동,경상사고,0,0,1,0,차대차 - 기타,차로위반,건조,맑음,단일로 - 기타,승용,남,52세,상해없음,승합,남,45세,상해없음
2017012700100452,2017년 1월 27일 22시,금요일,충청북도 충주시 성서동,경상사고,0,0,1,0,차대사람 - 횡단중,안전운전불이행,건조,맑음,교차로 - 교차로부근,승용,남,20세,상해없음,보행자,남,20세,경상
2017012700100466,2017년 1월 27일 23시,금요일,충청북도 충주시 호암동,경상사고,0,0,1,0,차대차 - 정면충돌,신호위반,건조,맑음,교차로 - 교차로안,승용,여,28세,상해없음,승용,남,27세,경상
2017012800100031,2017년 1월 28일 02시,토요일,충청북도 음성군 대소면,사망사고,1,0,0,0,차량단독 - 전도전복 - 전도,안전운전불이행,건조,맑음,단일로 - 기타,승용,남,39세,사망,,,,
2017012800100037,2017년 1월 28일 03시,토요일,충청북도 제천시 청전동,경상사고,0,0,1,0,차대차 - 정면충돌,안전운전불이행,서리/결빙,맑음,단일로 - 기타,승용,남,26세,상해없음,승용,남,31세,경상
2017012800100043,2017년 1월 28일 04시,토요일,충청북도 청주시 흥덕구 휴암동,경상사고,0,0,1,0,차대차 - 추돌,안전운전불이행,건조,맑음,교차로 - 교차로부근,승용,남,31세,상해없음,승용,남,54세,경상
2017012800100077,2017년 1월 28일 08시,토요일,충청북도 청주시 흥덕구 옥산면,경상사고,0,0,1,0,차대차 - 추돌,안전운전불이행,건조,맑음,단일로 - 기타,승용,여,58세,상해없음,승용,남,61세,경상
2017012800100150,2017년 1월 28일 13시,토요일,충청북도 보은군 보은읍,중상사고,0,1,0,0,차대차 - 측면충돌,교차로운행방법위반,젖음/습기,맑음,교차로 - 교차로안,승용,남,37세,상해없음,자전거,남,72세,중상
2017012800100170,2017년 1월 28일 14시,토요일,충청북도 청주시 청원구 내수읍,경상사고,0,0,5,0,차대차 - 정면충돌,안전운전불이행,건조,맑음,단일로 - 터널,승용,남,50세,경상,승용,남,38세,상해없음
2017012800100192,2017년 1월 28일 15시,토요일,충청북도 청주시 청원구 외평동,경상사고,0,0,1,0,차대차 - 기타,안전운전불이행,건조,맑음,교차로 - 교차로부근,승용,남,24세,상해없음,이륜,여,34세,경상
2017012800100209,2017년 1월 28일 16시,토요일,충청북도 괴산군 괴산읍,중상사고,0,1,3,0,차대차 - 측면충돌,안전운전불이행,건조,흐림,교차로 - 교차로안,승용,남,48세,상해없음,승용,남,37세,중상
2017012800100264,2017년 1월 28일 19시,토요일,충청북도 음성군 음성읍,중상사고,0,1,0,0,차량단독 - 전도전복 - 전도,안전운전불이행,건조,맑음,단일로 - 기타,이륜,남,46세,중상,,,,
2017012900100010,2017년 1월 29일 00시,일요일,충청북도 청주시 서원구 개신동,경상사고,0,0,2,0,차대차 - 추돌,안전운전불이행,건조,맑음,교차로 - 교차로부근,승용,남,30세,상해없음,승용,여,25세,경상
2017012900100022,2017년 1월 29일 01시,일요일,충청북도 충주시 대소원면,중상사고,0,1,1,0,차대차 - 측면충돌,안전운전불이행,건조,흐림,주차장 - 주차장,화물,남,55세,상해없음,승용,남,33세,경상
2017012900100072,2017년 1월 29일 06시,일요일,충청북도 청주시 서원구 사직동,경상사고,0,0,2,0,차대차 - 정면충돌,신호위반,건조,흐림,교차로 - 교차로안,승용,남,56세,기타불명,승용,여,55세,경상
2017012900100091,2017년 1월 29일 08시,일요일,충청북도 청주시 청원구 사천동,중상사고,0,1,0,0,차대차 - 측면충돌,신호위반,젖음/습기,흐림,교차로 - 교차로안,승합,남,60세,상해없음,화물,남,69세,중상
2017012900100114,2017년 1월 29일 10시,일요일,충청북도 충주시 호암동,경상사고,0,0,1,0,차대차 - 측면충돌,안전운전불이행,건조,맑음,교차로 - 교차로부근,승용,남,67세,상해없음,승용,남,38세,경상
2017012900100162,2017년 1월 29일 14시,일요일,충청북도 청주시 청원구 내덕동,중상사고,0,1,0,0,차대차 - 측면충돌,안전운전불이행,젖음/습기,맑음,단일로 - 기타,승용,남,21세,상해없음,자전거,남,68세,중상
2017012900100163,2017년 1월 29일 14시,일요일,충청북도 증평군 증평읍,경상사고,0,0,2,0,차대차 - 측면충돌,교차로운행방법위반,건조,흐림,교차로 - 교차로안,승합,남,50세,경상,화물,남,64세,경상
2017012900100196,2017년 1월 29일 16시,일요일,충청북도 진천군 진천읍,경상사고,0,0,1,0,차대차 - 기타,교차로운행방법위반,건조,맑음,교차로 - 교차로안,승용,여,45세,경상,승용,여,55세,상해없음
2017012900100211,2017년 1월 29일 17시,일요일,충청북도 청주시 서원구 수곡동,경상사고,0,0,1,0,차대차 - 추돌,안전운전불이행,젖음/습기,비,교차로 - 교차로부근,승용,남,55세,상해없음,승용,여,59세,경상
2017012900100239,2017년 1월 29일 18시,일요일,충청북도 영동군 심천면,사망사고,1,0,0,0,차대차 - 기타,과속,건조,맑음,단일로 - 기타,승합,남,48세,상해없음,승용,남,63세,상해없음
2017012900100240,2017년 1월 29일 18시,일요일,충청북도 보은군 보은읍,경상사고,0,0,1,0,차대사람 - 횡단중,기타,젖음/습기,비,단일로 - 기타,승용,남,36세,상해없음,보행자,남,6세,경상
2017012900100241,2017년 1월 29일 18시,일요일,충청북도 청주시 흥덕구 복대동,경상사고,0,0,1,0,차대차 - 기타,교차로운행방법위반,젖음/습기,비,교차로 - 교차로안,승용,남,54세,상해없음,원동기,남,48세,경상
2017012900100242,2017년 1월 29일 18시,일요일,충청북도 청주시 상당구 남주동,경상사고,0,0,2,0,차대차 - 측면충돌,직진우회전진행방해,젖음/습기,맑음,교차로 - 교차로안,승용,남,48세,상해없음,승용,남,32세,경상
2017012900100260,2017년 1월 29일 19시,일요일,충청북도 제천시 영천동,경상사고,0,0,1,0,차대차 - 추돌,안전운전불이행,젖음/습기,비,교차로 - 교차로안,승용,여,36세,상해없음,승용,남,38세,경상