사고번호,사고일시,요일,시군구,사고내용,사망자수,중상자수,경상자수,부상신고자수,사고유형,법규위반,노면상태,기상상태,도로형태,가해운전자 차종,가해운전자 성별,가해운전자 연령,가해운전자 상해정도,피해운전자 차종,피해운전자 성별,피해운전자 연령,피해운전자 상해정도
2017012900100261,2017년 1월 29일 19시,일요일,충청북도 단양군 가곡면,중상사고,0,1,0,0,차대차 - 추돌,안전운전불이행,서리/결빙,흐림,단일로 - 기타,승용,여,55세,상해없음,승용,남,56세,중상
2017012900100288,2017년 1월 29일 20시,일요일,충청북도 충주시 소태면,경상사고,0,0,1,0,차대차 - 기타,안전운전불이행,서리/결빙,눈,단일로 - 기타,승용,남,28세,상해없음,승용,여,60세,경상
2017012900100306,2017년 1월 29일 21시,일요일,충청북도 충주시 연수동,부상신고사고,0,0,0,1,차대사람 - 기타,안전운전불이행,건조,맑음,단일로 - 기타,기타불명,기타불명,미분류,기타불명,보행자,남,18세,부상신고
2017012900100334,2017년 1월 29일 22시,일요일,충청북도 청주시 상당구 용암동,경상사고,0,0,1,0,차량단독 - 공작물충돌,안전운전불이행,젖음/습기,비,단일로 - 기타,승용,남,46세,경상,,,,
2017012900100349,2017년 1월 29일 23시,일요일,충청북도 제천시 영천동,경상사고,0,0,2,0,차대차 - 측면충돌,안전운전불이행,적설,눈,교차로 - 교차로안,승용,남,52세,상해없음,승용,남,40세,경상
2017013000100044,2017년 1월 30일 02시,월요일,충청북도 음성군 음성읍,중상사고,0,1,0,0,차량단독 - 전도전복 - 전도,안전운전불이행,적설,눈,단일로 - 기타,승용,남,27세,중상,,,,
2017013000100087,2017년 1월 30일 07시,월요일,충청북도 청주시 흥덕구 봉명동,경상사고,0,0,2,0,차대차 - 측면충돌,안전운전불이행,건조,흐림,교차로 - 교차로안,승용,여,44세,경상,승합,남,63세,경상
2017013000100092,2017년 1월 30일 08시,월요일,충청북도 음성군 대소면,중상사고,0,1,0,0,차량단독 - 전도전복,안전운전불이행,적설,맑음,단일로 - 기타,승용,여,59세,중상,미분류,미분류,미분류,미분류
2017013000100093,2017년 1월 30일 08시,월요일,충청북도 청주시 상당구 가덕면,경상사고,0,0,2,0,차대차 - 측면충돌,중앙선침범,젖음/습기,흐림,단일로 - 기타,승용,남,52세,상해없음,승용,여,28세,경상
2017013000100144,2017년 1월 30일 12시,월요일,충청북도 청주시 흥덕구 비하동,경상사고,0,0,1,0,차대차 - 기타,교차로운행방법위반,건조,맑음,교차로 - 교차로안,승용,남,58세,상해없음,기타불명,기타불명,미분류,기타불명
2017013000100193,2017년 1월 30일 14시,월요일,충청북도 청주시 흥덕구 송정동,경상사고,0,0,2,0,차대차 - 기타,안전운전불이행,건조,맑음,교차로 - 교차로횡단보도내,원동기,남,21세,경상,승용,남,53세,경상
2017013000100243,2017년 1월 30일 16시,월요일,충청북도 충주시 봉방동,경상사고,0,0,1,0,차대차 - 기타,안전운전불이행,건조,맑음,교차로 - 교차로안,자전거,남,57세,경상,승용,남,58세,상해없음
2017013000100263,2017년 1월 30일 17시,월요일,충청북도 진천군 광혜원면,중상사고,0,1,1,0,차대사람 - 횡단중,안전운전불이행,건조,맑음,교차로 - 교차로부근,승용,여,40세,상해없음,보행자,여,16세,경상
2017013000100339,2017년 1월 30일 21시,월요일,충청북도 청주시 청원구 오창읍,경상사고,0,0,1,0,차대차 - 기타,안전운전불이행,건조,맑음,교차로 - 교차로부근,승용,남,56세,상해없음,화물,남,43세,상해없음
2017013000100340,2017년 1월 30일 21시,월요일,충청북도 청주시 상당구 탑동,중상사고,0,1,0,0,차대차 - 측면충돌,안전운전불이행,건조,맑음,교차로 - 교차로안,승용,여,44세,상해없음,승용,남,62세,중상
2017013000100378,2017년 1월 30일 23시,월요일,충청북도 진천군 광혜원면,경상사고,0,0,1,0,차대차 - 추돌,교차로운행방법위반,건조,맑음,교차로 - 교차로안,승용,남,28세,상해없음,승용,남,26세,경상
2017013100100052,2017년 1월 31일 04시,화요일,충청북도 청주시 서원구 수곡동,경상사고,0,0,1,0,차대차 - 측면충돌,신호위반,건조,맑음,교차로 - 교차로안,승용,여,52세,상해없음,승용,남,56세,경상
2017013100100107,2017년 1월 31일 09시,화요일,충청북도 충주시 교현동,경상사고,0,0,3,0,차대차 - 정면충돌,안전거리미확보,건조,맑음,단일로 - 기타,화물,남,76세,경상,승용,여,35세,경상
2017013100100108,2017년 1월 31일 09시,화요일,충청북도 청주시 서원구 분평동,경상사고,0,0,2,0,차대차 - 기타,안전운전불이행,건조,맑음,단일로 - 기타,승용,남,34세,경상,승합,남,69세,상해없음
2017013100100148,2017년 1월 31일 11시,화요일,충청북도 영동군 심천면,경상사고,0,0,3,0,차대차 - 기타,안전운전불이행,건조,맑음,기타 - 기타,승용,남,20세,상해없음,승용,남,62세,상해없음
2017013100100178,2017년 1월 31일 12시,화요일,충청북도 증평군 증평읍,중상사고,0,1,0,0,차대사람 - 횡단중,보행자보호의무위반,건조,맑음,교차로 - 교차로안,승용,여,37세,상해없음,보행자,여,69세,중상
2017013100100201,2017년 1월 31일 13시,화요일,충청북도 충주시 주덕읍,중상사고,0,1,1,0,차대차 - 측면충돌,안전운전불이행,건조,맑음,단일로 - 기타,자전거,남,70세,중상,승용,여,63세,경상
2017013100100202,2017년 1월 31일 13시,화요일,충청북도 제천시 장락동,경상사고,0,0,1,0,차대차 - 측면충돌,직진우회전진행방해,건조,맑음,교차로 - 교차로안,승용,여,56세,경상,승용,남,63세,상해없음
2017013100100203,2017년 1월 31일 13시,화요일,충청북도 청주시 서원구 분평동,경상사고,0,0,1,0,차대차 - 기타,신호위반,서리/결빙,맑음,단일로 - 기타,승용,남,36세,상해없음,승용,여,27세,경상
2017013100100300,2017년 1월 31일 16시,화요일,충청북도 청주시 흥덕구 복대동,중상사고,0,1,0,0,차대차 - 측면충돌,신호위반,건조,맑음,교차로 - 교차로안,이륜,남,17세,중상,승용,남,59세,상해없음
2017013100100354,2017년 1월 31일 18시,화요일,충청북도 제천시 강제동,경상사고,0,0,1,0,차대차 - 기타,직진우회전진행방해,건조,맑음,교차로 - 교차로안,기타불명,기타불명,미분류,기타불명,승용,여,35세,상해없음
2017013100100458,2017년 1월 31일 22시,화요일,충청북도 충주시 연수동,경상사고,0,0,1,0,차대차 - 측면충돌,안전운전불이행,건조,맑음,단일로 - 기타,승용,남,35세,상해없음,이륜,남,18세,경상
2017013100100472,2017년 1월 31일 23시,화요일,충청북도 충주시 연수동,경상사고,0,0,2,0,차대차 - 기타,신호위반,건조,맑음,교차로 - 교차로안,승용,남,44세,상해없음,승용,남,50세,경상
2017020100100016,2017년 2월 1일 00시,수요일,충청북도 청주시 흥덕구 봉명동,경상사고,0,0,2,0,차대차 - 추돌,안전운전불이행,건조,맑음,교차로 - 교차로부근,승용,남,43세,상해없음,화물,남,41세,경상
2017020100100028,2017년 2월 1일 01시,수요일,충청북도 음성군 음성읍,중상사고,0,1,0,0,차대차 - 기타,교차로운행방법위반,건조,맑음,교차로 - 교차로안,승용,남,26세,상해없음,승용,남,37세,중상
2017020100100047,2017년 2월 1일 03시,수요일,충청북도 충주시 연수동,경상사고,0,0,1,0,차대차 - 정면충돌,안전거리미확보,건조,맑음,단일로 - 기타,승용,남,20세,상해없음,승용,남,33세,경상
2017020100100088,2017년 2월 1일 07시,수요일,충청북도 청주시 흥덕구 가경동,경상사고,0,0,1,0,차대차 - 측면충돌,안전운전불이행,건조,맑음,교차로 - 교차로부근,승용,남,64세,상해없음,승용,여,42세,경상
2017020100100114,2017년 2월 1일 08시,수요일,충청북도 청주시 흥덕구 강내면,경상사고,0,0,3,0,차대차 - 측면충돌,안전운전불이행,건조,맑음,교차로 - 교차로안,승용,남,37세,상해없음,승용,여,49세,경상
2017020100100161,2017년 2월 1일 11시,수요일,충청북도 청주시 청원구 오창읍,중상사고,0,1,0,0,차대차 - 정면충돌,중앙선침범,건조,맑음,교차로 - 교차로안,자전거,남,82세,중상,화물,남,24세,상해없음
2017020100100162,2017년 2월 1일 11시,수요일,충청북도 음성군 금왕읍,경상사고,0,0,1,0,차대차 - 측면충돌,신호위반,건조,맑음,교차로 - 교차로안,화물,남,63세,상해없음,승용,여,55세,경상
2017020100100235,2017년 2월 1일 14시,수요일,충청북도 제천시 의림동,경상사고,0,0,1,0,차대사람 - 횡단중,보행자보호의무위반,건조,맑음,교차로 - 교차로횡단보도내,승용,여,55세,상해없음,보행자,남,44세,경상
2017020100100474,2017년 2월 1일 23시,수요일,충청북도 청주시 청원구 주중동,중상사고,0,1,0,0,차대차 - 측면충돌,신호위반,건조,맑음,교차로 - 교차로안,승용,남,23세,상해없음,승용,남,71세,중상
2017020200100021,2017년 2월 2일 00시,목요일,충청북도 진천군 문백면,경상사고,0,0,1,0,차량단독 - 전도전복 - 전도,안전운전불이행,건조,맑음,단일로 - 기타,승용,여,41세,경상,,,,
2017020200100022,2017년 2월 2일 00시,목요일,충청북도 청주시 서원구 수곡동,경상사고,0,0,4,0,차대차 - 추돌,안전운전불이행,건조,맑음,교차로 - 교차로부근,승용,여,34세,상해없음,승용,남,50세,경상
2017020200100050,2017년 2월 2일 05시,목요일,충청북도 옥천군 옥천읍,경상사고,0,0,1,0,차대차 - 기타,안전운전불이행,건조,맑음,단일로 - 기타,승용,남,21세,경상,건설기계,남,46세,기타불명
2017020200100051,2017년 2월 2일 05시,목요일,충청북도 청주시 흥덕구 원평동,사망사고,1,0,0,0,차대사람 - 횡단중,안전운전불이행,건조,맑음,단일로 - 기타,화물,남,67세,상해없음,보행자,남,47세,사망
2017020200100075,2017년 2월 2일 07시,목요일,충청북도 청주시 흥덕구 강서동,경상사고,0,0,5,0,차대차 - 측면충돌,안전운전불이행,건조,맑음,교차로 - 교차로안,승용,여,52세,경상,승용,남,76세,경상
2017020200100104,2017년 2월 2일 08시,목요일,충청북도 제천시 중앙로1가,중상사고,0,1,0,0,차대사람 - 횡단중,보행자보호의무위반,건조,맑음,기타 - 기타,승용,남,44세,상해없음,보행자,여,57세,중상
2017020200100105,2017년 2월 2일 08시,목요일,충청북도 청주시 흥덕구 가경동,경상사고,0,0,1,0,차대차 - 추돌,안전거리미확보,건조,맑음,교차로 - 교차로부근,화물,남,30세,상해없음,승용,여,38세,경상
2017020200100106,2017년 2월 2일 08시,목요일,충청북도 청주시 흥덕구 석곡동,경상사고,0,0,1,0,차대차 - 기타,안전운전불이행,건조,맑음,단일로 - 기타,승용,여,36세,상해없음,승용,여,25세,경상
2017020200100207,2017년 2월 2일 13시,목요일,충청북도 충주시 금릉동,경상사고,0,0,1,0,차대차 - 기타,안전운전불이행,건조,맑음,단일로 - 기타,승용,여,36세,상해없음,승용,여,40세,경상
2017020200100261,2017년 2월 2일 15시,목요일,충청북도 증평군 증평읍,경상사고,0,0,1,0,차대사람 - 횡단중,불법유턴,건조,맑음,교차로 - 교차로부근,승용,여,51세,상해없음,보행자,여,71세,경상
2017020200100262,2017년 2월 2일 15시,목요일,충청북도 단양군 단양읍,중상사고,0,1,0,0,차대차 - 측면충돌,안전거리미확보,건조,맑음,단일로 - 기타,승용,남,77세,상해없음,건설기계,남,34세,상해없음
2017020200100363,2017년 2월 2일 18시,목요일,충청북도 괴산군 괴산읍,중상사고,0,1,0,0,차대사람 - 길가장자리구역통행중,안전운전불이행,건조,맑음,단일로 - 기타,승용,남,52세,상해없음,보행자,여,80세,중상
2017020200100364,2017년 2월 2일 18시,목요일,충청북도 청주시 흥덕구 비하동,경상사고,0,0,1,0,차대차 - 추돌,안전운전불이행,건조,맑음,교차로 - 교차로부근,화물,남,60세,상해없음,승용,여,46세,경상
2017020200100400,2017년 2월 2일 19시,목요일,충청북도 증평군 도안면,경상사고,0,0,2,1,차대차 - 정면충돌,중앙선침범,건조,흐림,교차로 - 교차로부근,화물,남,68세,상해없음,승용,남,30세,경상
2017020200100401,2017년 2월 2일 19시,목요일,충청북도 청주시 서원구 모충동,경상사고,0,0,1,0,차대사람 - 횡단중,보행자보호의무위반,건조,맑음,교차로 - 교차로횡단보도내,승용,남,61세,상해없음,보행자,여,66세,경상
2017020200100456,2017년 2월 2일 21시,목요일,충청북도 충주시 성내동,경상사고,0,0,1,0,차대차 - 기타,직진우회전진행방해,건조,맑음,교차로 - 교차로안,승용,남,51세,상해없음,승용,남,55세,경상
2017020200100501,2017년 2월 2일 23시,목요일,충청북도 음성군 금왕읍,중상사고,0,1,0,0,차량단독 - 전도전복 - 전도,안전운전불이행,건조,맑음,단일로 - 기타,승용,남,49세,중상,,,,
2017020300100052,2017년 2월 3일 02시,금요일,충청북도 청주시 상당구 금천동,중상사고,0,1,1,0,차대차 - 정면충돌,신호위반,건조,맑음,교차로 - 교차로안,승용,남,23세,상해없음,승용,남,56세,중상
2017020300100061,2017년 2월 3일 03시,금요일,충청북도 청주시 서원구 산남동,경상사고,0,0,1,0,차대사람 - 횡단중,신호위반,건조,맑음,교차로 - 교차로안,승용,남,60세,상해없음,보행자,남,38세,경상
2017020300100062,2017년 2월 3일 03시,금요일,충청북도 청주시 서원구 남이면,중상사고,0,3,1,0,차대차 - 측면충돌,차로위반,건조,맑음,단일로 - 기타,화물,남,51세,중상,승용,여,54세,경상
2017020300100133,2017년 2월 3일 08시,금요일,충청북도 음성군 대소면,경상사고,0,0,1,0,차대차 - 추돌,안전운전불이행,건조,맑음,단일로 - 기타,승합,남,44세,상해없음,승용,남,57세,경상
2017020300100134,2017년 2월 3일 08시,금요일,충청북도 청주시 흥덕구 송절동,경상사고,0,0,1,0,차량단독 - 전도전복,안전운전불이행,건조,맑음,단일로 - 기타,승용,여,32세,경상,미분류,미분류,미분류,미분류
2017020300100135,2017년 2월 3일 08시,금요일,충청북도 청주시 서원구 미평동,경상사고,0,0,2,0,차대차 - 기타,안전운전불이행,건조,맑음,단일로 - 기타,승용,여,55세,경상,승용,남,24세,경상
2017020300100164,2017년 2월 3일 09시,금요일,충청북도 증평군 도안면,중상사고,0,1,3,0,차대차 - 측면충돌,안전운전불이행,건조,맑음,교차로 - 교차로부근,화물,남,36세,상해없음,승합,남,58세,경상
2017020300100165,2017년 2월 3일 09시,금요일,충청북도 옥천군 옥천읍,경상사고,0,0,1,0,차대차 - 측면충돌,중앙선침범,건조,맑음,단일로 - 기타,화물,남,53세,상해없음,화물,남,42세,경상
2017020300100191,2017년 2월 3일 10시,금요일,충청북도 제천시 청전동,경상사고,0,0,2,0,차대차 - 측면충돌,기타,건조,맑음,교차로 - 교차로안,승용,남,50세,경상,승용,여,36세,경상
2017020300100192,2017년 2월 3일 10시,금요일,충청북도 옥천군 옥천읍,경상사고,0,0,3,0,차대차 - 측면충돌,교차로운행방법위반,건조,맑음,교차로 - 교차로안,승용,남,69세,경상,승용,여,45세,경상
2017020300100227,2017년 2월 3일 12시,금요일,충청북도 충주시 문화동,경상사고,0,0,1,1,차대차 - 측면충돌,안전운전불이행,건조,맑음,교차로 - 교차로부근,승용,여,56세,부상신고,승합,남,66세,경상
2017020300100228,2017년 2월 3일 12시,금요일,충청북도 청주시 흥덕구 현암동,경상사고,0,0,1,0,차대차 - 기타,안전거리미확보,건조,맑음,단일로 - 기타,화물,남,35세,상해없음,승용,남,53세,경상
2017020300100275,2017년 2월 3일 14시,금요일,충청북도 단양군 가곡면,중상사고,0,1,0,0,차대사람 - 횡단중,안전운전불이행,건조,맑음,단일로 - 기타,화물,남,47세,상해없음,보행자,여,80세,중상
2017020300100360,2017년 2월 3일 17시,금요일,충청북도 청주시 청원구 오창읍,경상사고,0,0,1,0,차대사람 - 횡단중,안전운전불이행,건조,맑음,단일로 - 기타,승용,여,34세,상해없음,보행자,여,61세,경상
2017020300100361,2017년 2월 3일 17시,금요일,충청북도 청주시 흥덕구 봉명동,경상사고,0,0,1,0,차대차 - 측면충돌,안전운전불이행,건조,맑음,교차로 - 교차로부근,승용,남,39세,상해없음,이륜,남,35세,경상
2017020300100362,2017년 2월 3일 17시,금요일,충청북도 청주시 상당구 문의면,중상사고,0,1,0,0,차대차 - 측면충돌,안전운전불이행,건조,맑음,교차로 - 교차로안,승용,여,35세,상해없음,승용,남,32세,중상
2017020300100431,2017년 2월 3일 19시,금요일,충청북도 충주시 중앙탑면,경상사고,0,0,1,0,차대차 - 정면충돌,안전거리미확보,건조,맑음,교차로 - 교차로안,승용,남,46세,상해없음,승용,여,43세,경상
2017020300100432,2017년 2월 3일 19시,금요일,충청북도 보은군 수한면,사망사고,1,0,0,0,차대사람 - 횡단중,안전운전불이행,건조,맑음,단일로 - 기타,승용,여,44세,상해없음,보행자,여,80세,사망
2017020300100433,2017년 2월 3일 19시,금요일,충청북도 청주시 흥덕구 복대동,경상사고,0,0,1,0,차대차 - 측면충돌,신호위반,건조,맑음,교차로 - 교차로안,승용,여,52세,상해없음,이륜,남,28세,경상
2017020300100527,2017년 2월 3일 22시,금요일,충청북도 충주시 성내동,경상사고,0,0,1,0,차대차 - 정면충돌,안전거리미확보,건조,맑음,단일로 - 기타,승용,남,54세,상해없음,이륜,남,16세,경상
2017020300100528,2017년 2월 3일 22시,금요일,충청북도 보은군 보은읍,사망사고,1,1,0,0,차대차 - 기타,안전운전불이행,건조,맑음,단일로 - 기타,승합,남,46세,상해없음,승용,여,31세,사망
2017020300100562,2017년 2월 3일 23시,금요일,충청북도 청주시 서원구 산남동,경상사고,0,0,9,0,차대차 - 추돌,안전운전불이행,건조,맑음,교차로 - 교차로부근,승용,남,34세,경상,승용,남,49세,경상
2017020300100563,2017년 2월 3일 23시,금요일,충청북도 청주시 서원구 분평동,중상사고,0,1,4,0,차대차 - 추돌,안전운전불이행,건조,맑음,교차로 - 교차로부근,승용,남,28세,상해없음,승용,남,50세,경상
2017020400100094,2017년 2월 4일 05시,토요일,충청북도 충주시 지현동,중상사고,0,1,0,0,차대사람 - 횡단중,안전운전불이행,건조,맑음,교차로 - 교차로부근,승용,남,24세,상해없음,보행자,남,86세,중상
2017020400100104,2017년 2월 4일 06시,토요일,충청북도 청주시 흥덕구 봉명동,중상사고,0,1,1,0,차대차 - 측면충돌,안전운전불이행,건조,맑음,교차로 - 교차로안,승용,남,32세,상해없음,승용,남,29세,상해없음
2017020400100121,2017년 2월 4일 07시,토요일,충청북도 청주시 흥덕구 강내면,중상사고,0,1,0,0,차대차 - 추돌,신호위반,건조,맑음,교차로 - 교차로안,화물,남,52세,상해없음,승용,여,61세,중상
2017020400100223,2017년 2월 4일 12시,토요일,충청북도 청주시 청원구 율량동,중상사고,0,1,0,0,차대차 - 기타,교차로운행방법위반,건조,맑음,교차로 - 교차로안,화물,여,52세,상해없음,이륜,남,15세,중상
2017020400100224,2017년 2월 4일 12시,토요일,충청북도 충주시 연수동,경상사고,0,0,1,0,차대차 - 기타,안전운전불이행,건조,맑음,교차로 - 교차로부근,승용,여,56세,상해없음,원동기,남,21세,경상
2017020400100248,2017년 2월 4일 13시,토요일,충청북도 충주시 봉방동,경상사고,0,0,1,1,차대차 - 기타,직진우회전진행방해,건조,맑음,교차로 - 교차로안,승용,남,29세,부상신고,승용,여,25세,경상
2017020400100249,2017년 2월 4일 13시,토요일,충청북도 충주시 연수동,부상신고사고,0,0,0,1,차대차 - 측면충돌,안전운전불이행,건조,맑음,교차로 - 교차로안,이륜,남,76세,부상신고,승용,남,56세,상해없음
2017020400100275,2017년 2월 4일 14시,토요일,충청북도 청주시 흥덕구 봉명동,중상사고,0,1,0,0,차대차 - 측면충돌,교차로운행방법위반,건조,맑음,교차로 - 교차로안,승용,여,41세,상해없음,이륜,남,41세,중상
2017020400100293,2017년 2월 4일 15시,토요일,충청북도 청주시 청원구 내덕동,경상사고,0,0,1,0,차대차 - 기타,안전거리미확보,건조,맑음,단일로 - 기타,승용,여,64세,상해없음,승용,남,35세,경상
2017020400100294,2017년 2월 4일 15시,토요일,충청북도 영동군 영동읍,중상사고,0,1,0,0,차대차 - 기타,안전운전불이행,건조,맑음,교차로 - 교차로안,승용,남,32세,상해없음,승용,남,55세,기타불명
2017020400100327,2017년 2월 4일 17시,토요일,충청북도 청주시 청원구 오창읍,경상사고,0,0,2,0,차대차 - 정면충돌,교차로운행방법위반,건조,맑음,교차로 - 교차로안,화물,남,61세,경상,승용,여,44세,경상
2017020400100354,2017년 2월 4일 18시,토요일,충청북도 청주시 흥덕구 봉명동,경상사고,0,0,1,0,차대차 - 정면충돌,차로위반,건조,맑음,단일로 - 기타,승용,남,46세,상해없음,승용,남,54세,경상
2017020400100355,2017년 2월 4일 18시,토요일,충청북도 청주시 서원구 분평동,경상사고,0,0,2,0,차대차 - 측면충돌,교차로운행방법위반,건조,맑음,교차로 - 교차로안,화물,남,71세,경상,이륜,남,31세,경상
2017020400100391,2017년 2월 4일 19시,토요일,충청북도 제천시 한수면,사망사고,1,0,0,0,차대사람 - 횡단중,보행자보호의무위반,건조,흐림,단일로 - 기타,승용,남,60세,상해없음,보행자,여,73세,사망
2017020400100392,2017년 2월 4일 19시,토요일,충청북도 제천시 중앙로2가,경상사고,0,0,1,0,차대차 - 추돌,안전거리미확보,건조,맑음,교차로 - 교차로안,승용,남,61세,상해없음,승용,남,35세,경상
2017020400100393,2017년 2월 4일 19시,토요일,충청북도 괴산군 칠성면,중상사고,0,1,0,0,차대차 - 측면충돌,신호위반,건조,흐림,교차로 - 교차로안,승용,여,56세,중상,승용,여,42세,상해없음
2017020400100394,2017년 2월 4일 19시,토요일,충청북도 청주시 서원구 산남동,경상사고,0,0,2,0,차대차 - 추돌,안전운전불이행,건조,맑음,단일로 - 기타,승용,남,35세,상해없음,승용,여,52세,경상
2017020400100413,2017년 2월 4일 20시,토요일,충청북도 청주시 흥덕구 복대동,경상사고,0,0,2,0,차대차 - 추돌,안전운전불이행,건조,맑음,단일로 - 기타,승용,남,25세,상해없음,승용,남,45세,경상
2017020400100414,2017년 2월 4일 20시,토요일,충청북도 청주시 상당구 지북동,경상사고,0,0,1,0,차대차 - 측면충돌,신호위반,건조,맑음,교차로 - 교차로안,승합,남,54세,상해없음,화물,남,54세,경상
2017020400100466,2017년 2월 4일 22시,토요일,충청북도 제천시 강제동,중상사고,0,1,0,0,차대사람 - 횡단중,안전운전불이행,건조,맑음,단일로 - 기타,승용,남,29세,상해없음,보행자,남,43세,중상
2017020400100467,2017년 2월 4일 22시,토요일,충청북도 음성군 금왕읍,중상사고,0,1,0,0,차량단독 - 전도전복 - 전도,안전운전불이행,건조,맑음,단일로 - 기타,승용,남,37세,중상,,,,
2017020500100014,2017년 2월 5일 00시,일요일,충청북도 청주시 상당구 용암동,중상사고,0,1,2,0,차대차 - 측면충돌,신호위반,건조,맑음,교차로 - 교차로안,승용,남,53세,상해없음,승용,남,30세,경상
2017020500100034,2017년 2월 5일 01시,일요일,충청북도 청주시 청원구 내수읍,경상사고,0,0,1,0,차대사람 - 횡단중,안전운전불이행,건조,맑음,교차로 - 교차로안,승용,남,43세,상해없음,보행자,남,42세,경상
2017020500100035,2017년 2월 5일 01시,일요일,충청북도 청주시 흥덕구 강서동,중상사고,0,2,0,0,차대차 - 측면충돌,신호위반,건조,맑음,교차로 - 교차로안,승용,남,24세,상해없음,승용,남,37세,중상
2017020500100240,2017년 2월 5일 16시,일요일,충청북도 진천군 초평면,중상사고,0,3,0,0,차량단독 - 전도전복 - 전도,안전운전불이행,건조,맑음,단일로 - 기타,승용,남,74세,중상,,,,
2017020500100259,2017년 2월 5일 17시,일요일,충청북도 충주시 교현동,부상신고사고,0,0,0,1,차대차 - 정면충돌,신호위반,건조,맑음,교차로 - 교차로안,자전거,남,77세,부상신고,승용,남,52세,상해없음
2017020500100260,2017년 2월 5일 17시,일요일,충청북도 충주시 문화동,사망사고,1,0,0,0,차대사람 - 횡단중,보행자보호의무위반,젖음/습기,비,교차로 - 교차로안,승용,남,45세,상해없음,보행자,여,79세,사망
2017020500100261,2017년 2월 5일 17시,일요일,충청북도 청주시 상당구 북문로1가동,경상사고,0,0,1,0,차대사람 - 길가장자리구역통행중,안전운전불이행,건조,맑음,단일로 - 기타,승용,여,36세,상해없음,보행자,여,21세,경상
2017020500100284,2017년 2월 5일 18시,일요일,충청북도 청주시 흥덕구 옥산면,부상신고사고,0,0,0,1,차량단독 - 전도전복,안전운전불이행,서리/결빙,흐림,단일로 - 기타,승용,남,48세,부상신고,미분류,미분류,미분류,미분류
2017020500100285,2017년 2월 5일 18시,일요일,충청북도 청주시 상당구 용암동,경상사고,0,0,1,0,차대차 - 추돌,안전운전불이행,건조,맑음,단일로 - 기타,승용,남,48세,상해없음,승용,남,47세,경상
2017020500100313,2017년 2월 5일 19시,일요일,충청북도 청주시 흥덕구 송정동,경상사고,0,0,1,0,차대차 - 추돌,안전운전불이행,건조,맑음,교차로 - 교차로부근,승용,여,51세,상해없음,승용,남,30세,경상
2017020500100340,2017년 2월 5일 20시,일요일,충청북도 진천군 이월면,경상사고,0,0,1,0,차량단독 - 전도전복,안전운전불이행,기타,기타,단일로 - 기타,승합,남,46세,경상,미분류,미분류,미분류,미분류
2017020500100360,2017년 2월 5일 21시,일요일,충청북도 청주시 흥덕구 복대동,경상사고,0,0,1,0,차대차 - 기타,안전운전불이행,건조,맑음,교차로 - 교차로부근,승합,남,63세,상해없음,승용,남,43세,경상
2017020600100026,2017년 2월 6일 01시,월요일,충청북도 청주시 서원구 산남동,경상사고,0,0,1,0,차대차 - 측면충돌,신호위반,건조,맑음,교차로 - 교차로안,승용,남,46세,상해없음,승용,남,27세,경상
2017020600100047,2017년 2월 6일 05시,월요일,충청북도 청주시 흥덕구 복대동,사망사고,1,0,0,0,차대사람 - 횡단중,안전운전불이행,건조,맑음,교차로 - 교차로횡단보도내,승용,남,35세,상해없음,보행자,여,77세,사망
2017020600100062,2017년 2월 6일 06시,월요일,충청북도 제천시 의림동,경상사고,0,0,2,0,차대차 - 측면충돌,직진우회전진행방해,건조,흐림,교차로 - 교차로안,승용,남,60세,경상,승용,여,53세,경상
2017020600100102,2017년 2월 6일 08시,월요일,충청북도 청주시 청원구 율량동,경상사고,0,0,1,0,차대차 - 정면충돌,중앙선침범,건조,맑음,단일로 - 기타,승용,여,72세,상해없음,승용,남,44세,경상
2017020600100103,2017년 2월 6일 08시,월요일,충청북도 청주시 흥덕구 오송읍,경상사고,0,0,1,0,차대차 - 측면충돌,중앙선침범,건조,맑음,단일로 - 기타,건설기계,남,54세,상해없음,건설기계,남,62세,경상
2017020600100104,2017년 2월 6일 08시,월요일,충청북도 청주시 흥덕구 복대동,중상사고,0,2,1,0,차대차 - 측면충돌,차로위반,건조,맑음,교차로 - 교차로안,승용,남,66세,상해없음,승합,남,43세,상해없음
2017020600100105,2017년 2월 6일 08시,월요일,충청북도 청주시 흥덕구 복대동,중상사고,0,1,0,0,차대사람 - 횡단중,안전운전불이행,건조,맑음,단일로 - 기타,승용,남,60세,상해없음,보행자,남,57세,중상
2017020600100106,2017년 2월 6일 08시,월요일,충청북도 청주시 흥덕구 비하동,경상사고,0,0,2,0,차대차 - 기타,안전운전불이행,건조,맑음,단일로 - 기타,승용,여,37세,상해없음,승용,여,43세,경상
2017020600100132,2017년 2월 6일 09시,월요일,충청북도 영동군 영동읍,중상사고,0,2,2,0,차대차 - 측면충돌,안전운전불이행,건조,맑음,단일로 - 기타,화물,여,71세,경상,승용,남,63세,중상
2017020600100133,2017년 2월 6일 09시,월요일,충청북도 청주시 상당구 남일면,중상사고,0,2,2,1,차대차 - 측면충돌,안전운전불이행,건조,맑음,단일로 - 기타,화물,남,58세,부상신고,승용,남,54세,중상
2017020600100153,2017년 2월 6일 10시,월요일,충청북도 청주시 청원구 내수읍,중상사고,0,1,2,0,차대차 - 측면충돌,교차로운행방법위반,건조,맑음,교차로 - 교차로안,승용,여,64세,경상,화물,남,55세,중상