사고번호,사고일시,요일,시군구,사고내용,사망자수,중상자수,경상자수,부상신고자수,사고유형,법규위반,노면상태,기상상태,도로형태,가해운전자 차종,가해운전자 성별,가해운전자 연령,가해운전자 상해정도,피해운전자 차종,피해운전자 성별,피해운전자 연령,피해운전자 상해정도
2017021100100308,2017년 2월 11일 14시,토요일,충청북도 청주시 서원구 사창동,경상사고,0,0,1,0,차대차 - 추돌,안전운전불이행,건조,맑음,단일로 - 기타,승용,남,30세,상해없음,승용,남,70세,경상
2017021100100335,2017년 2월 11일 15시,토요일,충청북도 청주시 청원구 오창읍,경상사고,0,0,2,0,차대차 - 기타,신호위반,건조,맑음,교차로 - 교차로부근,화물,남,40세,경상,승용,남,38세,경상
2017021100100388,2017년 2월 11일 17시,토요일,충청북도 진천군 문백면,경상사고,0,0,2,0,차대차 - 추돌,안전운전불이행,건조,맑음,단일로 - 기타,승용,남,54세,상해없음,승용,남,29세,경상
2017021100100418,2017년 2월 11일 18시,토요일,충청북도 제천시 하소동,경상사고,0,0,1,0,차량단독 - 공작물충돌,안전운전불이행,건조,맑음,교차로 - 교차로부근,승용,남,42세,경상,,,,
2017021100100455,2017년 2월 11일 19시,토요일,충청북도 청주시 청원구 오창읍,중상사고,0,1,4,0,차대차 - 정면충돌,신호위반,건조,맑음,교차로 - 교차로안,승용,남,67세,상해없음,승용,남,56세,중상
2017021100100487,2017년 2월 11일 20시,토요일,충청북도 청주시 서원구 미평동,경상사고,0,0,2,0,차대차 - 측면충돌,안전운전불이행,건조,맑음,교차로 - 교차로부근,승용,남,60세,상해없음,승용,여,40세,경상
2017021200100018,2017년 2월 12일 00시,일요일,충청북도 청주시 청원구 오창읍,경상사고,0,0,2,0,차대차 - 추돌,안전운전불이행,건조,맑음,교차로 - 교차로부근,승용,남,33세,상해없음,승용,남,31세,경상
2017021200100045,2017년 2월 12일 02시,일요일,충청북도 진천군 광혜원면,경상사고,0,0,1,0,차량단독 - 전도전복 - 전도,안전운전불이행,건조,기타,교차로 - 교차로부근,승용,남,49세,경상,,,,
2017021200100046,2017년 2월 12일 02시,일요일,충청북도 청주시 흥덕구 봉명동,경상사고,0,0,1,0,차대차 - 측면충돌,안전운전불이행,건조,맑음,교차로 - 교차로부근,승용,남,29세,상해없음,승용,남,33세,경상
2017021200100102,2017년 2월 12일 07시,일요일,충청북도 청주시 서원구 현도면,경상사고,0,0,1,0,차대차 - 기타,안전운전불이행,건조,맑음,단일로 - 기타,승용,남,19세,상해없음,특수,남,44세,경상
2017021200100175,2017년 2월 12일 11시,일요일,충청북도 충주시 앙성면,중상사고,0,1,2,0,차대차 - 정면충돌,직진우회전진행방해,건조,맑음,교차로 - 교차로안,승용,남,46세,경상,승용,남,21세,중상
2017021200100248,2017년 2월 12일 15시,일요일,충청북도 영동군 영동읍,경상사고,0,0,1,0,차대사람 - 기타,안전운전불이행,건조,맑음,단일로 - 기타,승용,남,40세,상해없음,보행자,남,27세,경상
2017021200100267,2017년 2월 12일 16시,일요일,충청북도 청주시 청원구 오창읍,경상사고,0,0,1,0,차대차 - 측면충돌,차로위반,건조,맑음,교차로 - 교차로부근,승용,남,55세,기타불명,승용,남,34세,경상
2017021200100286,2017년 2월 12일 17시,일요일,충청북도 괴산군 감물면,중상사고,0,2,0,0,차대차 - 측면충돌,직진우회전진행방해,건조,맑음,교차로 - 교차로안,화물,남,74세,상해없음,승용,남,52세,중상
2017021200100303,2017년 2월 12일 18시,일요일,충청북도 청주시 서원구 분평동,경상사고,0,0,1,0,차대사람 - 횡단중,안전운전불이행,건조,맑음,단일로 - 기타,승용,남,36세,상해없음,보행자,남,53세,경상
2017021200100338,2017년 2월 12일 19시,일요일,충청북도 청주시 흥덕구 복대동,경상사고,0,0,1,0,차대사람 - 횡단중,신호위반,건조,맑음,교차로 - 교차로횡단보도내,이륜,남,23세,상해없음,보행자,여,48세,경상
2017021200100370,2017년 2월 12일 20시,일요일,충청북도 청주시 서원구 개신동,경상사고,0,0,3,1,차대차 - 측면충돌,교차로운행방법위반,서리/결빙,맑음,교차로 - 교차로안,승용,남,36세,경상,승용,남,70세,부상신고
2017021200100371,2017년 2월 12일 20시,일요일,충청북도 청주시 흥덕구 옥산면,사망사고,1,0,0,0,차량단독 - 전도전복,안전운전불이행,건조,맑음,교차로 - 교차로안,원동기,남,26세,사망,미분류,미분류,미분류,미분류
2017021200100392,2017년 2월 12일 21시,일요일,충청북도 진천군 광혜원면,중상사고,0,1,0,0,차량단독 - 전도전복 - 전도,안전운전불이행,건조,맑음,단일로 - 기타,화물,남,47세,중상,,,,
2017021200100413,2017년 2월 12일 22시,일요일,충청북도 제천시 명동,부상신고사고,0,0,0,1,차대차 - 추돌,안전운전불이행,건조,맑음,단일로 - 기타,이륜,남,19세,부상신고,승용,여,48세,상해없음
2017021200100433,2017년 2월 12일 23시,일요일,충청북도 진천군 문백면,경상사고,0,0,1,0,차대차 - 기타,안전운전불이행,건조,흐림,단일로 - 기타,승용,여,49세,경상,승용,남,57세,상해없음
2017021300100082,2017년 2월 13일 07시,월요일,충청북도 청주시 서원구 현도면,경상사고,0,0,1,0,차대차 - 기타,안전거리미확보,건조,맑음,교차로 - 교차로부근,승용,여,28세,상해없음,승용,남,28세,경상
2017021300100112,2017년 2월 13일 08시,월요일,충청북도 보은군 수한면,경상사고,0,0,2,0,차대차 - 측면충돌,신호위반,건조,맑음,교차로 - 교차로안,승용,남,37세,경상,승용,남,46세,경상
2017021300100113,2017년 2월 13일 08시,월요일,충청북도 청주시 흥덕구 봉명동,경상사고,0,0,1,0,차대차 - 추돌,안전거리미확보,건조,맑음,교차로 - 교차로부근,승용,여,26세,상해없음,승용,여,46세,경상
2017021300100136,2017년 2월 13일 09시,월요일,충청북도 청주시 청원구 오창읍,중상사고,0,1,3,0,차대차 - 기타,신호위반,건조,맑음,교차로 - 교차로부근,승용,여,63세,상해없음,승용,남,31세,경상
2017021300100137,2017년 2월 13일 09시,월요일,충청북도 청주시 서원구 모충동,경상사고,0,0,2,0,차대차 - 측면충돌,교차로운행방법위반,건조,맑음,교차로 - 교차로안,승용,남,67세,경상,이륜,여,30세,경상
2017021300100160,2017년 2월 13일 10시,월요일,충청북도 청주시 청원구 오창읍,경상사고,0,0,1,0,차대차 - 추돌,안전운전불이행,서리/결빙,흐림,교차로 - 교차로부근,승용,남,54세,상해없음,승용,남,80세,경상
2017021300100161,2017년 2월 13일 10시,월요일,충청북도 진천군 진천읍,경상사고,0,0,1,0,차대차 - 측면충돌,직진우회전진행방해,건조,맑음,교차로 - 교차로안,승용,남,52세,상해없음,승용,여,32세,경상
2017021300100162,2017년 2월 13일 10시,월요일,충청북도 청주시 흥덕구 옥산면,경상사고,0,0,1,0,차대사람 - 횡단중,보행자보호의무위반,건조,맑음,교차로 - 교차로안,승용,남,53세,상해없음,보행자,남,84세,경상
2017021300100163,2017년 2월 13일 10시,월요일,충청북도 청주시 상당구 용암동,경상사고,0,0,2,0,차대차 - 정면충돌,안전운전불이행,건조,맑음,교차로 - 교차로안,승용,남,52세,상해없음,승용,남,53세,상해없음
2017021300100194,2017년 2월 13일 11시,월요일,충청북도 청주시 청원구 내덕동,경상사고,0,0,1,0,차대차 - 기타,차로위반,건조,맑음,교차로 - 교차로부근,승용,남,54세,경상,승합,남,25세,상해없음
2017021300100245,2017년 2월 13일 13시,월요일,충청북도 청주시 서원구 수곡동,중상사고,0,1,0,0,차대차 - 기타,안전운전불이행,건조,맑음,교차로 - 교차로안,화물,남,27세,상해없음,자전거,남,76세,중상
2017021300100278,2017년 2월 13일 14시,월요일,충청북도 청주시 흥덕구 신봉동,중상사고,0,1,3,0,차대차 - 측면충돌,안전운전불이행,건조,맑음,교차로 - 교차로부근,승용,남,59세,상해없음,승용,여,40세,경상
2017021300100306,2017년 2월 13일 15시,월요일,충청북도 청주시 서원구 분평동,경상사고,0,0,1,0,차대차 - 추돌,안전운전불이행,건조,맑음,단일로 - 기타,승용,여,52세,상해없음,화물,남,50세,경상
2017021300100361,2017년 2월 13일 17시,월요일,충청북도 제천시 의림동,중상사고,0,1,0,0,차대차 - 측면충돌,직진우회전진행방해,건조,맑음,교차로 - 교차로안,화물,남,50세,상해없음,이륜,남,36세,중상
2017021300100392,2017년 2월 13일 18시,월요일,충청북도 청주시 청원구 주중동,경상사고,0,0,3,0,차대차 - 측면충돌,안전운전불이행,젖음/습기,눈,교차로 - 교차로안,승용,여,38세,상해없음,승용,남,56세,경상
2017021300100393,2017년 2월 13일 18시,월요일,충청북도 청주시 상당구 석교동,중상사고,0,1,0,0,차대차 - 측면충돌,신호위반,건조,맑음,교차로 - 교차로안,승용,남,52세,상해없음,이륜,남,52세,중상
2017021300100394,2017년 2월 13일 18시,월요일,충청북도 청주시 상당구 용암동,경상사고,0,0,4,0,차대차 - 추돌,차로위반,젖음/습기,비,단일로 - 기타,승용,여,32세,경상,승용,남,25세,경상
2017021300100431,2017년 2월 13일 19시,월요일,충청북도 진천군 덕산면,경상사고,0,0,1,0,차대차 - 기타,안전운전불이행,젖음/습기,비,교차로 - 교차로안,승용,남,53세,상해없음,승용,남,33세,경상
2017021300100432,2017년 2월 13일 19시,월요일,충청북도 청주시 흥덕구 비하동,경상사고,0,0,1,0,차대차 - 기타,안전운전불이행,젖음/습기,비,교차로 - 교차로부근,승용,여,28세,상해없음,이륜,남,53세,경상
2017021300100480,2017년 2월 13일 20시,월요일,충청북도 청주시 서원구 성화동,경상사고,0,0,1,0,차대차 - 기타,교차로운행방법위반,젖음/습기,눈,교차로 - 교차로안,승용,여,55세,상해없음,이륜,남,22세,경상
2017021300100564,2017년 2월 13일 23시,월요일,충청북도 청주시 청원구 율량동,중상사고,0,1,1,0,차대차 - 기타,안전운전불이행,건조,맑음,교차로 - 교차로부근,승용,남,52세,상해없음,승용,남,42세,경상
2017021400100021,2017년 2월 14일 00시,화요일,충청북도 청주시 흥덕구 가경동,경상사고,0,0,1,0,차대차 - 정면충돌,안전운전불이행,젖음/습기,비,단일로 - 기타,승용,남,28세,상해없음,이륜,남,33세,경상
2017021400100041,2017년 2월 14일 01시,화요일,충청북도 청주시 서원구 사창동,중상사고,0,3,0,0,차대차 - 추돌,안전운전불이행,젖음/습기,흐림,교차로 - 교차로부근,승용,남,27세,상해없음,승용,남,20세,중상
2017021400100049,2017년 2월 14일 02시,화요일,충청북도 충주시 대소원면,중상사고,0,1,0,0,차대차 - 측면충돌,안전거리미확보,건조,흐림,단일로 - 기타,화물,남,59세,상해없음,승용,남,38세,중상
2017021400100098,2017년 2월 14일 07시,화요일,충청북도 제천시 중앙로1가,중상사고,0,1,1,0,차대차 - 측면충돌,신호위반,건조,맑음,교차로 - 교차로안,승용,남,44세,경상,승용,남,76세,중상
2017021400100099,2017년 2월 14일 07시,화요일,충청북도 음성군 삼성면,경상사고,0,0,1,0,차대차 - 측면충돌,안전운전불이행,서리/결빙,흐림,단일로 - 기타,승용,남,47세,상해없음,승용,남,31세,경상
2017021400100100,2017년 2월 14일 07시,화요일,충청북도 진천군 초평면,경상사고,0,0,1,0,차대차 - 측면충돌,안전운전불이행,서리/결빙,안개,교차로 - 교차로안,승용,남,53세,상해없음,승용,남,53세,경상
2017021400100101,2017년 2월 14일 07시,화요일,충청북도 청주시 흥덕구 신봉동,경상사고,0,0,1,0,차대사람 - 기타,안전운전불이행,건조,맑음,단일로 - 기타,승용,남,50세,상해없음,보행자,여,11세,경상
2017021400100132,2017년 2월 14일 08시,화요일,충청북도 청주시 흥덕구 복대동,중상사고,0,1,0,0,차대사람 - 횡단중,안전운전불이행,건조,맑음,교차로 - 교차로부근,화물,남,47세,상해없음,보행자,남,27세,중상
2017021400100133,2017년 2월 14일 08시,화요일,충청북도 청주시 상당구 낭성면,경상사고,0,0,6,1,차대차 - 추돌,안전운전불이행,젖음/습기,안개,기타 - 기타,승용,남,28세,경상,승용,남,34세,부상신고
2017021400100200,2017년 2월 14일 10시,화요일,충청북도 청주시 청원구 오창읍,중상사고,0,1,0,0,차대차 - 추돌,안전운전불이행,건조,맑음,단일로 - 기타,화물,남,36세,중상,화물,남,57세,상해없음
2017021400100227,2017년 2월 14일 11시,화요일,충청북도 진천군 진천읍,중상사고,0,1,0,0,차대차 - 기타,직진우회전진행방해,건조,맑음,교차로 - 교차로안,승용,남,51세,상해없음,이륜,남,77세,중상
2017021400100228,2017년 2월 14일 11시,화요일,충청북도 청주시 상당구 남주동,경상사고,0,0,4,0,차대차 - 측면충돌,안전운전불이행,건조,맑음,교차로 - 교차로안,승용,남,44세,경상,승용,남,44세,경상
2017021400100249,2017년 2월 14일 12시,화요일,충청북도 음성군 감곡면,경상사고,0,0,1,0,차대차 - 추돌,안전운전불이행,건조,맑음,단일로 - 기타,승용,남,73세,상해없음,승용,남,29세,경상
2017021400100273,2017년 2월 14일 13시,화요일,충청북도 청주시 흥덕구 운천동,경상사고,0,0,2,0,차대사람 - 횡단중,기타,건조,맑음,교차로 - 교차로안,승용,남,51세,상해없음,보행자,여,38세,경상
2017021400100306,2017년 2월 14일 14시,화요일,충청북도 청주시 서원구 사직동,경상사고,0,0,1,0,차량단독 - 기타,안전운전불이행,건조,맑음,단일로 - 기타,기타불명,기타불명,미분류,기타불명,,,,
2017021400100307,2017년 2월 14일 14시,화요일,충청북도 제천시 화산동,경상사고,0,0,1,0,차대차 - 측면충돌,직진우회전진행방해,건조,맑음,단일로 - 기타,승용,여,57세,상해없음,승용,남,51세,경상
2017021400100371,2017년 2월 14일 16시,화요일,충청북도 음성군 맹동면,경상사고,0,0,1,0,차대사람 - 횡단중,안전운전불이행,건조,맑음,단일로 - 기타,승용,남,31세,상해없음,보행자,남,7세,경상
2017021400100400,2017년 2월 14일 17시,화요일,충청북도 청주시 서원구 사창동,경상사고,0,0,1,0,차대차 - 측면충돌,차로위반,건조,맑음,단일로 - 기타,승합,여,57세,상해없음,이륜,남,23세,경상
2017021400100401,2017년 2월 14일 17시,화요일,충청북도 충주시 교현동,중상사고,0,1,0,0,차대사람 - 기타,안전운전불이행,건조,맑음,단일로 - 기타,승용,여,41세,상해없음,보행자,남,80세,중상
2017021400100402,2017년 2월 14일 17시,화요일,충청북도 보은군 내북면,중상사고,0,1,0,0,차대차 - 측면충돌,교차로운행방법위반,건조,맑음,교차로 - 교차로안,승용,여,29세,상해없음,이륜,남,72세,중상
2017021400100435,2017년 2월 14일 18시,화요일,충청북도 음성군 대소면,경상사고,0,0,2,0,차대차 - 기타,안전운전불이행,건조,맑음,교차로 - 교차로안,승용,남,54세,상해없음,승용,남,35세,경상
2017021400100436,2017년 2월 14일 18시,화요일,충청북도 청주시 흥덕구 가경동,중상사고,0,1,0,0,차대사람 - 횡단중,안전운전불이행,건조,맑음,단일로 - 기타,승용,여,32세,상해없음,보행자,여,12세,중상
2017021400100437,2017년 2월 14일 18시,화요일,충청북도 청주시 상당구 용암동,중상사고,0,1,0,0,차대차 - 측면충돌,교차로운행방법위반,건조,맑음,교차로 - 교차로안,승용,남,51세,상해없음,자전거,남,60세,중상
2017021400100538,2017년 2월 14일 21시,화요일,충청북도 청주시 상당구 영동,경상사고,0,0,1,0,차대사람 - 기타,안전운전불이행,건조,맑음,단일로 - 기타,승합,남,35세,상해없음,보행자,남,17세,경상
2017021400100567,2017년 2월 14일 22시,화요일,충청북도 청주시 청원구 우암동,중상사고,0,1,1,0,차대차 - 측면충돌,안전운전불이행,건조,맑음,단일로 - 기타,승용,남,41세,경상,승용,여,47세,중상
2017021400100588,2017년 2월 14일 23시,화요일,충청북도 청주시 흥덕구 가경동,부상신고사고,0,0,0,1,차량단독 - 전도전복,안전운전불이행,젖음/습기,안개,교차로 - 교차로안,원동기,남,59세,부상신고,미분류,미분류,미분류,미분류
2017021500100033,2017년 2월 15일 01시,수요일,충청북도 제천시 청전동,중상사고,0,1,0,0,차대차 - 기타,안전운전불이행,건조,맑음,단일로 - 기타,승용,남,27세,중상,승용,여,56세,상해없음
2017021500100043,2017년 2월 15일 02시,수요일,충청북도 청주시 흥덕구 강내면,중상사고,0,1,0,0,차대차 - 추돌,안전운전불이행,건조,맑음,단일로 - 기타,승용,남,48세,상해없음,화물,남,36세,중상
2017021500100063,2017년 2월 15일 05시,수요일,충청북도 청주시 흥덕구 복대동,중상사고,0,1,0,0,차대차 - 측면충돌,신호위반,건조,맑음,교차로 - 교차로부근,승용,남,22세,상해없음,자전거,남,53세,중상
2017021500100096,2017년 2월 15일 07시,수요일,충청북도 옥천군 옥천읍,경상사고,0,0,2,0,차대차 - 기타,직진우회전진행방해,건조,맑음,교차로 - 교차로안,화물,남,57세,경상,승용,남,60세,상해없음
2017021500100097,2017년 2월 15일 07시,수요일,충청북도 청주시 상당구 남주동,경상사고,0,0,2,0,차대차 - 측면충돌,안전운전불이행,건조,맑음,교차로 - 교차로안,승용,남,38세,상해없음,승용,남,50세,경상
2017021500100122,2017년 2월 15일 08시,수요일,충청북도 제천시 신동,중상사고,0,3,1,0,차대차 - 추돌,안전운전불이행,건조,맑음,단일로 - 기타,승용,남,46세,경상,화물,남,62세,중상
2017021500100123,2017년 2월 15일 08시,수요일,충청북도 청주시 흥덕구 오송읍,중상사고,0,2,0,0,차대차 - 측면충돌,중앙선침범,건조,맑음,단일로 - 기타,승용,남,46세,중상,화물,남,41세,중상
2017021500100124,2017년 2월 15일 08시,수요일,충청북도 청주시 상당구 용암동,중상사고,0,1,0,0,차대사람 - 횡단중,안전운전불이행,건조,맑음,단일로 - 기타,승용,여,38세,상해없음,보행자,여,49세,중상
2017021500100125,2017년 2월 15일 08시,수요일,충청북도 진천군 문백면,중상사고,0,1,1,0,차대차 - 측면충돌,안전거리미확보,건조,맑음,단일로 - 기타,승용,여,30세,경상,승용,여,38세,중상
2017021500100159,2017년 2월 15일 09시,수요일,충청북도 충주시 교현동,경상사고,0,0,1,0,차대차 - 측면충돌,안전운전불이행,건조,맑음,교차로 - 교차로안,원동기,남,86세,경상,승용,여,48세,상해없음
2017021500100160,2017년 2월 15일 09시,수요일,충청북도 진천군 진천읍,경상사고,0,0,1,0,차대차 - 기타,직진우회전진행방해,건조,맑음,교차로 - 교차로안,승용,남,41세,상해없음,이륜,남,49세,경상
2017021500100366,2017년 2월 15일 17시,수요일,충청북도 청주시 흥덕구 가경동,경상사고,0,0,1,0,차대차 - 추돌,안전운전불이행,건조,맑음,단일로 - 기타,승용,여,57세,상해없음,승용,남,64세,경상
2017021500100398,2017년 2월 15일 18시,수요일,충청북도 청주시 서원구 개신동,경상사고,0,0,2,0,차대차 - 정면충돌,교차로운행방법위반,건조,맑음,교차로 - 교차로안,승용,여,50세,상해없음,화물,여,52세,경상
2017021500100399,2017년 2월 15일 18시,수요일,충청북도 제천시 영천동,경상사고,0,0,1,0,차대차 - 측면충돌,안전거리미확보,건조,맑음,기타 - 기타,승용,남,42세,상해없음,승용,여,48세,경상
2017021500100400,2017년 2월 15일 18시,수요일,충청북도 청주시 흥덕구 옥산면,경상사고,0,0,1,0,차대차 - 측면충돌,안전운전불이행,건조,맑음,교차로 - 교차로안,승용,여,44세,상해없음,승용,남,31세,경상
2017021500100432,2017년 2월 15일 19시,수요일,충청북도 청주시 흥덕구 옥산면,중상사고,0,1,1,0,차대차 - 측면충돌,신호위반,건조,맑음,교차로 - 교차로안,승용,여,30세,중상,승용,남,35세,경상
2017021500100490,2017년 2월 15일 21시,수요일,충청북도 청주시 청원구 내덕동,경상사고,0,0,3,0,차대차 - 정면충돌,신호위반,건조,맑음,교차로 - 교차로안,승용,남,32세,경상,승용,여,39세,경상
2017021500100491,2017년 2월 15일 21시,수요일,충청북도 제천시 하소동,경상사고,0,0,2,0,차대차 - 기타,안전거리미확보,건조,맑음,단일로 - 기타,승용,여,55세,상해없음,승용,남,28세,경상
2017021500100519,2017년 2월 15일 22시,수요일,충청북도 청주시 상당구 탑동,중상사고,0,1,0,0,차대사람 - 횡단중,안전운전불이행,건조,맑음,단일로 - 기타,이륜,남,43세,상해없음,보행자,여,73세,중상
2017021500100520,2017년 2월 15일 22시,수요일,충청북도 청주시 상당구 용암동,경상사고,0,0,6,0,차대차 - 정면충돌,신호위반,건조,맑음,교차로 - 교차로안,승용,여,46세,상해없음,승용,여,34세,경상
2017021500100545,2017년 2월 15일 23시,수요일,충청북도 청주시 흥덕구 봉명동,중상사고,0,1,0,0,차대사람 - 횡단중,안전운전불이행,건조,맑음,단일로 - 기타,화물,남,29세,상해없음,보행자,남,54세,중상
2017021600100078,2017년 2월 16일 06시,목요일,충청북도 음성군 맹동면,중상사고,0,1,1,0,차대차 - 측면충돌,신호위반,건조,맑음,교차로 - 교차로안,화물,남,50세,상해없음,승합,남,53세,경상
2017021600100079,2017년 2월 16일 06시,목요일,충청북도 청주시 흥덕구 봉명동,경상사고,0,0,1,0,차대차 - 측면충돌,안전운전불이행,건조,맑음,교차로 - 교차로안,자전거,남,25세,경상,승용,여,42세,상해없음
2017021600100120,2017년 2월 16일 08시,목요일,충청북도 충주시 중앙탑면,경상사고,0,0,3,0,차대차 - 기타,안전운전불이행,건조,맑음,단일로 - 기타,승용,남,40세,경상,승용,남,33세,경상
2017021600100152,2017년 2월 16일 09시,목요일,충청북도 청주시 청원구 우암동,경상사고,0,0,3,0,차대차 - 추돌,안전운전불이행,건조,맑음,교차로 - 교차로안,승용,여,42세,상해없음,승용,남,52세,경상
2017021600100177,2017년 2월 16일 10시,목요일,충청북도 충주시 금릉동,경상사고,0,0,1,0,차대차 - 정면충돌,직진우회전진행방해,건조,맑음,교차로 - 교차로안,승용,남,72세,상해없음,승용,남,85세,경상
2017021600100178,2017년 2월 16일 10시,목요일,충청북도 제천시 화산동,경상사고,0,0,1,0,차대차 - 정면충돌,신호위반,건조,맑음,교차로 - 교차로안,화물,남,43세,상해없음,화물,남,55세,경상
2017021600100179,2017년 2월 16일 10시,목요일,충청북도 제천시 신월동,경상사고,0,0,1,0,차대사람 - 횡단중,안전운전불이행,건조,맑음,단일로 - 기타,승용,여,53세,상해없음,보행자,여,44세,경상
2017021600100240,2017년 2월 16일 13시,목요일,충청북도 영동군 영동읍,중상사고,0,1,0,0,차대사람 - 횡단중,안전운전불이행,건조,맑음,단일로 - 기타,승용,남,32세,상해없음,보행자,여,62세,중상
2017021600100241,2017년 2월 16일 13시,목요일,충청북도 청주시 청원구 오창읍,경상사고,0,0,4,0,차대차 - 추돌,안전거리미확보,건조,맑음,기타 - 기타,승용,여,50세,상해없음,승용,남,35세,경상
2017021600100269,2017년 2월 16일 14시,목요일,충청북도 제천시 명동,경상사고,0,0,1,0,차대차 - 측면충돌,안전운전불이행,건조,맑음,기타 - 기타,화물,남,65세,상해없음,원동기,남,22세,경상
2017021600100270,2017년 2월 16일 14시,목요일,충청북도 청주시 흥덕구 원평동,중상사고,0,1,0,0,차대차 - 측면충돌,안전거리미확보,건조,맑음,단일로 - 기타,승용,남,74세,상해없음,화물,남,25세,중상
2017021600100271,2017년 2월 16일 14시,목요일,충청북도 청주시 상당구 남문로2가동,경상사고,0,0,1,0,차대차 - 기타,교차로운행방법위반,건조,맑음,교차로 - 교차로부근,승용,여,60세,상해없음,승합,남,50세,경상
2017021600100353,2017년 2월 16일 17시,목요일,충청북도 청주시 청원구 율량동,중상사고,0,1,1,0,차대차 - 측면충돌,교차로운행방법위반,건조,맑음,교차로 - 교차로부근,화물,남,59세,경상,승용,남,37세,중상
2017021600100394,2017년 2월 16일 18시,목요일,충청북도 충주시 용산동,경상사고,0,0,3,0,차대차 - 정면충돌,중앙선침범,건조,맑음,단일로 - 기타,승용,남,56세,기타불명,승용,여,49세,경상
2017021600100429,2017년 2월 16일 19시,목요일,충청북도 청주시 흥덕구 복대동,경상사고,0,0,2,0,차대차 - 측면충돌,교차로운행방법위반,젖음/습기,비,교차로 - 교차로안,승용,남,59세,경상,승용,남,64세,경상
2017021600100470,2017년 2월 16일 20시,목요일,충청북도 청주시 흥덕구 강내면,경상사고,0,0,2,0,차대차 - 추돌,안전운전불이행,건조,맑음,교차로 - 교차로안,화물,남,63세,상해없음,승용,남,26세,경상
2017021600100497,2017년 2월 16일 21시,목요일,충청북도 음성군 금왕읍,경상사고,0,0,1,0,차대차 - 측면충돌,안전운전불이행,젖음/습기,흐림,교차로 - 교차로안,승용,여,50세,상해없음,승용,남,41세,경상
2017021600100498,2017년 2월 16일 21시,목요일,충청북도 청주시 흥덕구 복대동,경상사고,0,0,1,0,차대차 - 측면충돌,교차로운행방법위반,젖음/습기,비,교차로 - 교차로안,승용,남,25세,상해없음,이륜,남,16세,경상
2017021600100499,2017년 2월 16일 21시,목요일,충청북도 청주시 서원구 성화동,경상사고,0,0,1,0,차대차 - 기타,안전운전불이행,건조,맑음,교차로 - 교차로안,승용,남,64세,상해없음,승용,남,31세,상해없음
2017021600100534,2017년 2월 16일 22시,목요일,충청북도 청주시 서원구 사직동,경상사고,0,0,2,0,차대사람 - 횡단중,안전운전불이행,건조,흐림,교차로 - 교차로안,승용,남,30세,상해없음,보행자,여,24세,경상
2017021600100535,2017년 2월 16일 22시,목요일,충청북도 충주시 지현동,경상사고,0,0,1,0,차대차 - 측면충돌,중앙선침범,건조,맑음,교차로 - 교차로부근,승용,남,21세,상해없음,승용,여,50세,경상
2017021700100031,2017년 2월 17일 00시,금요일,충청북도 청주시 청원구 우암동,경상사고,0,0,2,0,차대차 - 추돌,안전운전불이행,젖음/습기,비,단일로 - 교량,승용,남,36세,상해없음,승용,남,30세,경상
2017021700100032,2017년 2월 17일 00시,금요일,충청북도 음성군 음성읍,중상사고,0,2,1,0,차대차 - 측면충돌,교차로운행방법위반,젖음/습기,비,교차로 - 교차로안,승용,남,56세,상해없음,승용,남,51세,경상
2017021700100058,2017년 2월 17일 01시,금요일,충청북도 청주시 청원구 오창읍,중상사고,0,1,0,0,차량단독 - 전도전복,안전운전불이행,젖음/습기,비,단일로 - 기타,승용,남,37세,상해없음,미분류,미분류,미분류,미분류
2017021700100059,2017년 2월 17일 01시,금요일,충청북도 음성군 금왕읍,경상사고,0,0,2,0,차대차 - 추돌,안전운전불이행,젖음/습기,비,기타 - 기타,승용,남,35세,상해없음,승용,여,41세,경상
2017021700100071,2017년 2월 17일 02시,금요일,충청북도 청주시 청원구 오창읍,경상사고,0,0,2,0,차대차 - 정면충돌,신호위반,건조,맑음,교차로 - 교차로안,승용,남,33세,상해없음,승용,남,26세,경상
2017021700100105,2017년 2월 17일 05시,금요일,충청북도 청주시 청원구 내덕동,경상사고,0,0,2,0,차대사람 - 횡단중,신호위반,젖음/습기,흐림,교차로 - 교차로횡단보도내,화물,남,55세,상해없음,보행자,남,41세,경상
2017021700100115,2017년 2월 17일 06시,금요일,충청북도 충주시 대소원면,경상사고,0,0,1,2,차대차 - 측면충돌,신호위반,건조,맑음,교차로 - 교차로안,승합,남,56세,상해없음,승용,남,40세,경상
2017021700100134,2017년 2월 17일 07시,금요일,충청북도 음성군 맹동면,경상사고,0,0,1,0,차대차 - 측면충돌,신호위반,건조,맑음,교차로 - 교차로안,승용,남,37세,상해없음,승용,남,35세,경상
2017021700100179,2017년 2월 17일 09시,금요일,충청북도 청주시 흥덕구 강서동,경상사고,0,0,1,0,차대차 - 추돌,안전운전불이행,건조,맑음,교차로 - 교차로안,승용,남,47세,상해없음,승용,남,23세,상해없음
2017021700100204,2017년 2월 17일 10시,금요일,충청북도 괴산군 괴산읍,중상사고,0,2,0,0,차대차 - 측면충돌,교차로운행방법위반,건조,맑음,교차로 - 교차로안,승용,남,57세,상해없음,승용,남,50세,상해없음