사고번호,사고일시,요일,시군구,사고내용,사망자수,중상자수,경상자수,부상신고자수,사고유형,법규위반,노면상태,기상상태,도로형태,가해운전자 차종,가해운전자 성별,가해운전자 연령,가해운전자 상해정도,피해운전자 차종,피해운전자 성별,피해운전자 연령,피해운전자 상해정도
2017021700100205,2017년 2월 17일 10시,금요일,충청북도 진천군 광혜원면,경상사고,0,0,3,0,차대차 - 측면충돌,직진우회전진행방해,건조,맑음,교차로 - 교차로안,화물,남,65세,경상,승용,여,40세,경상
2017021700100206,2017년 2월 17일 10시,금요일,충청북도 청주시 흥덕구 강내면,경상사고,0,0,1,0,차대차 - 추돌,안전운전불이행,건조,맑음,단일로 - 기타,승용,남,24세,상해없음,화물,남,31세,경상
2017021700100255,2017년 2월 17일 12시,금요일,충청북도 청주시 청원구 율량동,경상사고,0,0,3,0,차대차 - 측면충돌,신호위반,건조,맑음,교차로 - 교차로안,승용,여,34세,경상,승용,여,45세,경상
2017021700100256,2017년 2월 17일 12시,금요일,충청북도 충주시 호암동,경상사고,0,0,2,1,차대차 - 기타,직진우회전진행방해,건조,맑음,교차로 - 교차로안,승용,여,53세,부상신고,승용,여,36세,경상
2017021700100257,2017년 2월 17일 12시,금요일,충청북도 충주시 엄정면,경상사고,0,0,2,0,차대차 - 기타,직진우회전진행방해,건조,맑음,교차로 - 교차로부근,승용,남,70세,상해없음,승용,여,51세,경상
2017021700100258,2017년 2월 17일 12시,금요일,충청북도 진천군 초평면,경상사고,0,0,2,0,차대차 - 측면충돌,안전운전불이행,건조,맑음,교차로 - 교차로부근,화물,남,50세,상해없음,화물,남,53세,경상
2017021700100281,2017년 2월 17일 13시,금요일,충청북도 청주시 청원구 북이면,경상사고,0,0,1,0,차대차 - 기타,안전운전불이행,건조,맑음,교차로 - 교차로부근,승용,남,19세,상해없음,건설기계,남,43세,상해없음
2017021700100282,2017년 2월 17일 13시,금요일,충청북도 청주시 서원구 산남동,경상사고,0,0,1,1,차대차 - 측면충돌,안전운전불이행,건조,맑음,교차로 - 교차로부근,이륜,남,18세,부상신고,승용,남,53세,경상
2017021700100376,2017년 2월 17일 16시,금요일,충청북도 보은군 회남면,중상사고,0,1,0,0,차대차 - 측면충돌,안전운전불이행,건조,맑음,단일로 - 기타,사륜오토바이(ATV),남,77세,중상,승용,남,27세,상해없음
2017021700100414,2017년 2월 17일 17시,금요일,충청북도 청주시 청원구 사천동,경상사고,0,0,1,0,차대차 - 기타,안전거리미확보,건조,맑음,단일로 - 기타,승용,남,58세,상해없음,승용,여,39세,경상
2017021700100453,2017년 2월 17일 18시,금요일,충청북도 청주시 흥덕구 복대동,경상사고,0,0,1,0,차대사람 - 횡단중,안전운전불이행,건조,맑음,단일로 - 기타,승용,남,24세,상해없음,보행자,남,36세,경상
2017021700100500,2017년 2월 17일 19시,금요일,충청북도 청주시 청원구 사천동,경상사고,0,0,1,0,차대차 - 정면충돌,안전운전불이행,건조,맑음,교차로 - 교차로부근,원동기,남,24세,경상,승용,남,27세,상해없음
2017021700100501,2017년 2월 17일 19시,금요일,충청북도 청주시 청원구 오창읍,경상사고,0,0,5,0,차대차 - 정면충돌,중앙선침범,건조,맑음,교차로 - 교차로안,승용,남,39세,상해없음,승용,여,36세,경상
2017021700100502,2017년 2월 17일 19시,금요일,충청북도 단양군 단양읍,경상사고,0,0,1,0,차대차 - 추돌,안전운전불이행,건조,맑음,교차로 - 교차로부근,화물,남,65세,상해없음,화물,여,59세,경상
2017021700100533,2017년 2월 17일 20시,금요일,충청북도 충주시 연수동,경상사고,0,0,3,0,차대차 - 기타,안전운전불이행,건조,맑음,교차로 - 교차로부근,화물,남,43세,상해없음,승용,여,42세,경상
2017021700100534,2017년 2월 17일 20시,금요일,충청북도 청주시 흥덕구 봉명동,중상사고,0,1,0,0,차대사람 - 횡단중,보행자보호의무위반,건조,맑음,교차로 - 교차로횡단보도내,승용,남,27세,상해없음,보행자,남,47세,중상
2017021700100535,2017년 2월 17일 20시,금요일,충청북도 충주시 대소원면,경상사고,0,0,1,0,차대차 - 추돌,안전운전불이행,건조,맑음,단일로 - 기타,승용,남,39세,상해없음,승용,남,34세,경상
2017021700100561,2017년 2월 17일 21시,금요일,충청북도 청주시 상당구 용암동,중상사고,0,1,0,0,차대사람 - 횡단중,안전운전불이행,건조,맑음,교차로 - 교차로부근,이륜,남,31세,상해없음,보행자,여,57세,중상
2017021800100138,2017년 2월 18일 08시,토요일,충청북도 청주시 흥덕구 송정동,경상사고,0,0,2,0,차대차 - 기타,교차로운행방법위반,건조,맑음,교차로 - 교차로안,승용,남,26세,상해없음,승용,남,62세,상해없음
2017021800100139,2017년 2월 18일 08시,토요일,충청북도 충주시 노은면,경상사고,0,0,2,0,차대차 - 기타,안전거리미확보,건조,맑음,단일로 - 기타,화물,남,30세,상해없음,승용,남,47세,경상
2017021800100164,2017년 2월 18일 09시,토요일,충청북도 제천시 강제동,경상사고,0,0,1,0,차대차 - 정면충돌,안전운전불이행,건조,맑음,교차로 - 교차로안,화물,남,57세,상해없음,이륜,남,50세,경상
2017021800100165,2017년 2월 18일 09시,토요일,충청북도 증평군 증평읍,중상사고,0,1,0,0,차대차 - 측면충돌,중앙선침범,건조,맑음,교차로 - 교차로부근,화물,남,60세,상해없음,승용,남,57세,중상
2017021800100194,2017년 2월 18일 10시,토요일,충청북도 청주시 서원구 분평동,경상사고,0,0,1,1,차대차 - 측면충돌,안전운전불이행,건조,맑음,교차로 - 교차로안,승용,여,60세,부상신고,승용,여,50세,경상
2017021800100195,2017년 2월 18일 10시,토요일,충청북도 음성군 금왕읍,경상사고,0,0,1,0,차대차 - 기타,안전거리미확보,건조,맑음,단일로 - 기타,화물,남,45세,기타불명,승용,남,28세,경상
2017021800100223,2017년 2월 18일 11시,토요일,충청북도 옥천군 옥천읍,경상사고,0,0,1,0,차대사람 - 횡단중,보행자보호의무위반,건조,맑음,교차로 - 교차로횡단보도내,승용,남,47세,상해없음,보행자,남,9세,경상
2017021800100288,2017년 2월 18일 13시,토요일,충청북도 청주시 서원구 분평동,중상사고,0,1,0,0,차대차 - 기타,안전운전불이행,건조,맑음,단일로 - 기타,승용,남,46세,상해없음,자전거,남,76세,중상
2017021800100291,2017년 2월 18일 13시,토요일,충청북도 청주시 흥덕구 옥산면,중상사고,0,1,2,0,차대차 - 추돌,안전운전불이행,건조,맑음,단일로 - 기타,승용,남,28세,상해없음,승용,남,35세,경상
2017021800100350,2017년 2월 18일 15시,토요일,충청북도 청주시 서원구 사창동,경상사고,0,0,1,0,차대차 - 정면충돌,신호위반,건조,맑음,교차로 - 교차로안,승용,남,22세,기타불명,이륜,남,28세,경상
2017021800100351,2017년 2월 18일 15시,토요일,충청북도 옥천군 옥천읍,경상사고,0,0,1,0,차대차 - 측면충돌,직진우회전진행방해,건조,맑음,교차로 - 교차로안,승용,남,69세,상해없음,승용,남,46세,경상
2017021800100406,2017년 2월 18일 17시,토요일,충청북도 충주시 안림동,경상사고,0,0,6,0,차대차 - 기타,안전운전불이행,건조,맑음,단일로 - 기타,승용,남,58세,상해없음,승용,남,29세,경상
2017021800100407,2017년 2월 18일 17시,토요일,충청북도 청주시 서원구 장암동,중상사고,0,1,0,0,차대차 - 측면충돌,신호위반,건조,맑음,교차로 - 교차로횡단보도내,승용,남,35세,상해없음,자전거,남,74세,중상
2017021800100443,2017년 2월 18일 18시,토요일,충청북도 충주시 소태면,경상사고,0,0,1,0,차량단독 - 기타,안전운전불이행,건조,맑음,단일로 - 기타,승합,남,54세,상해없음,,,,
2017021800100444,2017년 2월 18일 18시,토요일,충청북도 제천시 청전동,경상사고,0,0,1,0,차대차 - 기타,안전운전불이행,건조,맑음,교차로 - 교차로안,승용,여,58세,상해없음,이륜,남,23세,경상
2017021800100445,2017년 2월 18일 18시,토요일,충청북도 청주시 상당구 금천동,중상사고,0,1,0,0,차대사람 - 횡단중,신호위반,건조,맑음,단일로 - 기타,승합,남,52세,상해없음,보행자,여,14세,중상
2017021800100469,2017년 2월 18일 19시,토요일,충청북도 음성군 대소면,경상사고,0,0,1,0,차대차 - 추돌,안전운전불이행,건조,맑음,교차로 - 교차로부근,승용,남,57세,상해없음,승용,여,63세,경상
2017021800100506,2017년 2월 18일 20시,토요일,충청북도 청주시 청원구 내덕동,중상사고,0,1,0,0,차대차 - 추돌,기타,건조,맑음,단일로 - 기타,이륜,남,43세,중상,승용,여,58세,기타불명
2017021800100568,2017년 2월 18일 23시,토요일,충청북도 충주시 연수동,경상사고,0,0,1,0,차대차 - 기타,교차로운행방법위반,건조,맑음,교차로 - 교차로안,승용,남,43세,상해없음,승용,여,41세,상해없음
2017021800100569,2017년 2월 18일 23시,토요일,충청북도 보은군 수한면,중상사고,0,1,0,0,차량단독 - 전도전복 - 전도,안전운전불이행,건조,맑음,기타 - 기타,승용,여,62세,중상,,,,
2017021800100570,2017년 2월 18일 23시,토요일,충청북도 음성군 대소면,경상사고,0,0,1,0,차대사람 - 기타,안전운전불이행,건조,맑음,단일로 - 기타,승용,남,46세,상해없음,보행자,여,25세,경상
2017021900100169,2017년 2월 19일 12시,일요일,충청북도 음성군 대소면,중상사고,0,1,1,0,차대차 - 측면충돌,교차로운행방법위반,건조,맑음,교차로 - 교차로안,승용,남,80세,경상,화물,남,47세,상해없음
2017021900100274,2017년 2월 19일 17시,일요일,충청북도 청주시 서원구 사직동,경상사고,0,0,1,0,차대차 - 기타,안전운전불이행,건조,흐림,교차로 - 교차로부근,승용,여,46세,상해없음,승용,남,26세,경상
2017021900100275,2017년 2월 19일 17시,일요일,충청북도 옥천군 이원면,중상사고,0,1,0,0,차대차 - 측면충돌,교차로운행방법위반,건조,맑음,교차로 - 교차로안,승용,남,68세,상해없음,원동기,남,43세,중상
2017021900100332,2017년 2월 19일 19시,일요일,충청북도 청주시 청원구 내덕동,경상사고,0,0,1,0,차대차 - 정면충돌,안전운전불이행,건조,맑음,교차로 - 교차로부근,이륜,남,29세,상해없음,승용,남,25세,경상
2017021900100333,2017년 2월 19일 19시,일요일,충청북도 충주시 연수동,경상사고,0,0,1,0,차대차 - 측면충돌,안전운전불이행,젖음/습기,비,교차로 - 교차로부근,승용,남,35세,상해없음,원동기,남,59세,경상
2017021900100364,2017년 2월 19일 20시,일요일,충청북도 청주시 흥덕구 오송읍,중상사고,0,1,0,0,차대사람 - 횡단중,안전운전불이행,젖음/습기,비,교차로 - 교차로안,화물,남,31세,상해없음,보행자,여,78세,중상
2017021900100424,2017년 2월 19일 22시,일요일,충청북도 제천시 하소동,경상사고,0,0,2,0,차대차 - 측면충돌,안전운전불이행,건조,맑음,교차로 - 교차로안,승용,남,33세,경상,승용,남,55세,경상
2017021900100425,2017년 2월 19일 22시,일요일,충청북도 청주시 흥덕구 봉명동,경상사고,0,0,3,0,차대차 - 정면충돌,중앙선침범,젖음/습기,비,단일로 - 기타,승용,남,61세,상해없음,승용,남,47세,경상
2017021900100441,2017년 2월 19일 23시,일요일,충청북도 청주시 흥덕구 가경동,부상신고사고,0,0,0,1,차대차 - 측면충돌,신호위반,젖음/습기,비,교차로 - 교차로안,이륜,남,19세,부상신고,승용,남,28세,상해없음
2017022000100103,2017년 2월 20일 08시,월요일,충청북도 청주시 서원구 모충동,경상사고,0,0,2,0,차대차 - 정면충돌,교차로운행방법위반,건조,맑음,교차로 - 교차로안,화물,남,29세,경상,승용,여,57세,경상
2017022000100186,2017년 2월 20일 11시,월요일,충청북도 괴산군 청천면,사망사고,1,0,0,0,차대사람 - 길가장자리구역통행중,안전운전불이행,건조,맑음,단일로 - 기타,승용,남,62세,상해없음,보행자,여,84세,사망
2017022000100265,2017년 2월 20일 14시,월요일,충청북도 청주시 청원구 사천동,경상사고,0,0,1,0,차대차 - 기타,중앙선침범,건조,맑음,단일로 - 기타,승용,여,43세,상해없음,이륜,남,36세,경상
2017022000100266,2017년 2월 20일 14시,월요일,충청북도 청주시 청원구 율량동,경상사고,0,0,1,0,차대차 - 측면충돌,안전운전불이행,건조,맑음,단일로 - 기타,승용,여,55세,상해없음,이륜,남,59세,경상
2017022000100267,2017년 2월 20일 14시,월요일,충청북도 청주시 흥덕구 옥산면,경상사고,0,0,1,1,차대차 - 추돌,안전운전불이행,건조,맑음,교차로 - 교차로부근,화물,남,62세,부상신고,화물,남,37세,경상
2017022000100328,2017년 2월 20일 16시,월요일,충청북도 청주시 흥덕구 가경동,경상사고,0,0,1,0,차대차 - 기타,교차로운행방법위반,건조,맑음,교차로 - 교차로안,승용,남,42세,상해없음,승용,남,50세,상해없음
2017022000100355,2017년 2월 20일 17시,월요일,충청북도 충주시 문화동,경상사고,0,0,1,0,차대사람 - 횡단중,안전운전불이행,건조,맑음,단일로 - 기타,승용,남,60세,상해없음,보행자,여,76세,경상
2017022000100383,2017년 2월 20일 18시,월요일,충청북도 청주시 서원구 사직동,경상사고,0,0,2,0,차대차 - 정면충돌,교차로운행방법위반,건조,맑음,교차로 - 교차로안,이륜,남,69세,경상,이륜,남,57세,경상
2017022000100424,2017년 2월 20일 19시,월요일,충청북도 충주시 연수동,경상사고,0,0,1,0,차대사람 - 횡단중,안전운전불이행,건조,맑음,단일로 - 기타,원동기,남,21세,상해없음,보행자,여,40세,경상
2017022000100425,2017년 2월 20일 19시,월요일,충청북도 진천군 덕산면,중상사고,0,1,0,0,차대사람 - 횡단중,안전운전불이행,건조,맑음,단일로 - 기타,승용,여,48세,상해없음,보행자,남,65세,중상
2017022000100460,2017년 2월 20일 20시,월요일,충청북도 청주시 흥덕구 송정동,부상신고사고,0,0,0,1,차대차 - 측면충돌,신호위반,건조,맑음,교차로 - 교차로안,승용,남,49세,상해없음,승용,남,27세,부상신고
2017022000100461,2017년 2월 20일 20시,월요일,충청북도 청주시 흥덕구 봉명동,경상사고,0,0,2,0,차대차 - 측면충돌,교차로운행방법위반,건조,맑음,교차로 - 교차로부근,승용,여,55세,경상,승용,남,56세,경상
2017022000100489,2017년 2월 20일 21시,월요일,충청북도 청주시 서원구 개신동,중상사고,0,1,0,0,차대차 - 측면충돌,안전운전불이행,건조,맑음,단일로 - 기타,승용,남,42세,상해없음,이륜,남,31세,중상
2017022100100025,2017년 2월 21일 00시,화요일,충청북도 청주시 흥덕구 봉명동,경상사고,0,0,1,0,차대사람 - 횡단중,안전운전불이행,건조,맑음,교차로 - 교차로안,승용,남,26세,상해없음,보행자,남,50세,경상
2017022100100026,2017년 2월 21일 00시,화요일,충청북도 청주시 흥덕구 가경동,중상사고,0,1,1,0,차대차 - 측면충돌,신호위반,건조,맑음,교차로 - 교차로안,승용,남,39세,상해없음,승용,남,24세,중상
2017022100100043,2017년 2월 21일 01시,화요일,충청북도 음성군 금왕읍,중상사고,0,1,0,0,차량단독 - 공작물충돌,안전운전불이행,건조,맑음,단일로 - 기타,승용,남,49세,중상,,,,
2017022100100079,2017년 2월 21일 06시,화요일,충청북도 청주시 청원구 율량동,경상사고,0,0,2,0,차대차 - 추돌,안전운전불이행,건조,맑음,단일로 - 기타,승용,여,47세,상해없음,승용,남,31세,경상
2017022100100096,2017년 2월 21일 07시,화요일,충청북도 증평군 증평읍,경상사고,0,0,1,0,차대차 - 측면충돌,안전운전불이행,건조,맑음,교차로 - 교차로안,승용,여,23세,상해없음,승용,남,32세,경상
2017022100100120,2017년 2월 21일 08시,화요일,충청북도 청주시 서원구 남이면,경상사고,0,0,1,0,차대차 - 기타,안전운전불이행,건조,맑음,단일로 - 기타,승용,남,54세,상해없음,승합,남,31세,경상
2017022100100141,2017년 2월 21일 09시,화요일,충청북도 청주시 서원구 분평동,경상사고,0,0,1,0,차대차 - 추돌,안전운전불이행,건조,맑음,단일로 - 기타,승용,여,63세,상해없음,승용,남,56세,경상
2017022100100165,2017년 2월 21일 10시,화요일,충청북도 영동군 영동읍,경상사고,0,0,1,0,차대차 - 측면충돌,직진우회전진행방해,건조,맑음,교차로 - 교차로안,승용,남,58세,상해없음,화물,남,70세,경상
2017022100100166,2017년 2월 21일 10시,화요일,충청북도 청주시 상당구 금천동,경상사고,0,0,2,0,차대차 - 측면충돌,안전운전불이행,건조,맑음,단일로 - 기타,승용,여,41세,상해없음,승용,여,51세,경상
2017022100100193,2017년 2월 21일 11시,화요일,충청북도 증평군 증평읍,경상사고,0,0,1,0,차대차 - 측면충돌,교차로운행방법위반,건조,맑음,교차로 - 교차로안,화물,남,24세,상해없음,화물,남,43세,경상
2017022100100194,2017년 2월 21일 11시,화요일,충청북도 청주시 흥덕구 복대동,경상사고,0,0,3,0,차대차 - 측면충돌,안전운전불이행,건조,맑음,교차로 - 교차로안,승용,여,69세,경상,승용,여,26세,경상
2017022100100238,2017년 2월 21일 13시,화요일,충청북도 단양군 매포읍,경상사고,0,0,1,0,차대차 - 추돌,안전운전불이행,건조,맑음,단일로 - 기타,승용,여,59세,상해없음,승용,여,61세,경상
2017022100100271,2017년 2월 21일 14시,화요일,충청북도 청주시 흥덕구 봉명동,경상사고,0,0,2,0,차대차 - 측면충돌,안전운전불이행,건조,맑음,교차로 - 교차로안,승용,남,29세,상해없음,승용,여,24세,경상
2017022100100272,2017년 2월 21일 14시,화요일,충청북도 청주시 서원구 모충동,중상사고,0,1,0,0,차대사람 - 횡단중,안전운전불이행,건조,맑음,단일로 - 기타,화물,남,44세,상해없음,보행자,여,88세,중상
2017022100100323,2017년 2월 21일 16시,화요일,충청북도 청주시 청원구 오창읍,경상사고,0,0,5,0,차대차 - 추돌,안전운전불이행,건조,맑음,단일로 - 기타,화물,남,41세,상해없음,승용,남,76세,경상
2017022100100324,2017년 2월 21일 16시,화요일,충청북도 청주시 서원구 개신동,경상사고,0,0,1,0,차대차 - 측면충돌,안전운전불이행,건조,맑음,교차로 - 교차로안,승용,남,23세,상해없음,승용,여,37세,경상
2017022100100325,2017년 2월 21일 16시,화요일,충청북도 충주시 금릉동,경상사고,0,0,1,0,차대차 - 측면충돌,중앙선침범,건조,맑음,단일로 - 기타,승용,여,32세,상해없음,이륜,남,81세,경상
2017022100100326,2017년 2월 21일 16시,화요일,충청북도 제천시 교동,경상사고,0,0,3,0,차대차 - 추돌,안전거리미확보,건조,맑음,단일로 - 기타,승용,남,55세,상해없음,승용,남,19세,경상
2017022100100327,2017년 2월 21일 16시,화요일,충청북도 증평군 증평읍,중상사고,0,1,0,0,차대차 - 추돌,안전운전불이행,건조,맑음,교차로 - 교차로안,승용,남,60세,상해없음,승용,여,57세,중상
2017022100100350,2017년 2월 21일 17시,화요일,충청북도 청주시 청원구 율량동,경상사고,0,0,1,0,차대차 - 기타,안전운전불이행,건조,맑음,교차로 - 교차로안,자전거,남,12세,경상,승용,여,57세,상해없음
2017022100100351,2017년 2월 21일 17시,화요일,충청북도 청주시 흥덕구 옥산면,경상사고,0,0,1,0,차대차 - 기타,교차로운행방법위반,젖음/습기,비,교차로 - 교차로안,화물,남,67세,상해없음,화물,남,61세,경상
2017022100100377,2017년 2월 21일 18시,화요일,충청북도 청주시 흥덕구 봉명동,경상사고,0,0,1,0,차대차 - 측면충돌,교차로운행방법위반,건조,맑음,교차로 - 교차로안,승용,남,47세,상해없음,이륜,남,19세,경상
2017022100100378,2017년 2월 21일 18시,화요일,충청북도 청주시 흥덕구 가경동,경상사고,0,0,1,0,차대차 - 기타,차로위반,건조,맑음,교차로 - 교차로부근,승용,여,33세,상해없음,승용,남,36세,경상
2017022100100379,2017년 2월 21일 18시,화요일,충청북도 청주시 흥덕구 가경동,중상사고,0,1,4,1,차대차 - 기타,안전운전불이행,건조,맑음,교차로 - 교차로안,승용,남,59세,상해없음,승합,남,36세,부상신고
2017022100100412,2017년 2월 21일 19시,화요일,충청북도 청주시 청원구 율량동,중상사고,0,1,0,0,차대사람 - 횡단중,안전운전불이행,건조,맑음,단일로 - 기타,승용,남,38세,상해없음,보행자,남,13세,중상
2017022100100413,2017년 2월 21일 19시,화요일,충청북도 청주시 상당구 낭성면,경상사고,0,0,2,0,차대차 - 추돌,안전거리미확보,건조,맑음,단일로 - 기타,승용,남,72세,경상,승용,남,20세,경상
2017022100100439,2017년 2월 21일 20시,화요일,충청북도 청주시 서원구 사직동,경상사고,0,0,5,0,차대차 - 정면충돌,신호위반,건조,맑음,교차로 - 교차로안,승용,여,66세,경상,승용,남,55세,경상
2017022100100440,2017년 2월 21일 20시,화요일,충청북도 충주시 용두동,경상사고,0,0,1,1,차대차 - 기타,안전운전불이행,건조,맑음,단일로 - 기타,승용,남,39세,부상신고,승합,남,46세,경상
2017022100100460,2017년 2월 21일 21시,화요일,충청북도 충주시 문화동,경상사고,0,0,1,0,차대차 - 측면충돌,직진우회전진행방해,건조,맑음,교차로 - 교차로안,승용,남,64세,상해없음,승용,남,35세,경상
2017022200100032,2017년 2월 22일 01시,수요일,충청북도 청주시 상당구 남주동,중상사고,0,1,2,0,차대차 - 기타,신호위반,젖음/습기,비,교차로 - 교차로안,승용,남,27세,상해없음,승용,남,50세,중상
2017022200100038,2017년 2월 22일 02시,수요일,충청북도 충주시 중앙탑면,경상사고,0,0,1,0,차량단독 - 기타,안전운전불이행,건조,맑음,단일로 - 기타,승용,남,44세,경상,,,,
2017022200100063,2017년 2월 22일 06시,수요일,충청북도 음성군 금왕읍,사망사고,1,0,0,0,차대사람 - 횡단중,안전운전불이행,건조,맑음,단일로 - 기타,승용,남,76세,상해없음,보행자,남,68세,사망
2017022200100132,2017년 2월 22일 09시,수요일,충청북도 청주시 서원구 죽림동,중상사고,0,1,1,0,차대차 - 측면충돌,신호위반,젖음/습기,비,교차로 - 교차로안,승합,남,22세,상해없음,화물,남,41세,중상
2017022200100159,2017년 2월 22일 10시,수요일,충청북도 음성군 금왕읍,경상사고,0,0,1,0,차대차 - 측면충돌,교차로운행방법위반,젖음/습기,눈,교차로 - 교차로안,승용,남,45세,상해없음,승용,남,46세,경상
2017022200100191,2017년 2월 22일 11시,수요일,충청북도 진천군 진천읍,경상사고,0,0,1,0,차대차 - 정면충돌,안전운전불이행,서리/결빙,눈,단일로 - 기타,승용,여,42세,경상,특수,남,40세,상해없음
2017022200100224,2017년 2월 22일 12시,수요일,충청북도 청주시 서원구 사직동,경상사고,0,0,1,0,차대차 - 측면충돌,안전운전불이행,젖음/습기,비,교차로 - 교차로부근,승용,남,79세,상해없음,승용,남,36세,경상
2017022200100225,2017년 2월 22일 12시,수요일,충청북도 제천시 의림동,경상사고,0,0,1,0,차대사람 - 횡단중,안전운전불이행,젖음/습기,눈,단일로 - 기타,승용,여,56세,상해없음,보행자,여,72세,경상
2017022200100250,2017년 2월 22일 13시,수요일,충청북도 제천시 화산동,경상사고,0,0,1,0,차대차 - 기타,안전운전불이행,젖음/습기,눈,단일로 - 기타,승용,남,49세,경상,승용,여,48세,상해없음
2017022200100277,2017년 2월 22일 14시,수요일,충청북도 청주시 상당구 용정동,경상사고,0,0,1,0,차대사람 - 횡단중,안전운전불이행,건조,맑음,교차로 - 교차로안,승용,남,18세,기타불명,보행자,남,14세,경상
2017022200100292,2017년 2월 22일 15시,수요일,충청북도 음성군 대소면,중상사고,0,1,1,0,차대차 - 측면충돌,교차로운행방법위반,젖음/습기,비,교차로 - 교차로안,화물,남,62세,경상,승용,여,43세,중상
2017022200100349,2017년 2월 22일 17시,수요일,충청북도 단양군 적성면,사망사고,1,1,41,0,차량단독 - 기타,과속,젖음/습기,비,단일로 - 기타,승합,남,61세,사망,,,,
2017022200100350,2017년 2월 22일 17시,수요일,충청북도 제천시 신백동,경상사고,0,0,1,0,차대차 - 정면충돌,신호위반,건조,맑음,교차로 - 교차로안,승용,여,64세,상해없음,승용,여,48세,경상
2017022200100386,2017년 2월 22일 18시,수요일,충청북도 충주시 금가면,경상사고,0,0,1,0,차대차 - 정면충돌,안전운전불이행,젖음/습기,비,교차로 - 교차로부근,승용,남,53세,상해없음,승용,여,60세,경상
2017022200100430,2017년 2월 22일 19시,수요일,충청북도 진천군 진천읍,사망사고,1,0,0,0,차대사람 - 횡단중,안전운전불이행,젖음/습기,비,교차로 - 교차로횡단보도내,승합,남,34세,상해없음,보행자,남,84세,사망
2017022200100526,2017년 2월 22일 21시,수요일,충청북도 청주시 흥덕구 복대동,중상사고,0,1,0,0,차대사람 - 횡단중,안전운전불이행,건조,맑음,교차로 - 교차로횡단보도내,승용,여,65세,상해없음,보행자,여,84세,중상
2017022200100555,2017년 2월 22일 22시,수요일,충청북도 청주시 청원구 오창읍,경상사고,0,0,1,0,차대차 - 측면충돌,신호위반,젖음/습기,비,교차로 - 교차로안,승용,남,37세,상해없음,승용,남,24세,경상
2017022300100050,2017년 2월 23일 02시,목요일,충청북도 제천시 고암동,사망사고,1,0,0,0,차대사람 - 횡단중,과속,젖음/습기,흐림,단일로 - 기타,승용,남,31세,상해없음,보행자,남,68세,사망
2017022300100094,2017년 2월 23일 07시,목요일,충청북도 청주시 청원구 오창읍,중상사고,0,1,0,0,차대차 - 기타,안전운전불이행,건조,맑음,교차로 - 교차로안,화물,남,63세,상해없음,이륜,남,68세,중상
2017022300100112,2017년 2월 23일 08시,목요일,충청북도 증평군 증평읍,경상사고,0,0,1,0,차대차 - 측면충돌,신호위반,건조,맑음,교차로 - 교차로안,승용,남,31세,상해없음,승용,여,39세,경상
2017022300100113,2017년 2월 23일 08시,목요일,충청북도 청주시 흥덕구 신봉동,경상사고,0,0,1,0,차대사람 - 횡단중,보행자보호의무위반,건조,맑음,교차로 - 교차로횡단보도내,승용,여,38세,상해없음,보행자,남,23세,경상
2017022300100114,2017년 2월 23일 08시,목요일,충청북도 청주시 상당구 용암동,경상사고,0,0,4,0,차대차 - 측면충돌,신호위반,건조,맑음,교차로 - 교차로안,승용,남,64세,상해없음,승용,여,40세,경상
2017022300100145,2017년 2월 23일 09시,목요일,충청북도 청주시 청원구 율량동,중상사고,0,1,1,0,차대사람 - 횡단중,보행자보호의무위반,건조,맑음,교차로 - 교차로횡단보도내,화물,남,38세,상해없음,보행자,남,87세,경상
2017022300100146,2017년 2월 23일 09시,목요일,충청북도 진천군 진천읍,중상사고,0,1,0,0,차대사람 - 횡단중,안전운전불이행,건조,맑음,기타 - 기타,승용,남,51세,상해없음,보행자,남,83세,중상
2017022300100209,2017년 2월 23일 12시,목요일,충청북도 충주시 앙성면,경상사고,0,0,1,0,차대차 - 측면충돌,안전운전불이행,건조,맑음,단일로 - 기타,승용,남,46세,상해없음,승용,여,57세,경상
2017022300100238,2017년 2월 23일 13시,목요일,충청북도 충주시 연수동,중상사고,0,1,0,0,차대차 - 기타,직진우회전진행방해,건조,맑음,교차로 - 교차로안,승용,남,76세,기타불명,원동기,남,33세,중상
2017022300100299,2017년 2월 23일 15시,목요일,충청북도 청주시 흥덕구 가경동,경상사고,0,0,1,0,차대차 - 추돌,안전운전불이행,건조,맑음,교차로 - 교차로부근,승용,남,43세,상해없음,승용,남,33세,경상
2017022300100327,2017년 2월 23일 16시,목요일,충청북도 청주시 청원구 오창읍,중상사고,0,1,1,0,차대차 - 측면충돌,교차로운행방법위반,건조,맑음,교차로 - 교차로안,승용,남,55세,경상,승용,남,52세,중상
2017022300100328,2017년 2월 23일 16시,목요일,충청북도 음성군 금왕읍,경상사고,0,0,1,0,차대사람 - 횡단중,안전운전불이행,건조,맑음,교차로 - 교차로부근,승용,여,55세,상해없음,보행자,남,13세,경상
2017022300100364,2017년 2월 23일 17시,목요일,충청북도 제천시 영천동,경상사고,0,0,1,0,차대차 - 측면충돌,교차로운행방법위반,건조,맑음,교차로 - 교차로안,승용,남,54세,상해없음,이륜,남,62세,경상