사고번호,사고일시,요일,시군구,사고내용,사망자수,중상자수,경상자수,부상신고자수,사고유형,법규위반,노면상태,기상상태,도로형태,가해운전자 차종,가해운전자 성별,가해운전자 연령,가해운전자 상해정도,피해운전자 차종,피해운전자 성별,피해운전자 연령,피해운전자 상해정도
2017022300100365,2017년 2월 23일 17시,목요일,충청북도 영동군 영동읍,중상사고,0,1,0,0,차대차 - 기타,안전운전불이행,건조,맑음,교차로 - 교차로안,승용,남,36세,상해없음,이륜,남,28세,중상
2017022300100366,2017년 2월 23일 17시,목요일,충청북도 옥천군 이원면,중상사고,0,1,0,0,차대차 - 측면충돌,신호위반,건조,맑음,교차로 - 교차로안,승합,남,52세,상해없음,승합,남,70세,중상
2017022300100367,2017년 2월 23일 17시,목요일,충청북도 청주시 상당구 문화동,사망사고,1,0,0,0,차대차 - 측면충돌,안전운전불이행,건조,맑음,교차로 - 교차로안,건설기계,남,48세,상해없음,자전거,남,78세,사망
2017022300100433,2017년 2월 23일 19시,목요일,충청북도 충주시 금릉동,경상사고,0,0,2,0,차대차 - 정면충돌,안전거리미확보,건조,맑음,단일로 - 기타,승용,남,37세,경상,승용,남,25세,경상
2017022300100434,2017년 2월 23일 19시,목요일,충청북도 음성군 금왕읍,경상사고,0,0,4,0,차대차 - 측면충돌,교차로운행방법위반,건조,맑음,교차로 - 교차로안,승용,여,55세,경상,승용,여,39세,경상
2017022300100435,2017년 2월 23일 19시,목요일,충청북도 청주시 상당구 용정동,경상사고,0,0,1,0,차대차 - 측면충돌,신호위반,건조,맑음,교차로 - 교차로안,승용,남,40세,상해없음,이륜,남,41세,경상
2017022300100464,2017년 2월 23일 20시,목요일,충청북도 청주시 서원구 산남동,중상사고,0,2,0,0,차대차 - 측면충돌,신호위반,건조,맑음,교차로 - 교차로안,승용,여,37세,기타불명,승용,남,53세,중상
2017022300100500,2017년 2월 23일 21시,목요일,충청북도 충주시 교현동,경상사고,0,0,1,0,차대사람 - 횡단중,안전운전불이행,건조,맑음,단일로 - 기타,이륜,남,21세,상해없음,보행자,여,24세,경상
2017022300100501,2017년 2월 23일 21시,목요일,충청북도 청주시 흥덕구 외북동,경상사고,0,0,3,0,차대차 - 측면충돌,안전운전불이행,건조,맑음,교차로 - 교차로부근,이륜,남,27세,상해없음,승용,남,33세,상해없음
2017022300100502,2017년 2월 23일 21시,목요일,충청북도 청주시 상당구 용정동,경상사고,0,0,1,0,차대차 - 추돌,안전운전불이행,건조,맑음,교차로 - 교차로안,승용,여,39세,상해없음,승용,여,26세,경상
2017022300100528,2017년 2월 23일 22시,목요일,충청북도 진천군 진천읍,경상사고,0,0,3,0,차대차 - 추돌,안전운전불이행,건조,맑음,단일로 - 기타,승용,남,38세,상해없음,승용,남,53세,경상
2017022300100548,2017년 2월 23일 23시,목요일,충청북도 청주시 흥덕구 옥산면,경상사고,0,0,3,0,차대차 - 추돌,안전운전불이행,건조,맑음,교차로 - 교차로부근,승용,여,52세,상해없음,승용,여,46세,경상
2017022300100549,2017년 2월 23일 23시,목요일,충청북도 청주시 상당구 용암동,경상사고,0,0,1,0,차대차 - 추돌,안전거리미확보,건조,맑음,교차로 - 교차로안,이륜,남,18세,기타불명,승용,남,26세,경상
2017022400100066,2017년 2월 24일 04시,금요일,충청북도 충주시 앙성면,중상사고,0,1,1,0,차대차 - 추돌,안전운전불이행,건조,맑음,단일로 - 기타,화물,남,35세,중상,화물,남,48세,경상
2017022400100116,2017년 2월 24일 08시,금요일,충청북도 충주시 연수동,경상사고,0,0,1,0,차대사람 - 횡단중,교차로운행방법위반,건조,맑음,교차로 - 교차로횡단보도내,승용,남,45세,상해없음,보행자,여,72세,경상
2017022400100117,2017년 2월 24일 08시,금요일,충청북도 음성군 삼성면,경상사고,0,0,3,0,차대차 - 기타,안전운전불이행,건조,맑음,교차로 - 교차로부근,승합,남,35세,경상,승용,남,47세,경상
2017022400100139,2017년 2월 24일 09시,금요일,충청북도 영동군 영동읍,중상사고,0,1,0,0,차대사람 - 횡단중,보행자보호의무위반,건조,맑음,교차로 - 교차로횡단보도내,승용,남,64세,상해없음,보행자,남,75세,중상
2017022400100165,2017년 2월 24일 10시,금요일,충청북도 진천군 진천읍,경상사고,0,0,1,0,차대차 - 기타,안전거리미확보,건조,맑음,단일로 - 기타,승용,남,52세,상해없음,승용,여,25세,경상
2017022400100200,2017년 2월 24일 11시,금요일,충청북도 단양군 적성면,경상사고,0,0,4,0,차대차 - 정면충돌,중앙선침범,건조,맑음,단일로 - 기타,승용,남,70세,상해없음,승용,남,53세,경상
2017022400100201,2017년 2월 24일 11시,금요일,충청북도 청주시 청원구 사천동,경상사고,0,0,1,0,차대차 - 추돌,안전운전불이행,건조,맑음,교차로 - 교차로부근,승용,남,38세,상해없음,화물,여,55세,경상
2017022400100202,2017년 2월 24일 11시,금요일,충청북도 충주시 교현동,경상사고,0,0,1,0,차대차 - 측면충돌,안전운전불이행,건조,맑음,교차로 - 교차로안,승용,여,38세,상해없음,원동기,여,51세,경상
2017022400100203,2017년 2월 24일 11시,금요일,충청북도 충주시 봉방동,경상사고,0,0,1,0,차대차 - 측면충돌,신호위반,건조,맑음,교차로 - 교차로안,승용,남,77세,상해없음,승용,남,55세,경상
2017022400100204,2017년 2월 24일 11시,금요일,충청북도 괴산군 소수면,중상사고,0,1,0,0,차대차 - 정면충돌,중앙선침범,건조,맑음,교차로 - 교차로부근,화물,남,69세,상해없음,승용,남,74세,중상
2017022400100235,2017년 2월 24일 12시,금요일,충청북도 청주시 서원구 사직동,경상사고,0,0,3,0,차대차 - 측면충돌,교차로운행방법위반,건조,맑음,교차로 - 교차로부근,승용,남,86세,상해없음,승합,남,32세,경상
2017022400100290,2017년 2월 24일 14시,금요일,충청북도 청주시 상당구 문화동,경상사고,0,0,6,0,차대차 - 추돌,안전운전불이행,건조,맑음,단일로 - 기타,승용,남,46세,상해없음,승용,남,73세,경상
2017022400100327,2017년 2월 24일 15시,금요일,충청북도 청주시 흥덕구 옥산면,경상사고,0,0,2,0,차대차 - 추돌,안전운전불이행,건조,맑음,단일로 - 기타,승용,남,30세,상해없음,승용,남,35세,경상
2017022400100356,2017년 2월 24일 16시,금요일,충청북도 옥천군 옥천읍,중상사고,0,1,2,0,차대차 - 측면충돌,안전운전불이행,건조,맑음,단일로 - 기타,이륜,여,75세,중상,승용,남,32세,상해없음
2017022400100357,2017년 2월 24일 16시,금요일,충청북도 청주시 흥덕구 복대동,경상사고,0,0,1,0,차대차 - 기타,안전운전불이행,건조,맑음,단일로 - 기타,승용,남,26세,상해없음,이륜,남,33세,경상
2017022400100470,2017년 2월 24일 19시,금요일,충청북도 충주시 대소원면,사망사고,1,0,0,0,차대사람 - 횡단중,신호위반,건조,맑음,교차로 - 교차로횡단보도내,승용,여,48세,상해없음,보행자,여,50세,사망
2017022400100471,2017년 2월 24일 19시,금요일,충청북도 옥천군 군북면,중상사고,0,5,0,0,차대차 - 추돌,안전운전불이행,건조,맑음,단일로 - 기타,화물,남,58세,상해없음,승용,남,59세,중상
2017022400100472,2017년 2월 24일 19시,금요일,충청북도 청주시 상당구 남일면,경상사고,0,0,1,0,차량단독 - 전도전복 - 전도,안전운전불이행,건조,맑음,단일로 - 기타,승용,여,48세,상해없음,,,,
2017022400100503,2017년 2월 24일 20시,금요일,충청북도 충주시 중앙탑면,부상신고사고,0,0,0,1,차대차 - 측면충돌,안전운전불이행,건조,맑음,단일로 - 기타,승용,남,35세,부상신고,화물,남,62세,기타불명
2017022400100504,2017년 2월 24일 20시,금요일,충청북도 진천군 덕산면,중상사고,0,1,0,0,차대차 - 추돌,안전운전불이행,건조,맑음,단일로 - 기타,이륜,남,59세,상해없음,자전거,남,65세,중상
2017022400100554,2017년 2월 24일 22시,금요일,충청북도 음성군 대소면,경상사고,0,0,1,0,차대차 - 추돌,안전운전불이행,건조,맑음,교차로 - 교차로부근,승용,남,41세,상해없음,승용,여,29세,경상
2017022400100555,2017년 2월 24일 22시,금요일,충청북도 청주시 흥덕구 복대동,중상사고,0,1,0,0,차대차 - 측면충돌,안전운전불이행,건조,맑음,단일로 - 기타,승용,남,45세,상해없음,원동기,남,42세,중상
2017022400100556,2017년 2월 24일 22시,금요일,충청북도 청주시 흥덕구 복대동,경상사고,0,0,2,0,차대차 - 추돌,안전운전불이행,건조,맑음,단일로 - 기타,승용,남,27세,상해없음,승용,남,56세,상해없음
2017022400100585,2017년 2월 24일 23시,금요일,충청북도 청주시 상당구 용암동,경상사고,0,0,1,0,차대차 - 측면충돌,교차로운행방법위반,건조,맑음,교차로 - 교차로안,승용,남,51세,상해없음,이륜,남,37세,경상
2017022500100091,2017년 2월 25일 04시,토요일,충청북도 영동군 영동읍,중상사고,0,1,0,0,차대차 - 기타,안전운전불이행,건조,흐림,기타 - 기타,승용,남,22세,중상,승용,남,57세,기타불명
2017022500100121,2017년 2월 25일 06시,토요일,충청북도 음성군 대소면,중상사고,0,3,1,0,차대차 - 추돌,안전운전불이행,젖음/습기,안개,기타 - 기타,승용,남,39세,상해없음,승용,남,50세,상해없음
2017022500100161,2017년 2월 25일 08시,토요일,충청북도 청주시 흥덕구 송정동,경상사고,0,0,2,0,차대차 - 측면충돌,교차로운행방법위반,건조,맑음,교차로 - 교차로안,승용,여,32세,경상,승합,남,56세,상해없음
2017022500100180,2017년 2월 25일 09시,토요일,충청북도 청주시 청원구 사천동,경상사고,0,0,1,0,차대차 - 정면충돌,안전운전불이행,건조,맑음,교차로 - 교차로안,화물,남,44세,상해없음,승용,여,44세,경상
2017022500100203,2017년 2월 25일 10시,토요일,충청북도 제천시 중앙로1가,경상사고,0,0,2,0,차대차 - 측면충돌,안전운전불이행,건조,맑음,단일로 - 기타,승합,남,43세,상해없음,승용,남,31세,경상
2017022500100204,2017년 2월 25일 10시,토요일,충청북도 청주시 서원구 모충동,중상사고,0,1,0,0,차대사람 - 횡단중,안전운전불이행,건조,맑음,단일로 - 기타,자전거,남,39세,상해없음,보행자,남,61세,중상
2017022500100205,2017년 2월 25일 10시,토요일,충청북도 음성군 감곡면,경상사고,0,0,4,0,차대차 - 추돌,안전운전불이행,건조,맑음,단일로 - 기타,승용,남,53세,상해없음,승용,여,32세,경상
2017022500100240,2017년 2월 25일 11시,토요일,충청북도 청주시 서원구 분평동,경상사고,0,0,1,0,차대차 - 후진중충돌,안전운전불이행,건조,맑음,주차장 - 주차장,승용,여,36세,상해없음,승용,남,64세,경상
2017022500100266,2017년 2월 25일 12시,토요일,충청북도 청주시 흥덕구 강서동,경상사고,0,0,3,0,차대차 - 추돌,안전운전불이행,건조,맑음,단일로 - 기타,승용,남,52세,상해없음,승용,남,38세,경상
2017022500100314,2017년 2월 25일 14시,토요일,충청북도 진천군 진천읍,경상사고,0,0,2,0,차대차 - 기타,안전운전불이행,건조,맑음,교차로 - 교차로부근,건설기계,남,48세,상해없음,승용,남,36세,경상
2017022500100347,2017년 2월 25일 15시,토요일,충청북도 옥천군 옥천읍,경상사고,0,0,1,0,차대차 - 추돌,안전운전불이행,건조,맑음,단일로 - 기타,원동기,여,55세,상해없음,자전거,남,74세,경상
2017022500100394,2017년 2월 25일 16시,토요일,충청북도 청주시 상당구 남일면,경상사고,0,0,2,0,차대차 - 추돌,안전운전불이행,건조,맑음,단일로 - 기타,승용,남,60세,상해없음,승용,남,40세,경상
2017022500100419,2017년 2월 25일 17시,토요일,충청북도 청주시 청원구 주성동,중상사고,0,2,0,0,차대차 - 측면충돌,신호위반,건조,맑음,교차로 - 교차로안,승용,남,48세,상해없음,승용,남,36세,중상
2017022500100420,2017년 2월 25일 17시,토요일,충청북도 청주시 흥덕구 봉명동,경상사고,0,0,1,0,차대사람 - 횡단중,안전운전불이행,건조,맑음,교차로 - 교차로부근,승용,여,24세,상해없음,보행자,남,20세,경상
2017022500100421,2017년 2월 25일 17시,토요일,충청북도 청주시 상당구 남일면,중상사고,0,1,1,0,차대차 - 측면충돌,안전운전불이행,건조,맑음,교차로 - 교차로안,승합,남,53세,상해없음,승용,남,56세,경상
2017022500100489,2017년 2월 25일 19시,토요일,충청북도 청주시 청원구 주중동,중상사고,0,1,0,0,차대차 - 측면충돌,신호위반,건조,맑음,교차로 - 교차로안,승용,남,33세,상해없음,승용,여,61세,중상
2017022500100490,2017년 2월 25일 19시,토요일,충청북도 음성군 감곡면,경상사고,0,0,3,0,차대차 - 추돌,안전운전불이행,건조,맑음,교차로 - 교차로안,승용,남,48세,상해없음,승합,남,36세,경상
2017022500100514,2017년 2월 25일 20시,토요일,충청북도 음성군 삼성면,경상사고,0,0,2,0,차대차 - 기타,안전거리미확보,건조,맑음,단일로 - 기타,승용,남,57세,상해없음,승용,여,42세,경상
2017022500100533,2017년 2월 25일 21시,토요일,충청북도 진천군 진천읍,중상사고,0,1,0,0,차대차 - 측면충돌,안전운전불이행,건조,맑음,단일로 - 기타,승용,남,23세,중상,농기계,남,58세,상해없음
2017022500100554,2017년 2월 25일 22시,토요일,충청북도 청주시 서원구 개신동,경상사고,0,0,1,0,차대차 - 측면충돌,신호위반,건조,맑음,교차로 - 교차로안,승용,남,31세,상해없음,이륜,남,34세,경상
2017022500100585,2017년 2월 25일 23시,토요일,충청북도 청주시 청원구 우암동,중상사고,0,2,0,0,차대차 - 추돌,안전운전불이행,건조,맑음,교차로 - 교차로부근,승용,여,27세,상해없음,승용,여,21세,중상
2017022500100586,2017년 2월 25일 23시,토요일,충청북도 제천시 명동,경상사고,0,0,2,0,차대차 - 기타,신호위반,건조,흐림,교차로 - 교차로안,화물,남,27세,상해없음,승용,남,36세,경상
2017022600100017,2017년 2월 26일 00시,일요일,충청북도 청주시 흥덕구 오송읍,경상사고,0,0,1,0,차대차 - 측면충돌,차로위반,건조,맑음,교차로 - 교차로부근,승용,남,56세,상해없음,이륜,남,18세,경상
2017022600100052,2017년 2월 26일 02시,일요일,충청북도 청주시 서원구 사창동,경상사고,0,0,2,0,차대차 - 측면충돌,불법유턴,건조,맑음,교차로 - 교차로부근,승용,남,25세,상해없음,승용,남,43세,경상
2017022600100053,2017년 2월 26일 02시,일요일,충청북도 청주시 청원구 오동동,중상사고,0,2,2,0,차대차 - 추돌,안전운전불이행,건조,맑음,단일로 - 기타,승용,남,32세,상해없음,승용,여,27세,중상
2017022600100082,2017년 2월 26일 04시,일요일,충청북도 청주시 청원구 내덕동,중상사고,0,1,0,0,차대차 - 기타,안전거리미확보,건조,맑음,교차로 - 교차로안,승용,남,23세,상해없음,이륜,남,25세,중상
2017022600100094,2017년 2월 26일 05시,일요일,충청북도 청주시 청원구 내덕동,경상사고,0,0,1,0,차대차 - 정면충돌,신호위반,건조,맑음,교차로 - 교차로안,승용,남,19세,상해없음,승용,남,24세,경상
2017022600100162,2017년 2월 26일 11시,일요일,충청북도 청주시 흥덕구 복대동,부상신고사고,0,0,0,1,차대차 - 측면충돌,안전운전불이행,건조,맑음,교차로 - 교차로부근,자전거,남,22세,부상신고,승용,남,41세,상해없음
2017022600100242,2017년 2월 26일 15시,일요일,충청북도 청주시 상당구 북문로2가동,경상사고,0,0,1,0,차대사람 - 횡단중,안전운전불이행,건조,맑음,단일로 - 기타,기타불명,기타불명,미분류,기타불명,보행자,남,16세,경상
2017022600100243,2017년 2월 26일 15시,일요일,충청북도 충주시 성서동,경상사고,0,0,1,0,차대사람 - 횡단중,신호위반,건조,맑음,교차로 - 교차로횡단보도내,승용,여,45세,상해없음,보행자,남,23세,경상
2017022600100244,2017년 2월 26일 15시,일요일,충청북도 충주시 연수동,경상사고,0,0,1,1,차대차 - 기타,안전운전불이행,건조,맑음,단일로 - 기타,자전거,남,15세,부상신고,원동기,남,21세,경상
2017022600100245,2017년 2월 26일 15시,일요일,충청북도 청주시 흥덕구 강서동,경상사고,0,0,1,0,차대차 - 추돌,안전운전불이행,건조,맑음,단일로 - 기타,승용,여,45세,상해없음,승용,여,29세,경상
2017022600100295,2017년 2월 26일 17시,일요일,충청북도 충주시 금가면,중상사고,0,1,0,0,차대차 - 기타,안전운전불이행,건조,맑음,교차로 - 교차로부근,승용,남,57세,상해없음,승용,여,25세,중상
2017022600100347,2017년 2월 26일 19시,일요일,충청북도 진천군 광혜원면,중상사고,0,1,0,0,차대차 - 측면충돌,중앙선침범,건조,맑음,교차로 - 교차로부근,승용,여,43세,상해없음,원동기,남,16세,중상
2017022600100348,2017년 2월 26일 19시,일요일,충청북도 청주시 상당구 금천동,경상사고,0,0,3,0,차대차 - 기타,중앙선침범,건조,맑음,단일로 - 기타,승용,여,52세,상해없음,승용,남,34세,경상
2017022600100403,2017년 2월 26일 21시,일요일,충청북도 청주시 서원구 산남동,경상사고,0,0,3,0,차대차 - 추돌,안전운전불이행,건조,맑음,교차로 - 교차로부근,승용,남,41세,상해없음,승용,여,40세,경상
2017022600100406,2017년 2월 26일 21시,일요일,충청북도 청주시 흥덕구 옥산면,중상사고,0,1,1,0,차대차 - 추돌,안전운전불이행,건조,맑음,단일로 - 기타,화물,남,39세,상해없음,승용,남,45세,중상
2017022600100423,2017년 2월 26일 22시,일요일,충청북도 청주시 흥덕구 가경동,경상사고,0,0,2,0,차대차 - 추돌,안전운전불이행,건조,맑음,교차로 - 교차로부근,승용,남,62세,상해없음,승용,남,29세,상해없음
2017022700100024,2017년 2월 27일 00시,월요일,충청북도 충주시 연수동,중상사고,0,1,0,0,차대차 - 기타,안전운전불이행,건조,맑음,단일로 - 기타,화물,남,23세,상해없음,승용,남,68세,중상
2017022700100052,2017년 2월 27일 04시,월요일,충청북도 진천군 진천읍,경상사고,0,0,2,0,차대차 - 추돌,안전운전불이행,건조,맑음,단일로 - 기타,승용,남,30세,상해없음,화물,남,44세,경상
2017022700100088,2017년 2월 27일 07시,월요일,충청북도 진천군 백곡면,사망사고,1,0,0,0,차량단독 - 전도전복,안전운전불이행,건조,맑음,단일로 - 기타,승용,남,59세,사망,미분류,미분류,미분류,미분류
2017022700100119,2017년 2월 27일 08시,월요일,충청북도 충주시 문화동,부상신고사고,0,0,0,1,차대차 - 정면충돌,직진우회전진행방해,건조,맑음,교차로 - 교차로안,원동기,여,71세,부상신고,승용,여,37세,상해없음
2017022700100120,2017년 2월 27일 08시,월요일,충청북도 청주시 흥덕구 비하동,중상사고,0,1,0,0,차대차 - 측면충돌,안전거리미확보,건조,맑음,단일로 - 기타,승용,남,58세,기타불명,승용,여,33세,중상
2017022700100168,2017년 2월 27일 10시,월요일,충청북도 청주시 청원구 사천동,경상사고,0,0,1,0,차대차 - 추돌,안전거리미확보,건조,맑음,교차로 - 교차로부근,건설기계,남,41세,상해없음,승용,여,47세,경상
2017022700100169,2017년 2월 27일 10시,월요일,충청북도 청주시 흥덕구 강내면,경상사고,0,0,1,0,차대사람 - 횡단중,안전운전불이행,건조,맑음,단일로 - 기타,승용,남,22세,상해없음,보행자,남,44세,경상
2017022700100226,2017년 2월 27일 12시,월요일,충청북도 제천시 청전동,경상사고,0,0,3,0,차대차 - 기타,안전거리미확보,건조,맑음,단일로 - 기타,승용,여,61세,상해없음,승용,남,26세,경상
2017022700100227,2017년 2월 27일 12시,월요일,충청북도 청주시 상당구 용암동,경상사고,0,0,4,0,차대차 - 정면충돌,교차로운행방법위반,건조,맑음,교차로 - 교차로안,승용,여,37세,경상,승용,남,58세,경상
2017022700100262,2017년 2월 27일 13시,월요일,충청북도 제천시 명동,경상사고,0,0,1,0,차대사람 - 횡단중,안전운전불이행,건조,맑음,교차로 - 교차로안,승용,남,24세,상해없음,보행자,남,68세,경상
2017022700100263,2017년 2월 27일 13시,월요일,충청북도 괴산군 괴산읍,중상사고,0,1,0,0,차대차 - 추돌,안전거리미확보,건조,맑음,단일로 - 기타,화물,남,61세,상해없음,화물,남,23세,중상
2017022700100324,2017년 2월 27일 15시,월요일,충청북도 증평군 증평읍,중상사고,0,1,0,0,차대사람 - 횡단중,안전운전불이행,건조,맑음,교차로 - 교차로안,승용,남,54세,상해없음,보행자,여,74세,중상
2017022700100325,2017년 2월 27일 15시,월요일,충청북도 진천군 덕산면,중상사고,0,2,0,0,차대차 - 측면충돌,안전운전불이행,건조,맑음,교차로 - 교차로부근,승합,남,24세,상해없음,화물,남,50세,기타불명
2017022700100326,2017년 2월 27일 15시,월요일,충청북도 충주시 노은면,중상사고,0,1,0,0,차대사람 - 횡단중,안전운전불이행,건조,맑음,주차장 - 주차장,승용,여,47세,상해없음,보행자,여,49세,중상
2017022700100362,2017년 2월 27일 16시,월요일,충청북도 충주시 교현동,경상사고,0,0,1,0,차대차 - 기타,차로위반,건조,맑음,단일로 - 기타,승용,남,68세,상해없음,승용,남,30세,경상
2017022700100363,2017년 2월 27일 16시,월요일,충청북도 제천시 청풍면,경상사고,0,0,1,0,차량단독 - 전도전복 - 전복,안전운전불이행,건조,맑음,단일로 - 기타,승용,여,64세,경상,,,,
2017022700100364,2017년 2월 27일 16시,월요일,충청북도 음성군 대소면,경상사고,0,0,3,0,차대차 - 측면충돌,안전운전불이행,건조,맑음,단일로 - 기타,화물,남,61세,상해없음,승용,남,37세,경상
2017022700100403,2017년 2월 27일 17시,월요일,충청북도 청주시 흥덕구 복대동,중상사고,0,1,0,0,차대사람 - 기타,안전운전불이행,건조,맑음,교차로 - 교차로안,승합,남,27세,상해없음,보행자,남,48세,중상
2017022700100426,2017년 2월 27일 18시,월요일,충청북도 청주시 상당구 영동,경상사고,0,0,1,0,차대차 - 추돌,안전운전불이행,건조,맑음,단일로 - 기타,승용,남,55세,상해없음,승용,여,42세,경상
2017022700100427,2017년 2월 27일 18시,월요일,충청북도 청주시 흥덕구 봉명동,경상사고,0,0,1,0,차대차 - 추돌,안전운전불이행,건조,맑음,교차로 - 교차로안,이륜,남,16세,상해없음,승용,남,45세,경상
2017022700100460,2017년 2월 27일 19시,월요일,충청북도 충주시 성내동,경상사고,0,0,2,0,차대차 - 측면충돌,안전운전불이행,건조,맑음,교차로 - 교차로안,승용,남,55세,상해없음,승용,남,42세,경상
2017022700100491,2017년 2월 27일 20시,월요일,충청북도 충주시 대소원면,중상사고,0,1,0,1,차대차 - 측면충돌,안전운전불이행,건조,맑음,교차로 - 교차로안,승용,남,33세,부상신고,승용,남,55세,중상
2017022700100492,2017년 2월 27일 20시,월요일,충청북도 청주시 흥덕구 복대동,중상사고,0,1,0,0,차대차 - 추돌,교차로운행방법위반,건조,맑음,교차로 - 교차로안,이륜,남,58세,중상,이륜,남,20세,상해없음
2017022700100520,2017년 2월 27일 21시,월요일,충청북도 증평군 증평읍,사망사고,1,0,0,0,차대사람 - 횡단중,안전운전불이행,건조,흐림,교차로 - 교차로안,화물,여,48세,상해없음,보행자,남,22세,사망
2017022700100521,2017년 2월 27일 21시,월요일,충청북도 청주시 서원구 개신동,경상사고,0,0,1,0,차대차 - 추돌,안전운전불이행,건조,맑음,교차로 - 교차로안,화물,남,66세,상해없음,승용,남,26세,경상
2017022800100037,2017년 2월 28일 01시,화요일,충청북도 청주시 서원구 모충동,경상사고,0,0,1,0,차대사람 - 기타,안전운전불이행,건조,맑음,단일로 - 기타,승용,남,26세,상해없음,보행자,남,26세,경상
2017022800100071,2017년 2월 28일 06시,화요일,충청북도 충주시 달천동,경상사고,0,0,2,0,차대차 - 정면충돌,신호위반,건조,맑음,교차로 - 교차로안,승용,남,36세,경상,화물,남,34세,경상
2017022800100072,2017년 2월 28일 06시,화요일,충청북도 음성군 맹동면,중상사고,0,1,1,0,차대차 - 측면충돌,신호위반,건조,맑음,교차로 - 교차로안,승용,남,44세,경상,승용,여,52세,중상
2017022800100113,2017년 2월 28일 08시,화요일,충청북도 청주시 청원구 내덕동,중상사고,0,1,0,0,차량단독 - 기타,기타,건조,맑음,단일로 - 기타,승용,남,66세,상해없음,,,,
2017022800100114,2017년 2월 28일 08시,화요일,충청북도 청주시 서원구 현도면,경상사고,0,0,1,0,차대차 - 기타,안전거리미확보,건조,맑음,교차로 - 교차로안,승용,여,29세,상해없음,승용,남,48세,경상
2017022800100115,2017년 2월 28일 08시,화요일,충청북도 청주시 흥덕구 가경동,경상사고,0,0,2,0,차대차 - 기타,안전거리미확보,건조,맑음,단일로 - 기타,승용,남,50세,상해없음,승합,남,36세,상해없음
2017022800100189,2017년 2월 28일 11시,화요일,충청북도 청주시 서원구 사직동,경상사고,0,0,2,0,차대차 - 추돌,안전운전불이행,건조,맑음,단일로 - 기타,승용,남,65세,상해없음,승용,여,45세,경상
2017022800100212,2017년 2월 28일 12시,화요일,충청북도 충주시 금가면,경상사고,0,0,2,0,차대차 - 기타,안전운전불이행,건조,맑음,기타 - 기타,화물,남,61세,상해없음,승용,남,45세,경상
2017022800100350,2017년 2월 28일 16시,화요일,충청북도 충주시 칠금동,중상사고,0,1,1,0,차대사람 - 횡단중,신호위반,건조,맑음,단일로 - 기타,승용,여,66세,상해없음,보행자,여,52세,중상
2017022800100351,2017년 2월 28일 16시,화요일,충청북도 제천시 중앙로2가,경상사고,0,0,1,0,차대차 - 측면충돌,직진우회전진행방해,건조,맑음,교차로 - 교차로안,승용,남,42세,상해없음,승용,남,49세,경상
2017022800100352,2017년 2월 28일 16시,화요일,충청북도 보은군 수한면,중상사고,0,1,0,0,차대사람 - 횡단중,교차로운행방법위반,건조,맑음,교차로 - 교차로부근,승용,남,68세,상해없음,보행자,여,77세,중상
2017022800100493,2017년 2월 28일 20시,화요일,충청북도 영동군 영동읍,경상사고,0,0,1,0,차대차 - 추돌,안전운전불이행,건조,맑음,교차로 - 교차로부근,승용,남,51세,상해없음,이륜,남,48세,경상
2017022800100494,2017년 2월 28일 20시,화요일,충청북도 진천군 광혜원면,경상사고,0,0,1,0,차대사람 - 횡단중,보행자보호의무위반,건조,맑음,교차로 - 교차로횡단보도내,승용,남,47세,상해없음,보행자,남,38세,경상
2017022800100495,2017년 2월 28일 20시,화요일,충청북도 청주시 흥덕구 정봉동,경상사고,0,0,1,0,차대차 - 측면충돌,안전거리미확보,건조,맑음,교차로 - 교차로부근,화물,남,39세,상해없음,승용,남,38세,경상
2017022800100545,2017년 2월 28일 22시,화요일,충청북도 진천군 진천읍,경상사고,0,0,1,0,차대차 - 측면충돌,신호위반,건조,맑음,교차로 - 교차로안,승용,남,45세,상해없음,승용,여,42세,경상
2017022800100546,2017년 2월 28일 22시,화요일,충청북도 청주시 흥덕구 송정동,경상사고,0,0,2,0,차대차 - 측면충돌,차로위반,건조,맑음,단일로 - 기타,승용,남,23세,경상,이륜,남,51세,경상
2017030100100018,2017년 3월 1일 00시,수요일,충청북도 보은군 보은읍,사망사고,1,0,0,0,차량단독 - 전도전복 - 전도,안전운전불이행,건조,맑음,교차로 - 교차로부근,승용,남,24세,사망,,,,
2017030100100055,2017년 3월 1일 02시,수요일,충청북도 청주시 상당구 용암동,경상사고,0,0,2,0,차대차 - 측면충돌,신호위반,건조,맑음,교차로 - 교차로안,승용,남,43세,상해없음,승용,남,54세,경상
2017030100100070,2017년 3월 1일 04시,수요일,충청북도 청주시 흥덕구 송정동,경상사고,0,0,1,0,차대차 - 기타,안전운전불이행,건조,맑음,교차로 - 교차로부근,승용,남,30세,상해없음,승용,여,45세,경상
2017030100100136,2017년 3월 1일 10시,수요일,충청북도 음성군 삼성면,중상사고,0,1,0,0,차대차 - 추돌,안전운전불이행,건조,맑음,단일로 - 기타,승용,남,21세,상해없음,승용,남,39세,중상