사고번호,사고일시,요일,시군구,사고내용,사망자수,중상자수,경상자수,부상신고자수,사고유형,법규위반,노면상태,기상상태,도로형태,가해운전자 차종,가해운전자 성별,가해운전자 연령,가해운전자 상해정도,피해운전자 차종,피해운전자 성별,피해운전자 연령,피해운전자 상해정도
2017030600100459,2017년 3월 6일 19시,월요일,충청북도 청주시 서원구 산남동,경상사고,0,0,2,0,차대차 - 측면충돌,신호위반,건조,맑음,교차로 - 교차로안,승용,남,55세,경상,승용,남,48세,경상
2017030600100460,2017년 3월 6일 19시,월요일,충청북도 청주시 서원구 수곡동,경상사고,0,0,1,0,차대차 - 기타,교차로운행방법위반,건조,맑음,교차로 - 교차로안,승용,남,52세,상해없음,승용,남,60세,상해없음
2017030600100525,2017년 3월 6일 21시,월요일,충청북도 청주시 상당구 용담동,중상사고,0,1,0,0,차량단독 - 전도전복 - 전도,안전운전불이행,건조,맑음,단일로 - 기타,이륜,남,26세,중상,,,,
2017030600100542,2017년 3월 6일 22시,월요일,충청북도 청주시 상당구 용암동,중상사고,0,1,0,0,차량단독 - 전도전복 - 전도,안전운전불이행,건조,맑음,단일로 - 기타,승합,남,56세,상해없음,,,,
2017030700100033,2017년 3월 7일 02시,화요일,충청북도 증평군 증평읍,중상사고,0,2,0,0,차량단독 - 전도전복 - 전도,안전운전불이행,건조,맑음,단일로 - 기타,이륜,남,20세,중상,,,,
2017030700100034,2017년 3월 7일 02시,화요일,충청북도 청주시 서원구 분평동,경상사고,0,0,1,0,차대차 - 측면충돌,차로위반,건조,맑음,단일로 - 기타,승용,남,60세,상해없음,승용,남,34세,경상
2017030700100060,2017년 3월 7일 06시,화요일,충청북도 제천시 금성면,경상사고,0,0,1,0,차량단독 - 공작물충돌,안전운전불이행,건조,맑음,단일로 - 기타,건설기계,남,57세,경상,,,,
2017030700100070,2017년 3월 7일 07시,화요일,충청북도 영동군 영동읍,중상사고,0,1,2,0,차대차 - 정면충돌,중앙선침범,건조,맑음,단일로 - 기타,승용,남,29세,경상,승합,남,56세,경상
2017030700100112,2017년 3월 7일 08시,화요일,충청북도 청주시 서원구 사창동,경상사고,0,0,3,0,차대차 - 기타,차로위반,건조,맑음,교차로 - 교차로부근,승용,남,67세,상해없음,승합,남,45세,경상
2017030700100113,2017년 3월 7일 08시,화요일,충청북도 청주시 흥덕구 오송읍,경상사고,0,0,1,0,차대사람 - 횡단중,안전운전불이행,건조,맑음,단일로 - 기타,승용,남,43세,상해없음,보행자,여,32세,경상
2017030700100114,2017년 3월 7일 08시,화요일,충청북도 청주시 흥덕구 송절동,경상사고,0,0,1,0,차대차 - 측면충돌,안전운전불이행,건조,맑음,교차로 - 교차로안,화물,남,41세,상해없음,화물,남,35세,경상
2017030700100115,2017년 3월 7일 08시,화요일,충청북도 청주시 흥덕구 옥산면,경상사고,0,0,3,0,차대차 - 측면충돌,안전운전불이행,서리/결빙,눈,단일로 - 기타,승용,남,41세,경상,승용,남,32세,상해없음
2017030700100116,2017년 3월 7일 08시,화요일,충청북도 충주시 중앙탑면,중상사고,0,3,0,0,차대차 - 추돌,안전운전불이행,건조,맑음,단일로 - 기타,승용,남,28세,상해없음,승용,남,53세,중상
2017030700100161,2017년 3월 7일 09시,화요일,충청북도 영동군 양강면,중상사고,0,1,1,0,차량단독 - 기타,안전운전불이행,서리/결빙,맑음,기타 - 기타,승용,남,66세,상해없음,,,,
2017030700100185,2017년 3월 7일 10시,화요일,충청북도 청주시 흥덕구 가경동,경상사고,0,0,2,0,차대차 - 기타,안전운전불이행,서리/결빙,맑음,단일로 - 기타,승합,남,38세,경상,승합,여,62세,경상
2017030700100186,2017년 3월 7일 10시,화요일,충청북도 청주시 흥덕구 가경동,경상사고,0,0,1,0,차대차 - 기타,안전운전불이행,건조,맑음,단일로 - 기타,승용,남,28세,상해없음,승용,여,57세,경상
2017030700100212,2017년 3월 7일 11시,화요일,충청북도 충주시 교현동,경상사고,0,0,1,0,차대차 - 측면충돌,안전운전불이행,건조,맑음,교차로 - 교차로부근,승용,여,77세,상해없음,원동기,남,16세,경상
2017030700100213,2017년 3월 7일 11시,화요일,충청북도 단양군 매포읍,중상사고,0,1,0,0,차대차 - 추돌,안전운전불이행,건조,맑음,단일로 - 기타,화물,남,49세,상해없음,승용,남,59세,중상
2017030700100214,2017년 3월 7일 11시,화요일,충청북도 청주시 상당구 용정동,경상사고,0,0,1,0,차량단독 - 전도전복,안전운전불이행,건조,맑음,단일로 - 기타,화물,남,50세,경상,미분류,미분류,미분류,미분류
2017030700100241,2017년 3월 7일 12시,화요일,충청북도 청주시 흥덕구 복대동,중상사고,0,1,0,0,차대사람 - 횡단중,안전운전불이행,건조,맑음,교차로 - 교차로횡단보도내,승용,여,50세,상해없음,보행자,여,70세,중상
2017030700100282,2017년 3월 7일 14시,화요일,충청북도 충주시 연수동,경상사고,0,0,1,0,차대차 - 기타,안전운전불이행,건조,맑음,교차로 - 교차로부근,승용,여,42세,상해없음,승용,남,60세,경상
2017030700100366,2017년 3월 7일 17시,화요일,충청북도 제천시 송학면,중상사고,0,1,0,0,차대차 - 추돌,안전운전불이행,건조,맑음,단일로 - 기타,승합,남,42세,상해없음,승용,남,51세,중상
2017030700100399,2017년 3월 7일 18시,화요일,충청북도 청주시 서원구 장성동,경상사고,0,0,2,0,차대차 - 추돌,안전운전불이행,건조,맑음,단일로 - 기타,화물,여,38세,상해없음,승용,여,58세,상해없음
2017030700100432,2017년 3월 7일 19시,화요일,충청북도 청주시 청원구 우암동,경상사고,0,0,1,0,차대차 - 측면충돌,교차로운행방법위반,건조,맑음,교차로 - 교차로부근,화물,남,60세,상해없음,승용,여,46세,경상
2017030700100433,2017년 3월 7일 19시,화요일,충청북도 청주시 흥덕구 복대동,경상사고,0,0,1,0,차대차 - 측면충돌,신호위반,건조,맑음,교차로 - 교차로부근,승용,남,25세,상해없음,승용,남,37세,경상
2017030700100434,2017년 3월 7일 19시,화요일,충청북도 청주시 서원구 산남동,중상사고,0,1,0,0,차대차 - 측면충돌,안전운전불이행,건조,맑음,교차로 - 교차로안,승용,남,32세,상해없음,이륜,남,21세,중상
2017030700100499,2017년 3월 7일 21시,화요일,충청북도 청주시 청원구 주중동,경상사고,0,0,1,0,차대사람 - 차도통행중,안전운전불이행,건조,맑음,단일로 - 기타,승용,여,55세,상해없음,보행자,남,62세,경상
2017030700100500,2017년 3월 7일 21시,화요일,충청북도 제천시 청전동,경상사고,0,0,2,0,차대차 - 기타,기타,건조,흐림,단일로 - 기타,승용,남,50세,상해없음,승용,여,22세,경상
2017030700100501,2017년 3월 7일 21시,화요일,충청북도 음성군 감곡면,경상사고,0,0,1,0,차대차 - 측면충돌,교차로운행방법위반,건조,맑음,교차로 - 교차로안,화물,남,62세,상해없음,승용,여,55세,경상
2017030700100529,2017년 3월 7일 22시,화요일,충청북도 충주시 봉방동,부상신고사고,0,0,0,1,차대차 - 정면충돌,안전운전불이행,건조,맑음,교차로 - 교차로안,원동기,남,33세,부상신고,승용,남,37세,상해없음
2017030700100557,2017년 3월 7일 23시,화요일,충청북도 제천시 중앙로1가,중상사고,0,1,0,0,차대차 - 측면충돌,안전운전불이행,건조,맑음,교차로 - 교차로부근,승합,남,61세,상해없음,원동기,남,22세,중상
2017030800100038,2017년 3월 8일 01시,수요일,충청북도 청주시 흥덕구 봉명동,중상사고,0,1,2,0,차량단독 - 기타,안전운전불이행,건조,맑음,교차로 - 교차로안,이륜,남,19세,중상,,,,
2017030800100046,2017년 3월 8일 02시,수요일,충청북도 청주시 서원구 사직동,경상사고,0,0,1,0,차대차 - 측면충돌,신호위반,건조,맑음,교차로 - 교차로안,승용,남,51세,상해없음,자전거,여,23세,경상
2017030800100060,2017년 3월 8일 04시,수요일,충청북도 청주시 상당구 용암동,중상사고,0,1,0,0,차량단독 - 전도전복,안전운전불이행,건조,맑음,단일로 - 기타,승용,남,40세,상해없음,미분류,미분류,미분류,미분류
2017030800100095,2017년 3월 8일 07시,수요일,충청북도 음성군 원남면,중상사고,0,1,1,0,차대차 - 측면충돌,차로위반,건조,맑음,단일로 - 기타,화물,남,48세,상해없음,승용,남,67세,경상
2017030800100096,2017년 3월 8일 07시,수요일,충청북도 청주시 흥덕구 봉명동,경상사고,0,0,1,0,차대차 - 측면충돌,안전운전불이행,건조,맑음,교차로 - 교차로안,승용,여,59세,상해없음,자전거,남,48세,경상
2017030800100122,2017년 3월 8일 08시,수요일,충청북도 옥천군 옥천읍,경상사고,0,0,1,0,차대차 - 기타,안전운전불이행,건조,맑음,단일로 - 기타,승용,여,59세,상해없음,승용,여,54세,경상
2017030800100153,2017년 3월 8일 09시,수요일,충청북도 청주시 서원구 사창동,경상사고,0,0,1,0,차대차 - 정면충돌,안전운전불이행,건조,맑음,단일로 - 기타,승용,남,23세,상해없음,자전거,남,22세,경상
2017030800100180,2017년 3월 8일 10시,수요일,충청북도 영동군 영동읍,경상사고,0,0,1,0,차대사람 - 횡단중,안전운전불이행,건조,맑음,단일로 - 기타,승용,남,54세,상해없음,보행자,여,78세,경상
2017030800100199,2017년 3월 8일 11시,수요일,충청북도 청주시 흥덕구 향정동,중상사고,0,1,0,0,차대차 - 기타,신호위반,건조,맑음,교차로 - 교차로안,원동기,남,69세,중상,화물,남,64세,상해없음
2017030800100219,2017년 3월 8일 12시,수요일,충청북도 청주시 청원구 우암동,사망사고,1,0,0,0,차대차 - 추돌,안전운전불이행,건조,맑음,단일로 - 기타,화물,남,46세,사망,화물,남,55세,기타불명
2017030800100220,2017년 3월 8일 12시,수요일,충청북도 영동군 심천면,중상사고,0,1,0,0,차대차 - 측면충돌,안전운전불이행,건조,맑음,단일로 - 기타,이륜,남,74세,중상,화물,남,33세,상해없음
2017030800100243,2017년 3월 8일 13시,수요일,충청북도 청주시 청원구 주중동,중상사고,0,2,0,0,차대차 - 정면충돌,신호위반,건조,맑음,교차로 - 교차로안,승용,여,54세,중상,승용,남,50세,중상
2017030800100244,2017년 3월 8일 13시,수요일,충청북도 제천시 영천동,경상사고,0,0,3,0,차대차 - 측면충돌,안전운전불이행,건조,맑음,교차로 - 교차로부근,승용,남,63세,상해없음,승용,여,38세,경상
2017030800100260,2017년 3월 8일 14시,수요일,충청북도 괴산군 괴산읍,경상사고,0,0,1,0,차대차 - 측면충돌,차로위반,건조,맑음,단일로 - 기타,승용,여,49세,상해없음,승용,남,53세,경상
2017030800100261,2017년 3월 8일 14시,수요일,충청북도 청주시 흥덕구 봉명동,중상사고,0,1,0,0,차대차 - 기타,교차로운행방법위반,건조,흐림,교차로 - 교차로부근,화물,남,59세,상해없음,이륜,남,53세,중상
2017030800100310,2017년 3월 8일 16시,수요일,충청북도 청주시 흥덕구 옥산면,경상사고,0,0,1,0,차대차 - 기타,안전운전불이행,건조,맑음,단일로 - 기타,승용,남,27세,상해없음,건설기계,남,50세,경상
2017030800100341,2017년 3월 8일 17시,수요일,충청북도 충주시 교현동,경상사고,0,0,1,0,차대차 - 정면충돌,교차로운행방법위반,건조,맑음,교차로 - 교차로안,승용,남,48세,상해없음,이륜,남,19세,경상
2017030800100380,2017년 3월 8일 18시,수요일,충청북도 제천시 명동,경상사고,0,0,1,0,차대차 - 측면충돌,안전운전불이행,건조,맑음,교차로 - 교차로안,원동기,남,37세,경상,승용,여,48세,상해없음
2017030800100402,2017년 3월 8일 19시,수요일,충청북도 청주시 상당구 미원면,경상사고,0,0,1,0,차대차 - 측면충돌,중앙선침범,건조,맑음,단일로 - 기타,화물,남,51세,상해없음,승용,남,50세,경상
2017030800100460,2017년 3월 8일 21시,수요일,충청북도 영동군 영동읍,경상사고,0,0,1,0,차대사람 - 기타,안전운전불이행,건조,흐림,기타 - 기타,승용,남,37세,상해없음,보행자,남,47세,경상
2017030800100507,2017년 3월 8일 23시,수요일,충청북도 음성군 금왕읍,경상사고,0,0,1,0,차대차 - 측면충돌,기타,건조,맑음,교차로 - 교차로안,원동기,남,24세,경상,승용,남,54세,상해없음
2017030800100508,2017년 3월 8일 23시,수요일,충청북도 청주시 흥덕구 석소동,경상사고,0,0,3,0,차대차 - 기타,안전운전불이행,건조,맑음,교차로 - 교차로안,승용,남,58세,경상,승용,여,33세,경상
2017030800100509,2017년 3월 8일 23시,수요일,충청북도 청주시 상당구 용암동,중상사고,0,1,0,0,차대사람 - 횡단중,안전운전불이행,건조,맑음,교차로 - 교차로부근,이륜,남,17세,상해없음,보행자,남,54세,중상
2017030900100025,2017년 3월 9일 00시,목요일,충청북도 제천시 신월동,경상사고,0,0,1,0,차량단독 - 전도전복 - 전도,안전운전불이행,건조,맑음,기타 - 기타,원동기,남,23세,경상,,,,
2017030900100039,2017년 3월 9일 01시,목요일,충청북도 청주시 상당구 용암동,경상사고,0,0,1,0,차대차 - 측면충돌,안전운전불이행,건조,맑음,교차로 - 교차로부근,승용,여,34세,상해없음,승용,남,36세,경상
2017030900100091,2017년 3월 9일 07시,목요일,충청북도 청주시 청원구 사천동,경상사고,0,0,1,0,차대차 - 측면충돌,기타,건조,맑음,단일로 - 기타,승합,남,60세,상해없음,승용,남,43세,경상
2017030900100092,2017년 3월 9일 07시,목요일,충청북도 청주시 흥덕구 복대동,중상사고,0,1,0,0,차대차 - 측면충돌,교차로운행방법위반,건조,맑음,교차로 - 교차로안,승용,남,73세,상해없음,원동기,남,48세,중상
2017030900100130,2017년 3월 9일 08시,목요일,충청북도 청주시 청원구 내수읍,경상사고,0,0,1,0,차대차 - 추돌,안전운전불이행,건조,맑음,교차로 - 교차로안,승용,남,28세,상해없음,승용,남,52세,경상
2017030900100131,2017년 3월 9일 08시,목요일,충청북도 제천시 동현동,중상사고,0,1,1,0,차대차 - 추돌,안전거리미확보,건조,맑음,단일로 - 기타,승용,남,58세,경상,화물,남,60세,중상
2017030900100132,2017년 3월 9일 08시,목요일,충청북도 음성군 음성읍,중상사고,0,1,0,0,차대사람 - 횡단중,보행자보호의무위반,건조,맑음,단일로 - 기타,승용,남,42세,상해없음,보행자,여,12세,중상
2017030900100133,2017년 3월 9일 08시,목요일,충청북도 청주시 흥덕구 복대동,경상사고,0,0,1,0,차대차 - 기타,안전운전불이행,건조,맑음,교차로 - 교차로횡단보도내,승용,여,28세,상해없음,자전거,남,46세,경상
2017030900100134,2017년 3월 9일 08시,목요일,충청북도 청주시 흥덕구 송절동,경상사고,0,0,2,0,차대차 - 측면충돌,교차로운행방법위반,건조,맑음,교차로 - 교차로안,승용,남,25세,경상,화물,남,45세,경상
2017030900100175,2017년 3월 9일 09시,목요일,충청북도 옥천군 옥천읍,중상사고,0,1,0,0,차대차 - 추돌,안전운전불이행,건조,맑음,교차로 - 교차로부근,화물,남,53세,중상,화물,남,49세,상해없음
2017030900100205,2017년 3월 9일 10시,목요일,충청북도 증평군 증평읍,경상사고,0,0,1,0,차대차 - 측면충돌,안전운전불이행,건조,맑음,교차로 - 교차로횡단보도내,건설기계,남,43세,상해없음,승용,여,34세,경상
2017030900100206,2017년 3월 9일 10시,목요일,충청북도 청주시 흥덕구 비하동,중상사고,0,1,1,0,차대차 - 추돌,안전운전불이행,건조,맑음,단일로 - 기타,화물,남,44세,상해없음,승합,남,45세,경상
2017030900100234,2017년 3월 9일 11시,목요일,충청북도 충주시 단월동,부상신고사고,0,0,0,1,차량단독 - 공작물충돌,안전운전불이행,건조,맑음,단일로 - 기타,승용,남,76세,부상신고,,,,
2017030900100256,2017년 3월 9일 12시,목요일,충청북도 제천시 고명동,경상사고,0,0,2,0,차대차 - 추돌,안전운전불이행,건조,맑음,교차로 - 교차로부근,승용,여,41세,경상,승용,남,23세,경상
2017030900100280,2017년 3월 9일 13시,목요일,충청북도 제천시 청전동,경상사고,0,0,1,0,차대사람 - 횡단중,보행자보호의무위반,건조,맑음,교차로 - 교차로부근,승용,여,81세,상해없음,보행자,여,23세,경상
2017030900100281,2017년 3월 9일 13시,목요일,충청북도 청주시 상당구 금천동,경상사고,0,0,1,0,차대차 - 측면충돌,차로위반,건조,맑음,단일로 - 기타,승용,남,69세,상해없음,이륜,남,34세,경상
2017030900100354,2017년 3월 9일 16시,목요일,충청북도 제천시 중앙로2가,경상사고,0,0,1,0,차대사람 - 횡단중,안전운전불이행,건조,맑음,기타 - 기타,승용,여,56세,상해없음,보행자,여,60세,경상
2017030900100385,2017년 3월 9일 17시,목요일,충청북도 청주시 청원구 우암동,중상사고,0,1,0,0,차대사람 - 횡단중,안전운전불이행,건조,맑음,교차로 - 교차로부근,원동기,남,16세,상해없음,보행자,여,87세,중상
2017030900100386,2017년 3월 9일 17시,목요일,충청북도 청주시 서원구 현도면,중상사고,0,1,0,0,차대차 - 추돌,안전운전불이행,건조,맑음,교차로 - 교차로부근,화물,남,58세,기타불명,승용,남,44세,중상
2017030900100422,2017년 3월 9일 18시,목요일,충청북도 충주시 문화동,경상사고,0,0,3,0,차대차 - 측면충돌,중앙선침범,건조,맑음,단일로 - 기타,화물,남,74세,상해없음,승용,남,38세,경상
2017030900100423,2017년 3월 9일 18시,목요일,충청북도 충주시 교현동,경상사고,0,0,1,0,차대차 - 기타,안전운전불이행,건조,맑음,교차로 - 교차로안,화물,남,50세,상해없음,원동기,여,55세,경상
2017030900100424,2017년 3월 9일 18시,목요일,충청북도 청주시 흥덕구 봉명동,중상사고,0,1,0,0,차대차 - 기타,안전운전불이행,건조,맑음,단일로 - 기타,승용,남,39세,상해없음,이륜,남,24세,중상
2017030900100425,2017년 3월 9일 18시,목요일,충청북도 청주시 서원구 산남동,중상사고,0,1,0,1,차대차 - 측면충돌,신호위반,건조,맑음,교차로 - 교차로안,승용,남,62세,부상신고,승용,남,65세,중상
2017030900100457,2017년 3월 9일 19시,목요일,충청북도 청주시 청원구 오창읍,경상사고,0,0,3,0,차대차 - 추돌,안전운전불이행,건조,흐림,교차로 - 교차로부근,이륜,남,17세,경상,승용,남,47세,상해없음
2017030900100458,2017년 3월 9일 19시,목요일,충청북도 청주시 서원구 개신동,경상사고,0,0,3,0,차대차 - 기타,중앙선침범,건조,맑음,교차로 - 교차로부근,이륜,남,44세,경상,이륜,남,18세,경상
2017030900100459,2017년 3월 9일 19시,목요일,충청북도 청주시 서원구 남이면,경상사고,0,0,1,0,차대사람 - 횡단중,안전운전불이행,건조,맑음,단일로 - 기타,기타불명,기타불명,미분류,기타불명,보행자,여,24세,경상
2017030900100486,2017년 3월 9일 20시,목요일,충청북도 청주시 흥덕구 복대동,중상사고,0,1,0,0,차대차 - 기타,안전운전불이행,건조,맑음,교차로 - 교차로안,승용,남,58세,상해없음,이륜,남,16세,중상
2017030900100509,2017년 3월 9일 21시,목요일,충청북도 진천군 진천읍,경상사고,0,0,1,0,차대사람 - 기타,안전운전불이행,건조,맑음,교차로 - 교차로부근,승용,남,56세,상해없음,보행자,남,18세,경상
2017030900100510,2017년 3월 9일 21시,목요일,충청북도 청주시 서원구 모충동,경상사고,0,0,2,0,차대차 - 추돌,안전운전불이행,건조,맑음,교차로 - 교차로부근,승용,남,67세,상해없음,승용,남,45세,경상
2017030900100535,2017년 3월 9일 22시,목요일,충청북도 청주시 청원구 오창읍,경상사고,0,0,2,0,차대차 - 추돌,안전운전불이행,건조,맑음,교차로 - 교차로부근,승용,남,37세,상해없음,승용,남,47세,경상
2017030900100536,2017년 3월 9일 22시,목요일,충청북도 충주시 목행동,경상사고,0,0,1,0,차대차 - 기타,중앙선침범,건조,맑음,단일로 - 기타,승용,남,32세,상해없음,승용,남,47세,경상
2017030900100537,2017년 3월 9일 22시,목요일,충청북도 음성군 삼성면,경상사고,0,0,1,0,차대차 - 측면충돌,안전운전불이행,건조,맑음,단일로 - 기타,승용,남,23세,경상,승용,남,43세,기타불명
2017031000100022,2017년 3월 10일 00시,금요일,충청북도 제천시 고명동,사망사고,1,0,0,0,차대차 - 정면충돌,안전운전불이행,건조,맑음,교차로 - 교차로부근,승용,남,56세,사망,특수,남,52세,기타불명
2017031000100058,2017년 3월 10일 04시,금요일,충청북도 증평군 증평읍,경상사고,0,0,1,0,차대차 - 측면충돌,직진우회전진행방해,건조,맑음,교차로 - 교차로안,화물,남,58세,상해없음,이륜,여,58세,경상
2017031000100077,2017년 3월 10일 06시,금요일,충청북도 옥천군 군북면,사망사고,1,0,0,0,차대사람 - 차도통행중,과속,건조,맑음,단일로 - 기타,승용,남,33세,상해없음,보행자,남,87세,사망
2017031000100087,2017년 3월 10일 07시,금요일,충청북도 청주시 청원구 주중동,경상사고,0,0,1,0,차대차 - 추돌,안전운전불이행,건조,맑음,교차로 - 교차로부근,승용,남,25세,상해없음,승용,여,49세,경상
2017031000100088,2017년 3월 10일 07시,금요일,충청북도 증평군 증평읍,중상사고,0,1,2,0,차대차 - 측면충돌,신호위반,건조,맑음,교차로 - 교차로안,승용,남,36세,경상,화물,남,59세,중상
2017031000100124,2017년 3월 10일 08시,금요일,충청북도 음성군 음성읍,경상사고,0,0,1,0,차대사람 - 횡단중,보행자보호의무위반,건조,맑음,교차로 - 교차로안,승용,남,55세,상해없음,보행자,여,14세,경상
2017031000100125,2017년 3월 10일 08시,금요일,충청북도 청주시 흥덕구 복대동,경상사고,0,0,1,0,차대사람 - 횡단중,안전운전불이행,건조,맑음,단일로 - 기타,승용,여,52세,상해없음,보행자,여,57세,경상
2017031000100126,2017년 3월 10일 08시,금요일,충청북도 청주시 상당구 낭성면,경상사고,0,0,6,0,차대차 - 추돌,안전운전불이행,건조,맑음,단일로 - 기타,승용,남,42세,경상,승용,남,57세,상해없음
2017031000100168,2017년 3월 10일 09시,금요일,충청북도 음성군 금왕읍,중상사고,0,1,0,0,차대사람 - 횡단중,안전운전불이행,건조,맑음,단일로 - 기타,승용,남,52세,상해없음,보행자,남,83세,중상
2017031000100169,2017년 3월 10일 09시,금요일,충청북도 청주시 서원구 분평동,경상사고,0,0,1,0,차대차 - 측면충돌,안전운전불이행,건조,맑음,교차로 - 교차로부근,승용,여,47세,상해없음,승용,남,67세,경상
2017031000100201,2017년 3월 10일 10시,금요일,충청북도 제천시 장락동,중상사고,0,2,1,0,차대차 - 측면충돌,신호위반,건조,맑음,교차로 - 교차로안,승용,여,49세,경상,승용,남,60세,중상
2017031000100202,2017년 3월 10일 10시,금요일,충청북도 음성군 음성읍,중상사고,0,1,4,0,차대차 - 측면충돌,차로위반,건조,맑음,단일로 - 기타,승용,여,37세,경상,화물,남,52세,중상
2017031000100222,2017년 3월 10일 11시,금요일,충청북도 청주시 서원구 수곡동,경상사고,0,0,1,0,차대차 - 추돌,안전운전불이행,건조,맑음,단일로 - 기타,원동기,남,17세,경상,승용,남,54세,상해없음
2017031000100223,2017년 3월 10일 11시,금요일,충청북도 제천시 청풍면,경상사고,0,0,1,0,차대차 - 추돌,안전운전불이행,건조,맑음,단일로 - 터널,승용,남,29세,상해없음,승용,남,54세,상해없음
2017031000100254,2017년 3월 10일 12시,금요일,충청북도 청주시 흥덕구 강서동,중상사고,0,1,0,0,차대사람 - 횡단중,교차로운행방법위반,건조,맑음,교차로 - 교차로안,승용,남,42세,상해없음,보행자,남,51세,중상
2017031000100282,2017년 3월 10일 13시,금요일,충청북도 단양군 가곡면,중상사고,0,1,0,0,차대차 - 측면충돌,안전운전불이행,건조,맑음,단일로 - 기타,승용,남,29세,상해없음,승용,남,75세,중상
2017031000100332,2017년 3월 10일 15시,금요일,충청북도 진천군 진천읍,경상사고,0,0,1,0,차대차 - 기타,교차로운행방법위반,건조,맑음,교차로 - 교차로안,승용,여,59세,상해없음,이륜,남,35세,경상
2017031000100371,2017년 3월 10일 16시,금요일,충청북도 청주시 서원구 사창동,경상사고,0,0,1,0,차량단독 - 기타,기타,건조,맑음,교차로 - 교차로부근,승합,남,39세,기타불명,,,,
2017031000100403,2017년 3월 10일 17시,금요일,충청북도 청주시 청원구 우암동,경상사고,0,0,1,0,차대차 - 기타,안전운전불이행,건조,맑음,단일로 - 기타,승용,여,60세,상해없음,승용,남,55세,경상
2017031000100404,2017년 3월 10일 17시,금요일,충청북도 제천시 중앙로2가,경상사고,0,0,1,0,차대차 - 추돌,안전운전불이행,건조,맑음,교차로 - 교차로부근,승용,남,51세,상해없음,승용,남,27세,경상
2017031000100445,2017년 3월 10일 18시,금요일,충청북도 충주시 목행동,경상사고,0,0,4,0,차대차 - 기타,안전운전불이행,건조,맑음,단일로 - 기타,화물,남,60세,상해없음,승용,남,42세,경상
2017031000100446,2017년 3월 10일 18시,금요일,충청북도 제천시 명지동,경상사고,0,0,1,0,차대차 - 측면충돌,안전운전불이행,건조,맑음,교차로 - 교차로안,승용,남,50세,상해없음,승용,남,46세,경상
2017031000100447,2017년 3월 10일 18시,금요일,충청북도 음성군 맹동면,경상사고,0,0,1,0,차대차 - 측면충돌,차로위반,건조,맑음,단일로 - 기타,승용,남,56세,상해없음,승용,여,42세,경상
2017031000100448,2017년 3월 10일 18시,금요일,충청북도 청주시 상당구 산성동,경상사고,0,0,1,0,차대차 - 추돌,안전운전불이행,건조,맑음,단일로 - 기타,승용,여,51세,상해없음,승용,여,29세,경상
2017031000100487,2017년 3월 10일 19시,금요일,충청북도 청주시 청원구 오창읍,경상사고,0,0,2,0,차대차 - 측면충돌,교차로운행방법위반,건조,맑음,교차로 - 교차로안,승용,남,36세,상해없음,승용,남,53세,경상
2017031000100488,2017년 3월 10일 19시,금요일,충청북도 제천시 화산동,경상사고,0,0,1,0,차대사람 - 횡단중,안전운전불이행,건조,맑음,교차로 - 교차로안,승용,남,27세,상해없음,보행자,남,16세,경상
2017031000100489,2017년 3월 10일 19시,금요일,충청북도 청주시 서원구 분평동,경상사고,0,0,1,0,차대사람 - 횡단중,보행자보호의무위반,건조,맑음,교차로 - 교차로횡단보도내,승용,남,49세,상해없음,보행자,여,5세,경상
2017031000100524,2017년 3월 10일 20시,금요일,충청북도 진천군 광혜원면,경상사고,0,0,1,0,차대사람 - 횡단중,신호위반,건조,맑음,교차로 - 교차로안,승용,남,47세,상해없음,보행자,남,24세,경상
2017031000100553,2017년 3월 10일 21시,금요일,충청북도 괴산군 괴산읍,중상사고,0,2,4,0,차대차 - 측면충돌,교차로운행방법위반,건조,흐림,교차로 - 교차로안,승용,남,23세,경상,승용,여,52세,중상
2017031000100585,2017년 3월 10일 22시,금요일,충청북도 청주시 청원구 율량동,경상사고,0,0,1,0,차대차 - 추돌,교차로운행방법위반,건조,맑음,교차로 - 교차로안,승용,남,22세,상해없음,승용,남,64세,경상
2017031000100586,2017년 3월 10일 22시,금요일,충청북도 제천시 대랑동,중상사고,0,2,0,0,차대차 - 측면충돌,안전운전불이행,건조,맑음,교차로 - 교차로안,화물,남,59세,상해없음,승용,여,48세,중상
2017031100100027,2017년 3월 11일 00시,토요일,충청북도 청주시 흥덕구 복대동,경상사고,0,0,2,0,차대차 - 추돌,안전운전불이행,건조,맑음,교차로 - 교차로부근,승용,남,37세,상해없음,승용,남,62세,경상
2017031100100047,2017년 3월 11일 01시,토요일,충청북도 제천시 청전동,경상사고,0,0,1,0,차대차 - 추돌,안전운전불이행,건조,맑음,단일로 - 기타,승용,남,49세,경상,화물,남,54세,기타불명
2017031100100174,2017년 3월 11일 10시,토요일,충청북도 청주시 흥덕구 비하동,중상사고,0,1,0,0,차대차 - 추돌,안전거리미확보,건조,맑음,교차로 - 교차로부근,승용,남,25세,상해없음,승용,여,62세,중상
2017031100100344,2017년 3월 11일 15시,토요일,충청북도 제천시 강제동,경상사고,0,0,4,0,차대차 - 측면충돌,안전운전불이행,건조,맑음,교차로 - 교차로안,화물,여,57세,상해없음,승용,남,35세,경상
2017031100100387,2017년 3월 11일 16시,토요일,충청북도 청주시 서원구 죽림동,중상사고,0,1,0,0,차량단독 - 전도전복,안전운전불이행,건조,맑음,단일로 - 기타,이륜,남,54세,중상,미분류,미분류,미분류,미분류