사고번호,사고일시,요일,시군구,사고내용,사망자수,중상자수,경상자수,부상신고자수,사고유형,법규위반,노면상태,기상상태,도로형태,가해운전자 차종,가해운전자 성별,가해운전자 연령,가해운전자 상해정도,피해운전자 차종,피해운전자 성별,피해운전자 연령,피해운전자 상해정도
2017031100100426,2017년 3월 11일 18시,토요일,충청북도 청주시 서원구 사창동,경상사고,0,0,1,0,차대차 - 정면충돌,안전운전불이행,건조,맑음,교차로 - 교차로안,승용,여,55세,경상,승용,남,22세,상해없음
2017031100100427,2017년 3월 11일 18시,토요일,충청북도 청주시 흥덕구 봉명동,경상사고,0,0,1,0,차대차 - 측면충돌,안전운전불이행,건조,맑음,교차로 - 교차로안,승용,여,28세,상해없음,이륜,남,18세,경상
2017031100100428,2017년 3월 11일 18시,토요일,충청북도 청주시 흥덕구 비하동,중상사고,0,1,1,0,차대차 - 기타,안전운전불이행,건조,맑음,단일로 - 기타,승합,남,47세,상해없음,승용,여,23세,중상
2017031100100467,2017년 3월 11일 19시,토요일,충청북도 청주시 상당구 금천동,경상사고,0,0,1,0,차대차 - 측면충돌,안전운전불이행,건조,맑음,단일로 - 기타,승용,여,50세,상해없음,이륜,남,34세,경상
2017031100100468,2017년 3월 11일 19시,토요일,충청북도 청주시 서원구 수곡동,중상사고,0,1,0,0,차대사람 - 횡단중,과속,건조,맑음,교차로 - 교차로횡단보도내,승용,여,44세,상해없음,보행자,여,74세,중상
2017031100100499,2017년 3월 11일 20시,토요일,충청북도 충주시 문화동,중상사고,0,1,1,0,차대차 - 정면충돌,차로위반,건조,맑음,단일로 - 기타,승용,남,48세,상해없음,원동기,남,23세,경상
2017031100100500,2017년 3월 11일 20시,토요일,충청북도 청주시 상당구 영운동,경상사고,0,0,1,0,차대차 - 측면충돌,기타,건조,맑음,교차로 - 교차로부근,승용,남,32세,상해없음,승용,남,50세,경상
2017031100100526,2017년 3월 11일 21시,토요일,충청북도 충주시 연수동,중상사고,0,1,0,0,차대사람 - 보도통행중,기타,건조,맑음,기타 - 기타,자전거,여,47세,상해없음,보행자,여,65세,중상
2017031100100546,2017년 3월 11일 22시,토요일,충청북도 청주시 흥덕구 봉명동,경상사고,0,0,2,0,차대차 - 기타,안전운전불이행,건조,맑음,교차로 - 교차로안,승용,여,56세,상해없음,승용,여,34세,경상
2017031100100547,2017년 3월 11일 22시,토요일,충청북도 청주시 서원구 분평동,경상사고,0,0,1,0,차대사람 - 횡단중,안전운전불이행,건조,맑음,교차로 - 교차로안,승용,여,55세,상해없음,보행자,남,31세,경상
2017031100100565,2017년 3월 11일 23시,토요일,충청북도 청주시 청원구 내덕동,경상사고,0,0,1,0,차대사람 - 횡단중,안전운전불이행,건조,맑음,단일로 - 기타,이륜,남,19세,상해없음,보행자,남,17세,경상
2017031200100051,2017년 3월 12일 03시,일요일,충청북도 충주시 대소원면,중상사고,0,1,0,0,차대차 - 추돌,안전운전불이행,건조,맑음,단일로 - 교량,승용,남,49세,중상,화물,남,56세,상해없음
2017031200100079,2017년 3월 12일 06시,일요일,충청북도 청주시 청원구 율량동,경상사고,0,0,3,0,차대차 - 정면충돌,안전운전불이행,건조,맑음,교차로 - 교차로안,승용,여,30세,경상,승용,남,75세,경상
2017031200100087,2017년 3월 12일 07시,일요일,충청북도 충주시 목행동,경상사고,0,0,1,0,차대차 - 측면충돌,교차로운행방법위반,건조,맑음,교차로 - 교차로안,승용,남,66세,상해없음,승용,여,44세,경상
2017031200100099,2017년 3월 12일 08시,일요일,충청북도 영동군 학산면,중상사고,0,2,1,0,차대차 - 추돌,안전운전불이행,건조,맑음,단일로 - 기타,화물,남,64세,경상,승용,남,24세,중상
2017031200100169,2017년 3월 12일 12시,일요일,충청북도 충주시 성남동,경상사고,0,0,1,0,차대차 - 측면충돌,안전운전불이행,건조,맑음,교차로 - 교차로안,승용,남,69세,경상,승용,남,56세,상해없음
2017031200100189,2017년 3월 12일 13시,일요일,충청북도 단양군 적성면,중상사고,0,1,0,0,차대차 - 추돌,안전운전불이행,기타,맑음,단일로 - 기타,이륜,남,39세,상해없음,이륜,남,44세,중상
2017031200100190,2017년 3월 12일 13시,일요일,충청북도 청주시 상당구 남일면,경상사고,0,0,1,0,차대차 - 측면충돌,신호위반,건조,맑음,교차로 - 교차로안,승용,남,46세,상해없음,승용,남,63세,경상
2017031200100210,2017년 3월 12일 14시,일요일,충청북도 청주시 청원구 사천동,중상사고,0,1,1,0,차대차 - 측면충돌,신호위반,건조,맑음,교차로 - 교차로안,승용,여,43세,중상,승용,여,51세,경상
2017031200100211,2017년 3월 12일 14시,일요일,충청북도 청주시 흥덕구 강서동,경상사고,0,0,1,0,차대차 - 기타,기타,건조,맑음,단일로 - 기타,승용,남,69세,상해없음,원동기,남,40세,경상
2017031200100234,2017년 3월 12일 15시,일요일,충청북도 충주시 봉방동,경상사고,0,0,1,0,차대차 - 측면충돌,안전운전불이행,건조,맑음,단일로 - 기타,이륜,남,63세,경상,화물,남,57세,상해없음
2017031200100263,2017년 3월 12일 16시,일요일,충청북도 청주시 흥덕구 오송읍,경상사고,0,0,2,0,차대차 - 추돌,안전운전불이행,건조,맑음,교차로 - 교차로부근,화물,남,52세,상해없음,승용,여,60세,경상
2017031200100289,2017년 3월 12일 17시,일요일,충청북도 제천시 자작동,경상사고,0,0,1,0,차량단독 - 도로외이탈 - 기타,안전운전불이행,건조,맑음,단일로 - 기타,승용,남,46세,경상,,,,
2017031200100314,2017년 3월 12일 18시,일요일,충청북도 음성군 삼성면,중상사고,0,1,0,0,차대차 - 측면충돌,안전거리미확보,건조,맑음,단일로 - 기타,자전거,남,60세,중상,승용,남,40세,상해없음
2017031200100353,2017년 3월 12일 19시,일요일,충청북도 제천시 동현동,경상사고,0,0,1,0,차대차 - 추돌,안전운전불이행,건조,맑음,교차로 - 교차로부근,승용,남,61세,상해없음,승용,남,37세,경상
2017031200100426,2017년 3월 12일 22시,일요일,충청북도 충주시 교현동,부상신고사고,0,0,0,1,차대차 - 정면충돌,안전운전불이행,건조,맑음,단일로 - 기타,원동기,남,23세,부상신고,승용,여,46세,상해없음
2017031200100427,2017년 3월 12일 22시,일요일,충청북도 청주시 서원구 산남동,경상사고,0,0,2,0,차대차 - 측면충돌,신호위반,건조,맑음,교차로 - 교차로안,이륜,남,27세,경상,승합,남,36세,경상
2017031200100447,2017년 3월 12일 23시,일요일,충청북도 제천시 금성면,경상사고,0,0,1,0,차대차 - 기타,중앙선침범,건조,맑음,단일로 - 기타,승용,남,59세,상해없음,승용,남,25세,경상
2017031300100076,2017년 3월 13일 07시,월요일,충청북도 옥천군 청성면,중상사고,0,1,2,0,차대차 - 측면충돌,중앙선침범,건조,맑음,단일로 - 기타,승용,남,28세,경상,승용,남,47세,경상
2017031300100116,2017년 3월 13일 08시,월요일,충청북도 청주시 상당구 석교동,경상사고,0,0,3,0,차대차 - 기타,안전거리미확보,건조,맑음,교차로 - 교차로부근,승용,남,75세,경상,승용,여,30세,경상
2017031300100163,2017년 3월 13일 09시,월요일,충청북도 충주시 소태면,경상사고,0,0,3,0,차대차 - 기타,안전거리미확보,건조,맑음,단일로 - 기타,건설기계,남,47세,상해없음,화물,남,42세,경상
2017031300100191,2017년 3월 13일 10시,월요일,충청북도 청주시 청원구 북이면,중상사고,0,1,0,0,차대차 - 추돌,안전운전불이행,건조,맑음,단일로 - 기타,화물,남,33세,상해없음,농기계,남,77세,중상
2017031300100192,2017년 3월 13일 10시,월요일,충청북도 청주시 서원구 사직동,경상사고,0,0,1,0,차대차 - 정면충돌,직진우회전진행방해,건조,맑음,교차로 - 교차로안,승용,여,66세,상해없음,승용,남,59세,경상
2017031300100218,2017년 3월 13일 11시,월요일,충청북도 충주시 금릉동,경상사고,0,0,1,0,차대차 - 정면충돌,신호위반,건조,맑음,교차로 - 교차로안,화물,남,67세,상해없음,화물,남,50세,경상
2017031300100219,2017년 3월 13일 11시,월요일,충청북도 진천군 진천읍,중상사고,0,1,1,0,차대차 - 기타,직진우회전진행방해,건조,맑음,교차로 - 교차로부근,승용,남,70세,경상,화물,남,43세,상해없음
2017031300100220,2017년 3월 13일 11시,월요일,충청북도 청주시 흥덕구 봉명동,경상사고,0,0,1,0,차대차 - 추돌,안전운전불이행,건조,맑음,단일로 - 기타,승용,여,28세,상해없음,승용,남,62세,경상
2017031300100241,2017년 3월 13일 12시,월요일,충청북도 제천시 덕산면,경상사고,0,0,1,0,차대차 - 측면충돌,안전운전불이행,건조,맑음,기타 - 기타,승용,남,75세,상해없음,승합,남,58세,상해없음
2017031300100289,2017년 3월 13일 14시,월요일,충청북도 청주시 흥덕구 복대동,경상사고,0,0,1,0,차대사람 - 횡단중,불법유턴,건조,맑음,단일로 - 기타,화물,남,45세,상해없음,보행자,여,67세,경상
2017031300100318,2017년 3월 13일 15시,월요일,충청북도 충주시 목행동,경상사고,0,0,2,0,차대차 - 측면충돌,기타,건조,맑음,교차로 - 교차로부근,승용,남,44세,상해없음,승합,남,63세,경상
2017031300100353,2017년 3월 13일 16시,월요일,충청북도 충주시 산척면,중상사고,0,2,1,1,차대차 - 추돌,안전운전불이행,건조,맑음,교차로 - 교차로부근,화물,남,64세,부상신고,승용,남,42세,중상
2017031300100412,2017년 3월 13일 18시,월요일,충청북도 청주시 청원구 주중동,경상사고,0,0,2,0,차대차 - 정면충돌,안전거리미확보,건조,맑음,단일로 - 기타,승용,남,38세,경상,승용,남,38세,상해없음
2017031300100413,2017년 3월 13일 18시,월요일,충청북도 제천시 장락동,경상사고,0,0,1,0,차대차 - 기타,안전운전불이행,건조,맑음,단일로 - 기타,승용,여,61세,상해없음,승용,남,27세,경상
2017031300100442,2017년 3월 13일 19시,월요일,충청북도 청주시 청원구 내수읍,경상사고,0,0,2,0,차대차 - 추돌,안전운전불이행,건조,맑음,교차로 - 교차로안,승용,남,40세,상해없음,승용,남,42세,경상
2017031300100443,2017년 3월 13일 19시,월요일,충청북도 청주시 흥덕구 복대동,경상사고,0,0,1,0,차대사람 - 횡단중,보행자보호의무위반,건조,맑음,교차로 - 교차로횡단보도내,승용,여,45세,상해없음,보행자,여,8세,경상
2017031300100470,2017년 3월 13일 20시,월요일,충청북도 청주시 청원구 율량동,중상사고,0,1,2,0,차대차 - 정면충돌,신호위반,건조,맑음,교차로 - 교차로안,승용,여,43세,상해없음,승용,남,43세,중상
2017031300100494,2017년 3월 13일 21시,월요일,충청북도 증평군 증평읍,경상사고,0,0,1,0,차대차 - 측면충돌,기타,건조,맑음,단일로 - 기타,이륜,남,17세,경상,승용,여,35세,상해없음
2017031300100517,2017년 3월 13일 22시,월요일,충청북도 청주시 상당구 영운동,중상사고,0,2,2,0,차대차 - 측면충돌,신호위반,건조,맑음,교차로 - 교차로안,승합,남,24세,상해없음,승용,여,25세,중상
2017031400100028,2017년 3월 14일 01시,화요일,충청북도 충주시 목행동,경상사고,0,0,1,0,차대차 - 기타,교차로운행방법위반,건조,맑음,교차로 - 교차로안,승용,남,26세,상해없음,화물,남,57세,경상
2017031400100055,2017년 3월 14일 05시,화요일,충청북도 증평군 증평읍,경상사고,0,0,2,0,차대차 - 측면충돌,직진우회전진행방해,건조,맑음,교차로 - 교차로안,승용,여,38세,경상,승용,여,47세,경상
2017031400100074,2017년 3월 14일 07시,화요일,충청북도 음성군 감곡면,경상사고,0,0,1,0,차대차 - 측면충돌,신호위반,건조,맑음,교차로 - 교차로안,건설기계,남,53세,상해없음,승용,남,39세,경상
2017031400100105,2017년 3월 14일 08시,화요일,충청북도 제천시 장락동,경상사고,0,0,1,0,차대차 - 기타,기타,건조,맑음,교차로 - 교차로안,승용,여,61세,상해없음,이륜,남,72세,경상
2017031400100106,2017년 3월 14일 08시,화요일,충청북도 청주시 흥덕구 지동동,경상사고,0,0,1,0,차대차 - 측면충돌,교차로운행방법위반,건조,맑음,교차로 - 교차로안,화물,남,30세,상해없음,승용,여,31세,경상
2017031400100107,2017년 3월 14일 08시,화요일,충청북도 청주시 상당구 용암동,경상사고,0,0,1,0,차대차 - 측면충돌,안전거리미확보,건조,맑음,교차로 - 교차로부근,화물,남,46세,상해없음,승용,여,47세,경상
2017031400100146,2017년 3월 14일 09시,화요일,충청북도 제천시 고암동,중상사고,0,1,0,0,차대차 - 기타,안전운전불이행,건조,맑음,교차로 - 교차로안,승용,남,30세,상해없음,이륜,남,60세,중상
2017031400100167,2017년 3월 14일 10시,화요일,충청북도 청주시 서원구 성화동,경상사고,0,0,1,0,차대차 - 추돌,안전운전불이행,건조,맑음,교차로 - 교차로부근,승합,남,21세,상해없음,승용,여,44세,경상
2017031400100168,2017년 3월 14일 10시,화요일,충청북도 청주시 서원구 모충동,경상사고,0,0,1,0,차대사람 - 횡단중,안전운전불이행,건조,맑음,단일로 - 기타,승용,남,55세,상해없음,보행자,남,25세,경상
2017031400100192,2017년 3월 14일 11시,화요일,충청북도 충주시 호암동,중상사고,0,1,0,0,차대차 - 측면충돌,중앙선침범,건조,맑음,교차로 - 교차로부근,승용,남,18세,상해없음,승용,남,65세,중상
2017031400100215,2017년 3월 14일 12시,화요일,충청북도 제천시 명동,경상사고,0,0,1,1,차대차 - 측면충돌,직진우회전진행방해,건조,흐림,교차로 - 교차로안,승용,남,59세,부상신고,승용,남,51세,경상
2017031400100249,2017년 3월 14일 13시,화요일,충청북도 충주시 문화동,중상사고,0,1,0,0,차대차 - 측면충돌,안전운전불이행,건조,맑음,교차로 - 교차로부근,화물,남,47세,상해없음,자전거,여,77세,중상
2017031400100250,2017년 3월 14일 13시,화요일,충청북도 청주시 상당구 북문로1가동,경상사고,0,0,1,0,차대사람 - 횡단중,안전운전불이행,건조,맑음,단일로 - 기타,자전거,남,81세,상해없음,보행자,여,46세,경상
2017031400100307,2017년 3월 14일 15시,화요일,충청북도 옥천군 옥천읍,경상사고,0,0,1,0,차대차 - 추돌,안전운전불이행,건조,맑음,교차로 - 교차로부근,화물,남,62세,상해없음,화물,남,34세,경상
2017031400100308,2017년 3월 14일 15시,화요일,충청북도 청주시 흥덕구 옥산면,중상사고,0,1,0,0,차대차 - 정면충돌,교차로운행방법위반,건조,맑음,교차로 - 교차로안,승용,남,64세,상해없음,이륜,남,57세,중상
2017031400100338,2017년 3월 14일 16시,화요일,충청북도 청주시 흥덕구 복대동,경상사고,0,0,1,0,차대차 - 측면충돌,안전운전불이행,건조,맑음,단일로 - 기타,승용,남,45세,상해없음,화물,남,35세,경상
2017031400100377,2017년 3월 14일 17시,화요일,충청북도 청주시 서원구 성화동,중상사고,0,1,1,0,차대차 - 추돌,안전운전불이행,건조,맑음,교차로 - 교차로부근,승용,남,59세,상해없음,승용,남,71세,중상
2017031400100408,2017년 3월 14일 18시,화요일,충청북도 충주시 지현동,경상사고,0,0,2,0,차대차 - 측면충돌,안전운전불이행,건조,맑음,단일로 - 기타,승용,남,55세,상해없음,승용,여,36세,경상
2017031400100467,2017년 3월 14일 20시,화요일,충청북도 청주시 서원구 사직동,경상사고,0,0,3,0,차대차 - 측면충돌,교차로운행방법위반,건조,맑음,교차로 - 교차로안,승용,남,33세,경상,승용,남,59세,경상
2017031400100492,2017년 3월 14일 21시,화요일,충청북도 청주시 청원구 오창읍,경상사고,0,0,1,0,차대차 - 추돌,안전운전불이행,건조,맑음,단일로 - 기타,승용,여,32세,상해없음,승용,남,46세,경상
2017031400100523,2017년 3월 14일 22시,화요일,충청북도 청주시 청원구 내덕동,경상사고,0,0,1,0,차대차 - 측면충돌,안전거리미확보,건조,맑음,교차로 - 교차로안,승용,남,25세,상해없음,승용,여,34세,경상
2017031400100524,2017년 3월 14일 22시,화요일,충청북도 청주시 흥덕구 봉명동,부상신고사고,0,0,0,1,차대차 - 측면충돌,안전운전불이행,건조,맑음,교차로 - 교차로안,원동기,남,16세,부상신고,승용,남,56세,상해없음
2017031500100024,2017년 3월 15일 00시,수요일,충청북도 음성군 맹동면,경상사고,0,0,1,0,차대차 - 측면충돌,안전운전불이행,건조,맑음,단일로 - 기타,승용,남,32세,경상,승용,남,25세,상해없음
2017031500100058,2017년 3월 15일 04시,수요일,충청북도 청주시 상당구 지북동,경상사고,0,0,1,0,차대차 - 정면충돌,안전운전불이행,건조,맑음,교차로 - 교차로안,승용,남,33세,상해없음,승용,남,60세,경상
2017031500100059,2017년 3월 15일 04시,수요일,충청북도 청주시 상당구 영운동,중상사고,0,1,0,0,차대사람 - 횡단중,신호위반,건조,맑음,교차로 - 교차로횡단보도내,승용,남,75세,상해없음,보행자,여,68세,중상
2017031500100065,2017년 3월 15일 05시,수요일,충청북도 청주시 흥덕구 송정동,경상사고,0,0,1,0,차대차 - 측면충돌,신호위반,건조,맑음,교차로 - 교차로안,화물,남,28세,상해없음,화물,남,59세,경상
2017031500100122,2017년 3월 15일 08시,수요일,충청북도 제천시 영천동,경상사고,0,0,3,0,차대차 - 정면충돌,중앙선침범,건조,맑음,교차로 - 교차로부근,승용,남,59세,상해없음,승용,여,50세,경상
2017031500100123,2017년 3월 15일 08시,수요일,충청북도 청주시 흥덕구 오송읍,중상사고,0,1,0,0,차대차 - 측면충돌,교차로운행방법위반,건조,맑음,교차로 - 교차로안,승용,남,27세,상해없음,화물,남,53세,중상
2017031500100210,2017년 3월 15일 10시,수요일,충청북도 음성군 금왕읍,경상사고,0,0,2,0,차대차 - 측면충돌,교차로운행방법위반,건조,맑음,교차로 - 교차로안,승합,남,28세,경상,화물,남,61세,상해없음
2017031500100237,2017년 3월 15일 11시,수요일,충청북도 음성군 음성읍,중상사고,0,2,0,0,차대차 - 기타,기타,건조,맑음,단일로 - 기타,승용,여,63세,상해없음,승용,남,51세,중상
2017031500100238,2017년 3월 15일 11시,수요일,충청북도 청주시 서원구 산남동,경상사고,0,0,1,0,차대차 - 측면충돌,안전운전불이행,건조,맑음,교차로 - 교차로안,승용,여,31세,기타불명,화물,남,48세,경상
2017031500100263,2017년 3월 15일 12시,수요일,충청북도 충주시 충인동,경상사고,0,0,7,0,차대차 - 기타,안전운전불이행,건조,맑음,단일로 - 기타,승용,남,25세,상해없음,승용,여,46세,경상
2017031500100295,2017년 3월 15일 13시,수요일,충청북도 청주시 청원구 오창읍,경상사고,0,0,2,0,차대차 - 측면충돌,안전운전불이행,건조,맑음,교차로 - 교차로안,화물,남,45세,경상,화물,남,56세,경상
2017031500100296,2017년 3월 15일 13시,수요일,충청북도 충주시 문화동,경상사고,0,0,2,0,차대차 - 정면충돌,직진우회전진행방해,건조,맑음,교차로 - 교차로안,원동기,남,63세,경상,승용,여,53세,상해없음
2017031500100358,2017년 3월 15일 15시,수요일,충청북도 청주시 흥덕구 봉명동,경상사고,0,0,1,0,차대차 - 측면충돌,안전운전불이행,건조,맑음,단일로 - 기타,승용,남,54세,기타불명,이륜,남,36세,경상
2017031500100359,2017년 3월 15일 15시,수요일,충청북도 청주시 상당구 북문로1가동,중상사고,0,1,0,0,차대차 - 기타,안전운전불이행,건조,맑음,교차로 - 교차로안,승용,남,53세,상해없음,자전거,남,86세,중상
2017031500100538,2017년 3월 15일 20시,수요일,충청북도 청주시 흥덕구 오송읍,경상사고,0,0,1,0,차대차 - 측면충돌,안전운전불이행,건조,맑음,교차로 - 교차로부근,화물,남,40세,상해없음,승용,여,44세,경상
2017031500100588,2017년 3월 15일 22시,수요일,충청북도 청주시 서원구 남이면,중상사고,0,1,0,0,차대차 - 측면충돌,중앙선침범,건조,맑음,교차로 - 교차로부근,승용,남,26세,상해없음,승용,남,45세,중상
2017031600100048,2017년 3월 16일 03시,목요일,충청북도 청주시 흥덕구 강내면,경상사고,0,0,2,0,차대차 - 추돌,안전운전불이행,건조,맑음,교차로 - 교차로안,승용,남,33세,상해없음,승용,여,25세,경상
2017031600100057,2017년 3월 16일 05시,목요일,충청북도 청주시 흥덕구 복대동,중상사고,0,1,0,0,차대차 - 측면충돌,불법유턴,건조,맑음,교차로 - 교차로횡단보도내,자전거,남,68세,중상,승용,남,46세,상해없음
2017031600100068,2017년 3월 16일 06시,목요일,충청북도 음성군 감곡면,경상사고,0,0,1,0,차대차 - 측면충돌,안전운전불이행,건조,맑음,주차장 - 주차장,승용,여,24세,경상,승용,여,54세,상해없음
2017031600100069,2017년 3월 16일 06시,목요일,충청북도 옥천군 옥천읍,중상사고,0,1,1,0,차대차 - 기타,직진우회전진행방해,건조,맑음,교차로 - 교차로안,승용,여,39세,경상,화물,남,62세,상해없음
2017031600100085,2017년 3월 16일 07시,목요일,충청북도 청주시 청원구 내수읍,중상사고,0,1,0,0,차대차 - 추돌,안전운전불이행,건조,맑음,단일로 - 기타,화물,남,49세,중상,건설기계,남,45세,상해없음
2017031600100122,2017년 3월 16일 08시,목요일,충청북도 청주시 청원구 우암동,경상사고,0,0,1,0,차대사람 - 횡단중,보행자보호의무위반,건조,맑음,단일로 - 기타,승용,여,33세,상해없음,보행자,여,21세,경상
2017031600100123,2017년 3월 16일 08시,목요일,충청북도 제천시 왕암동,부상신고사고,0,0,0,1,차대차 - 측면충돌,안전운전불이행,건조,맑음,교차로 - 교차로안,화물,남,71세,부상신고,승합,남,64세,상해없음
2017031600100124,2017년 3월 16일 08시,목요일,충청북도 단양군 단양읍,중상사고,0,1,0,0,차대차 - 측면충돌,신호위반,건조,맑음,교차로 - 교차로안,승용,남,57세,상해없음,승용,여,44세,중상
2017031600100145,2017년 3월 16일 09시,목요일,충청북도 충주시 대소원면,경상사고,0,0,2,0,차대차 - 측면충돌,교차로운행방법위반,건조,맑음,교차로 - 교차로안,화물,남,43세,경상,화물,남,71세,경상
2017031600100146,2017년 3월 16일 09시,목요일,충청북도 제천시 화산동,경상사고,0,0,1,0,차대차 - 측면충돌,안전운전불이행,건조,맑음,단일로 - 기타,승용,남,79세,상해없음,승용,여,47세,경상
2017031600100147,2017년 3월 16일 09시,목요일,충청북도 제천시 고암동,경상사고,0,0,1,0,차대차 - 기타,안전거리미확보,건조,맑음,단일로 - 기타,승용,남,60세,상해없음,승용,여,56세,경상
2017031600100174,2017년 3월 16일 10시,목요일,충청북도 옥천군 군북면,중상사고,0,2,0,0,차대차 - 기타,중앙선침범,건조,맑음,단일로 - 기타,화물,남,71세,중상,승용,여,63세,중상
2017031600100175,2017년 3월 16일 10시,목요일,충청북도 청주시 상당구 남문로2가동,중상사고,0,1,0,0,차대사람 - 기타,안전운전불이행,건조,맑음,단일로 - 기타,화물,남,57세,상해없음,보행자,남,49세,중상
2017031600100207,2017년 3월 16일 11시,목요일,충청북도 청주시 흥덕구 강서동,경상사고,0,0,1,0,차대차 - 기타,안전운전불이행,건조,맑음,교차로 - 교차로안,승용,여,59세,상해없음,건설기계,남,43세,경상
2017031600100235,2017년 3월 16일 12시,목요일,충청북도 청주시 상당구 문의면,경상사고,0,0,1,0,차량단독 - 기타,안전운전불이행,건조,맑음,단일로 - 기타,원동기,남,77세,경상,,,,
2017031600100257,2017년 3월 16일 13시,목요일,충청북도 청주시 청원구 내덕동,경상사고,0,0,1,0,차대차 - 후진중충돌,안전운전불이행,건조,맑음,단일로 - 기타,원동기,남,77세,상해없음,승용,여,64세,상해없음
2017031600100258,2017년 3월 16일 13시,목요일,충청북도 충주시 목행동,경상사고,0,0,1,0,차대차 - 기타,안전운전불이행,건조,맑음,교차로 - 교차로안,화물,남,53세,상해없음,화물,남,54세,경상
2017031600100259,2017년 3월 16일 13시,목요일,충청북도 진천군 초평면,중상사고,0,1,0,0,차대차 - 측면충돌,신호위반,건조,맑음,교차로 - 교차로안,화물,남,47세,상해없음,승용,남,29세,중상
2017031600100284,2017년 3월 16일 14시,목요일,충청북도 옥천군 안내면,중상사고,0,1,1,0,차대차 - 측면충돌,교차로운행방법위반,건조,맑음,교차로 - 교차로안,승용,남,26세,중상,화물,남,34세,경상
2017031600100344,2017년 3월 16일 16시,목요일,충청북도 청주시 청원구 율량동,경상사고,0,0,1,0,차대사람 - 횡단중,안전운전불이행,건조,맑음,단일로 - 기타,승용,남,76세,상해없음,보행자,남,11세,경상
2017031600100345,2017년 3월 16일 16시,목요일,충청북도 영동군 영동읍,경상사고,0,0,1,0,차대차 - 측면충돌,중앙선침범,건조,맑음,단일로 - 기타,화물,남,53세,상해없음,승용,여,20세,경상
2017031600100346,2017년 3월 16일 16시,목요일,충청북도 청주시 상당구 서운동,경상사고,0,0,1,0,차대사람 - 횡단중,안전운전불이행,건조,맑음,단일로 - 기타,승합,남,55세,상해없음,보행자,남,81세,경상
2017031600100378,2017년 3월 16일 17시,목요일,충청북도 청주시 흥덕구 봉명동,경상사고,0,0,1,0,차대사람 - 횡단중,안전운전불이행,건조,맑음,교차로 - 교차로안,승용,여,49세,상해없음,보행자,여,54세,경상
2017031600100421,2017년 3월 16일 18시,목요일,충청북도 청주시 청원구 오창읍,경상사고,0,0,1,0,차대차 - 측면충돌,안전운전불이행,건조,맑음,교차로 - 교차로부근,화물,남,39세,상해없음,원동기,남,37세,경상
2017031600100422,2017년 3월 16일 18시,목요일,충청북도 청주시 흥덕구 복대동,경상사고,0,0,1,0,차대차 - 추돌,안전운전불이행,건조,맑음,단일로 - 기타,승용,여,52세,상해없음,자전거,남,64세,경상
2017031600100446,2017년 3월 16일 19시,목요일,충청북도 청주시 상당구 용암동,경상사고,0,0,1,0,차대차 - 측면충돌,안전운전불이행,건조,맑음,교차로 - 교차로안,승용,여,24세,상해없음,이륜,남,55세,경상
2017031600100477,2017년 3월 16일 20시,목요일,충청북도 충주시 신니면,경상사고,0,0,2,0,차대차 - 측면충돌,안전운전불이행,건조,맑음,단일로 - 기타,이륜,남,46세,경상,자전거,남,35세,경상
2017031600100478,2017년 3월 16일 20시,목요일,충청북도 청주시 상당구 석교동,경상사고,0,0,4,0,차대차 - 추돌,안전운전불이행,건조,맑음,단일로 - 기타,승용,남,48세,상해없음,승용,남,60세,상해없음
2017031600100533,2017년 3월 16일 22시,목요일,충청북도 제천시 봉양읍,경상사고,0,0,1,0,차대차 - 추돌,안전운전불이행,건조,맑음,단일로 - 교량,승용,남,37세,상해없음,승용,남,56세,경상
2017031600100553,2017년 3월 16일 23시,목요일,충청북도 청주시 청원구 내수읍,중상사고,0,1,0,0,차대차 - 추돌,안전운전불이행,건조,맑음,단일로 - 기타,승용,남,28세,상해없음,승용,남,43세,중상
2017031600100554,2017년 3월 16일 23시,목요일,충청북도 청주시 흥덕구 복대동,중상사고,0,1,0,0,차대사람 - 횡단중,안전운전불이행,건조,맑음,단일로 - 기타,승용,남,31세,상해없음,보행자,남,36세,중상
2017031700100047,2017년 3월 17일 02시,금요일,충청북도 청주시 청원구 율량동,경상사고,0,0,1,0,차대차 - 정면충돌,기타,건조,맑음,단일로 - 기타,승용,남,53세,상해없음,승용,여,59세,상해없음
2017031700100055,2017년 3월 17일 03시,금요일,충청북도 청주시 서원구 사직동,중상사고,0,1,0,0,차대차 - 기타,안전운전불이행,건조,맑음,교차로 - 교차로횡단보도내,자전거,남,85세,중상,승용,여,34세,상해없음
2017031700100056,2017년 3월 17일 03시,금요일,충청북도 청주시 흥덕구 복대동,경상사고,0,0,1,0,차대차 - 정면충돌,안전운전불이행,건조,맑음,단일로 - 기타,기타불명,기타불명,미분류,기타불명,승용,남,51세,경상
2017031700100057,2017년 3월 17일 03시,금요일,충청북도 청주시 흥덕구 옥산면,중상사고,0,1,0,0,차대차 - 측면충돌,신호위반,건조,맑음,교차로 - 교차로안,승용,남,23세,상해없음,승용,여,40세,중상