사고번호,사고일시,요일,시군구,사고내용,사망자수,중상자수,경상자수,부상신고자수,사고유형,법규위반,노면상태,기상상태,도로형태,가해운전자 차종,가해운전자 성별,가해운전자 연령,가해운전자 상해정도,피해운전자 차종,피해운전자 성별,피해운전자 연령,피해운전자 상해정도
2017031700100076,2017년 3월 17일 05시,금요일,충청북도 진천군 이월면,중상사고,0,1,0,0,차대차 - 측면충돌,신호위반,건조,맑음,교차로 - 교차로안,화물,남,30세,상해없음,승용,여,59세,중상
2017031700100099,2017년 3월 17일 07시,금요일,충청북도 진천군 진천읍,경상사고,0,0,1,0,차대차 - 측면충돌,안전운전불이행,건조,맑음,교차로 - 교차로안,승합,남,38세,상해없음,자전거,남,14세,경상
2017031700100127,2017년 3월 17일 08시,금요일,충청북도 청주시 서원구 사창동,경상사고,0,0,1,0,차대사람 - 기타,안전운전불이행,건조,맑음,단일로 - 기타,승용,여,29세,상해없음,보행자,남,23세,경상
2017031700100128,2017년 3월 17일 08시,금요일,충청북도 청주시 상당구 북문로1가동,중상사고,0,1,0,0,차대차 - 측면충돌,안전운전불이행,건조,맑음,단일로 - 기타,승용,남,51세,상해없음,승용,여,25세,중상
2017031700100168,2017년 3월 17일 09시,금요일,충청북도 청주시 서원구 사직동,중상사고,0,1,0,0,차대사람 - 횡단중,안전운전불이행,건조,맑음,단일로 - 기타,승용,남,57세,상해없음,보행자,여,68세,중상
2017031700100169,2017년 3월 17일 09시,금요일,충청북도 괴산군 감물면,중상사고,0,1,0,0,차량단독 - 전도전복 - 전도,안전운전불이행,건조,맑음,단일로 - 기타,화물,남,45세,상해없음,,,,
2017031700100170,2017년 3월 17일 09시,금요일,충청북도 단양군 매포읍,중상사고,0,2,0,0,차대차 - 측면충돌,직진우회전진행방해,건조,맑음,교차로 - 교차로안,원동기,남,77세,중상,화물,남,65세,상해없음
2017031700100193,2017년 3월 17일 10시,금요일,충청북도 청주시 흥덕구 옥산면,중상사고,0,1,0,0,차대사람 - 횡단중,안전운전불이행,건조,맑음,교차로 - 교차로부근,승용,여,34세,기타불명,보행자,여,81세,중상
2017031700100247,2017년 3월 17일 12시,금요일,충청북도 청주시 청원구 오창읍,중상사고,0,2,1,0,차대차 - 기타,안전운전불이행,건조,맑음,단일로 - 기타,승용,남,22세,상해없음,승용,남,26세,중상
2017031700100248,2017년 3월 17일 12시,금요일,충청북도 영동군 심천면,부상신고사고,0,0,0,1,차대차 - 측면충돌,안전운전불이행,건조,맑음,단일로 - 기타,승용,남,53세,상해없음,자전거,남,74세,부상신고
2017031700100308,2017년 3월 17일 14시,금요일,충청북도 증평군 증평읍,경상사고,0,0,1,0,차대차 - 측면충돌,중앙선침범,건조,맑음,교차로 - 교차로부근,승용,여,62세,상해없음,승용,남,28세,경상
2017031700100309,2017년 3월 17일 14시,금요일,충청북도 충주시 대소원면,중상사고,0,1,1,0,차대차 - 추돌,안전운전불이행,건조,맑음,단일로 - 기타,승용,남,29세,상해없음,승용,남,57세,상해없음
2017031700100372,2017년 3월 17일 16시,금요일,충청북도 충주시 용탄동,중상사고,0,1,2,0,차대차 - 정면충돌,안전거리미확보,건조,맑음,교차로 - 교차로부근,승용,여,45세,상해없음,화물,남,55세,상해없음
2017031700100373,2017년 3월 17일 16시,금요일,충청북도 제천시 동현동,경상사고,0,0,1,0,차대차 - 추돌,안전운전불이행,건조,맑음,기타 - 기타,승용,남,59세,상해없음,승용,여,48세,경상
2017031700100374,2017년 3월 17일 16시,금요일,충청북도 청주시 서원구 산남동,경상사고,0,0,1,0,차대차 - 측면충돌,안전운전불이행,건조,맑음,교차로 - 교차로안,승용,여,40세,상해없음,자전거,남,12세,경상
2017031700100440,2017년 3월 17일 18시,금요일,충청북도 충주시 교현동,경상사고,0,0,3,0,차대차 - 측면충돌,안전운전불이행,건조,맑음,단일로 - 기타,승용,남,86세,상해없음,승용,남,62세,상해없음
2017031700100441,2017년 3월 17일 18시,금요일,충청북도 진천군 덕산면,경상사고,0,0,4,0,차대차 - 추돌,안전운전불이행,건조,맑음,단일로 - 기타,승용,여,24세,경상,승용,남,50세,경상
2017031700100481,2017년 3월 17일 19시,금요일,충청북도 청주시 흥덕구 신봉동,중상사고,0,1,0,0,차대사람 - 횡단중,보행자보호의무위반,건조,맑음,교차로 - 교차로횡단보도내,승합,남,55세,상해없음,보행자,남,60세,중상
2017031700100530,2017년 3월 17일 20시,금요일,충청북도 제천시 하소동,중상사고,0,3,1,0,차대차 - 측면충돌,신호위반,건조,맑음,교차로 - 교차로안,승용,여,51세,경상,승합,남,55세,중상
2017031700100531,2017년 3월 17일 20시,금요일,충청북도 진천군 광혜원면,중상사고,0,1,0,0,차대사람 - 횡단중,안전운전불이행,건조,기타,교차로 - 교차로안,승용,남,34세,상해없음,보행자,남,55세,중상
2017031700100562,2017년 3월 17일 21시,금요일,충청북도 청주시 청원구 오창읍,경상사고,0,0,1,0,차대차 - 기타,안전운전불이행,건조,맑음,단일로 - 기타,승용,남,49세,상해없음,승용,남,55세,경상
2017031700100624,2017년 3월 17일 23시,금요일,충청북도 제천시 동현동,중상사고,0,1,1,0,차대차 - 측면충돌,신호위반,건조,흐림,교차로 - 교차로부근,승용,남,19세,상해없음,승용,남,42세,경상
2017031700100625,2017년 3월 17일 23시,금요일,충청북도 진천군 덕산면,중상사고,0,1,0,0,차대사람 - 차도통행중,안전운전불이행,건조,맑음,단일로 - 기타,화물,남,31세,기타불명,보행자,남,50세,중상
2017031800100112,2017년 3월 18일 06시,토요일,충청북도 청주시 흥덕구 옥산면,경상사고,0,0,1,0,차대차 - 기타,안전거리미확보,건조,맑음,단일로 - 기타,승용,남,42세,상해없음,승용,남,40세,경상
2017031800100113,2017년 3월 18일 06시,토요일,충청북도 청주시 상당구 남일면,경상사고,0,0,1,0,차대사람 - 횡단중,안전운전불이행,건조,맑음,단일로 - 기타,승용,남,66세,상해없음,보행자,남,28세,경상
2017031800100161,2017년 3월 18일 09시,토요일,충청북도 음성군 맹동면,중상사고,0,2,0,0,차대차 - 측면충돌,교차로운행방법위반,건조,맑음,교차로 - 교차로안,건설기계,남,61세,중상,화물,남,35세,중상
2017031800100162,2017년 3월 18일 09시,토요일,충청북도 청주시 상당구 용암동,사망사고,1,0,0,0,차대사람 - 횡단중,신호위반,건조,맑음,교차로 - 교차로횡단보도내,승용,남,52세,상해없음,보행자,여,72세,사망
2017031800100223,2017년 3월 18일 11시,토요일,충청북도 충주시 대소원면,경상사고,0,0,2,1,차대차 - 추돌,안전운전불이행,건조,맑음,단일로 - 기타,화물,남,50세,부상신고,화물,남,50세,경상
2017031800100224,2017년 3월 18일 11시,토요일,충청북도 충주시 대소원면,경상사고,0,0,1,0,차대차 - 측면충돌,안전운전불이행,건조,맑음,단일로 - 기타,승용,남,29세,상해없음,승용,남,49세,경상
2017031800100225,2017년 3월 18일 11시,토요일,충청북도 청주시 서원구 수곡동,경상사고,0,0,1,1,차대차 - 추돌,안전운전불이행,건조,맑음,교차로 - 교차로안,승용,여,39세,상해없음,승용,남,36세,경상
2017031800100252,2017년 3월 18일 12시,토요일,충청북도 청주시 서원구 죽림동,중상사고,0,1,0,0,차대차 - 정면충돌,교차로운행방법위반,건조,맑음,교차로 - 교차로안,승용,여,41세,상해없음,이륜,남,77세,중상
2017031800100253,2017년 3월 18일 12시,토요일,충청북도 청주시 흥덕구 석곡동,경상사고,0,0,1,0,차대차 - 추돌,안전거리미확보,건조,맑음,단일로 - 기타,승용,남,21세,상해없음,승용,여,53세,경상
2017031800100320,2017년 3월 18일 14시,토요일,충청북도 청주시 청원구 주중동,경상사고,0,0,1,0,차대차 - 측면충돌,안전운전불이행,건조,맑음,단일로 - 기타,승용,남,37세,상해없음,이륜,남,47세,경상
2017031800100321,2017년 3월 18일 14시,토요일,충청북도 제천시 청전동,경상사고,0,0,1,0,차대차 - 추돌,안전거리미확보,건조,맑음,단일로 - 기타,승합,남,72세,상해없음,승용,남,43세,경상
2017031800100322,2017년 3월 18일 14시,토요일,충청북도 증평군 증평읍,경상사고,0,0,1,0,차대사람 - 횡단중,안전운전불이행,건조,맑음,교차로 - 교차로부근,기타불명,기타불명,미분류,기타불명,보행자,남,35세,경상
2017031800100323,2017년 3월 18일 14시,토요일,충청북도 청주시 서원구 미평동,경상사고,0,0,1,0,차대차 - 측면충돌,안전거리미확보,건조,맑음,단일로 - 기타,승용,남,57세,상해없음,원동기,남,20세,경상
2017031800100361,2017년 3월 18일 15시,토요일,충청북도 청주시 흥덕구 송정동,경상사고,0,0,1,0,차대차 - 측면충돌,교차로운행방법위반,건조,맑음,교차로 - 교차로안,승용,여,45세,상해없음,승용,남,26세,경상
2017031800100388,2017년 3월 18일 16시,토요일,충청북도 청주시 청원구 오창읍,중상사고,0,1,0,0,차대차 - 기타,안전운전불이행,건조,맑음,단일로 - 기타,원동기,남,75세,중상,승용,여,57세,상해없음
2017031800100389,2017년 3월 18일 16시,토요일,충청북도 충주시 대소원면,사망사고,1,4,6,0,차대차 - 추돌,안전운전불이행,건조,맑음,단일로 - 터널,화물,남,38세,상해없음,화물,남,56세,중상
2017031800100494,2017년 3월 18일 19시,토요일,충청북도 청주시 청원구 오창읍,경상사고,0,0,2,0,차대차 - 추돌,안전운전불이행,건조,맑음,단일로 - 기타,승용,남,39세,상해없음,승용,여,27세,경상
2017031800100495,2017년 3월 18일 19시,토요일,충청북도 청주시 청원구 오동동,중상사고,0,1,1,0,차대차 - 정면충돌,안전운전불이행,건조,맑음,교차로 - 교차로부근,승용,남,52세,중상,승용,여,28세,경상
2017031800100496,2017년 3월 18일 19시,토요일,충청북도 청주시 흥덕구 옥산면,중상사고,0,1,0,0,차대차 - 추돌,안전운전불이행,건조,맑음,단일로 - 기타,화물,남,56세,상해없음,자전거,남,58세,중상
2017031800100532,2017년 3월 18일 20시,토요일,충청북도 청주시 흥덕구 봉명동,중상사고,0,2,2,0,차대차 - 추돌,안전운전불이행,건조,맑음,교차로 - 교차로부근,승용,남,22세,상해없음,승용,남,25세,중상
2017031800100560,2017년 3월 18일 21시,토요일,충청북도 청주시 서원구 모충동,경상사고,0,0,1,0,차대차 - 측면충돌,안전운전불이행,건조,맑음,단일로 - 기타,승용,남,25세,상해없음,이륜,남,16세,경상
2017031800100579,2017년 3월 18일 22시,토요일,충청북도 제천시 대랑동,경상사고,0,0,1,0,차량단독 - 전도전복,안전운전불이행,건조,맑음,기타 - 기타,승용,남,61세,경상,미분류,미분류,미분류,미분류
2017031800100596,2017년 3월 18일 23시,토요일,충청북도 청주시 청원구 율량동,경상사고,0,0,1,0,차대사람 - 횡단중,안전운전불이행,건조,맑음,교차로 - 교차로안,승용,남,44세,상해없음,보행자,남,30세,경상
2017031900100030,2017년 3월 19일 00시,일요일,충청북도 청주시 서원구 죽림동,경상사고,0,0,2,0,차대차 - 추돌,안전운전불이행,건조,맑음,교차로 - 교차로부근,승용,여,51세,상해없음,승용,남,39세,경상
2017031900100031,2017년 3월 19일 00시,일요일,충청북도 청주시 서원구 수곡동,부상신고사고,0,0,0,1,차량단독 - 전도전복 - 전도,안전운전불이행,건조,맑음,교차로 - 교차로안,승용,남,70세,부상신고,,,,
2017031900100049,2017년 3월 19일 01시,일요일,충청북도 영동군 심천면,사망사고,1,0,0,0,차량단독 - 도로외이탈 - 기타,안전운전불이행,건조,맑음,단일로 - 기타,승용,남,53세,사망,,,,
2017031900100089,2017년 3월 19일 04시,일요일,충청북도 청주시 서원구 모충동,중상사고,0,1,1,0,차대차 - 정면충돌,교차로운행방법위반,건조,맑음,교차로 - 교차로안,승용,남,21세,경상,승용,여,54세,중상
2017031900100104,2017년 3월 19일 06시,일요일,충청북도 음성군 금왕읍,경상사고,0,0,7,0,차대차 - 측면충돌,신호위반,건조,맑음,교차로 - 교차로안,승합,남,61세,상해없음,승용,남,51세,경상
2017031900100105,2017년 3월 19일 06시,일요일,충청북도 진천군 이월면,중상사고,0,1,0,0,차대차 - 기타,직진우회전진행방해,건조,맑음,교차로 - 교차로안,승용,남,55세,상해없음,승용,여,57세,중상
2017031900100114,2017년 3월 19일 07시,일요일,충청북도 청주시 상당구 명암동,경상사고,0,0,1,0,차량단독 - 전도전복,안전운전불이행,건조,맑음,단일로 - 기타,승용,남,65세,경상,미분류,미분류,미분류,미분류
2017031900100122,2017년 3월 19일 08시,일요일,충청북도 제천시 모산동,중상사고,0,1,3,0,차대차 - 측면충돌,신호위반,건조,맑음,교차로 - 교차로안,승용,남,82세,경상,승용,남,63세,경상
2017031900100123,2017년 3월 19일 08시,일요일,충청북도 단양군 대강면,중상사고,0,1,4,0,차대차 - 측면충돌,안전운전불이행,건조,맑음,교차로 - 교차로안,승합,남,56세,상해없음,승합,여,49세,경상
2017031900100159,2017년 3월 19일 10시,일요일,충청북도 청주시 청원구 오창읍,경상사고,0,0,3,0,차대차 - 기타,안전운전불이행,건조,맑음,단일로 - 기타,승용,남,63세,상해없음,승용,남,34세,경상
2017031900100251,2017년 3월 19일 14시,일요일,충청북도 충주시 주덕읍,경상사고,0,0,1,0,차량단독 - 전도전복,안전운전불이행,건조,맑음,단일로 - 기타,승용,여,29세,경상,미분류,미분류,미분류,미분류
2017031900100252,2017년 3월 19일 14시,일요일,충청북도 청주시 상당구 석교동,경상사고,0,0,2,0,차대차 - 측면충돌,안전운전불이행,건조,맑음,교차로 - 교차로안,승용,남,44세,상해없음,승용,여,29세,경상
2017031900100253,2017년 3월 19일 14시,일요일,충청북도 청주시 상당구 서문동,중상사고,0,1,0,0,차대차 - 측면충돌,안전운전불이행,건조,맑음,교차로 - 교차로부근,자전거,남,86세,중상,승용,남,29세,상해없음
2017031900100280,2017년 3월 19일 15시,일요일,충청북도 충주시 교현동,중상사고,0,1,0,0,차대차 - 측면충돌,중앙선침범,건조,맑음,단일로 - 기타,승용,여,36세,상해없음,이륜,남,57세,중상
2017031900100281,2017년 3월 19일 15시,일요일,충청북도 진천군 진천읍,경상사고,0,0,5,0,차대차 - 측면충돌,교차로운행방법위반,건조,맑음,교차로 - 교차로안,승용,남,35세,상해없음,승용,남,57세,경상
2017031900100282,2017년 3월 19일 15시,일요일,충청북도 청주시 흥덕구 복대동,경상사고,0,0,3,0,차대차 - 추돌,안전거리미확보,건조,맑음,단일로 - 기타,승용,남,57세,경상,승용,남,31세,상해없음
2017031900100283,2017년 3월 19일 15시,일요일,충청북도 청주시 상당구 용담동,경상사고,0,0,2,0,차대차 - 기타,중앙선침범,건조,맑음,단일로 - 기타,승용,여,40세,상해없음,승용,남,56세,경상
2017031900100357,2017년 3월 19일 18시,일요일,충청북도 충주시 안림동,경상사고,0,0,1,0,차대차 - 기타,안전운전불이행,건조,맑음,교차로 - 교차로부근,이륜,남,17세,경상,승용,남,47세,상해없음
2017031900100387,2017년 3월 19일 19시,일요일,충청북도 충주시 교현동,중상사고,0,1,0,0,차대차 - 정면충돌,직진우회전진행방해,건조,맑음,단일로 - 기타,승용,남,35세,상해없음,원동기,남,22세,중상
2017031900100388,2017년 3월 19일 19시,일요일,충청북도 괴산군 소수면,경상사고,0,0,1,0,차대차 - 측면충돌,차로위반,건조,맑음,단일로 - 기타,이륜,남,25세,경상,승용,남,49세,상해없음
2017031900100389,2017년 3월 19일 19시,일요일,충청북도 청주시 서원구 개신동,경상사고,0,0,2,1,차대차 - 정면충돌,교차로운행방법위반,건조,맑음,교차로 - 교차로안,승용,남,36세,부상신고,승용,여,23세,경상
2017031900100451,2017년 3월 19일 21시,일요일,충청북도 제천시 송학면,부상신고사고,0,0,0,1,차대사람 - 횡단중,안전운전불이행,건조,맑음,단일로 - 기타,승용,남,45세,상해없음,보행자,여,45세,부상신고
2017031900100452,2017년 3월 19일 21시,일요일,충청북도 청주시 서원구 분평동,경상사고,0,0,1,0,차대차 - 추돌,안전운전불이행,건조,맑음,교차로 - 교차로안,승용,남,50세,상해없음,승용,남,43세,상해없음
2017031900100469,2017년 3월 19일 22시,일요일,충청북도 청주시 서원구 남이면,사망사고,1,0,0,0,차대사람 - 횡단중,안전운전불이행,건조,맑음,단일로 - 기타,승합,남,51세,상해없음,보행자,남,41세,사망
2017031900100470,2017년 3월 19일 22시,일요일,충청북도 청주시 흥덕구 강서동,경상사고,0,0,1,0,차대차 - 추돌,안전운전불이행,건조,맑음,단일로 - 기타,승용,남,21세,상해없음,승용,남,23세,경상
2017031900100482,2017년 3월 19일 23시,일요일,충청북도 청주시 흥덕구 복대동,경상사고,0,0,1,0,차대차 - 정면충돌,안전운전불이행,건조,맑음,단일로 - 기타,승용,여,28세,상해없음,승용,남,37세,경상
2017032000100028,2017년 3월 20일 02시,월요일,충청북도 제천시 청전동,중상사고,0,1,0,0,차대차 - 후진중충돌,안전운전불이행,건조,맑음,단일로 - 기타,승용,남,19세,상해없음,승용,남,27세,중상
2017032000100069,2017년 3월 20일 07시,월요일,충청북도 진천군 진천읍,경상사고,0,0,1,0,차대사람 - 횡단중,안전운전불이행,건조,맑음,단일로 - 기타,승용,남,52세,상해없음,보행자,남,14세,경상
2017032000100150,2017년 3월 20일 10시,월요일,충청북도 청주시 청원구 율량동,경상사고,0,0,1,0,차대차 - 측면충돌,안전운전불이행,건조,맑음,단일로 - 기타,승용,여,67세,상해없음,승용,여,54세,경상
2017032000100151,2017년 3월 20일 10시,월요일,충청북도 청주시 흥덕구 옥산면,경상사고,0,0,2,0,차대차 - 기타,안전운전불이행,건조,맑음,기타 - 기타,화물,남,48세,상해없음,승용,여,45세,경상
2017032000100172,2017년 3월 20일 11시,월요일,충청북도 충주시 동량면,중상사고,0,1,0,0,차대차 - 정면충돌,중앙선침범,건조,맑음,교차로 - 교차로부근,승용,남,59세,상해없음,사륜오토바이(ATV),남,81세,중상
2017032000100197,2017년 3월 20일 12시,월요일,충청북도 청주시 서원구 사창동,경상사고,0,0,1,0,차대차 - 측면충돌,안전운전불이행,건조,맑음,미분류 - 미분류,승용,남,43세,상해없음,자전거,남,90세 이상,경상
2017032000100285,2017년 3월 20일 15시,월요일,충청북도 청주시 상당구 용암동,중상사고,0,1,0,0,차대사람 - 횡단중,안전운전불이행,건조,맑음,단일로 - 기타,승용,남,44세,상해없음,보행자,남,7세,중상
2017032000100389,2017년 3월 20일 18시,월요일,충청북도 청주시 상당구 용정동,경상사고,0,0,1,0,차대차 - 추돌,안전거리미확보,건조,맑음,교차로 - 교차로부근,이륜,남,50세,경상,승용,여,30세,상해없음
2017032000100390,2017년 3월 20일 18시,월요일,충청북도 청주시 서원구 분평동,경상사고,0,0,1,0,차대사람 - 횡단중,교차로운행방법위반,건조,맑음,교차로 - 교차로안,승용,남,54세,상해없음,보행자,여,48세,경상
2017032000100428,2017년 3월 20일 19시,월요일,충청북도 청주시 흥덕구 복대동,경상사고,0,0,1,0,차대사람 - 횡단중,보행자보호의무위반,건조,맑음,교차로 - 교차로안,승용,남,56세,상해없음,보행자,남,37세,경상
2017032000100502,2017년 3월 20일 21시,월요일,충청북도 청주시 흥덕구 복대동,중상사고,0,1,0,0,차대사람 - 기타,안전운전불이행,건조,맑음,교차로 - 교차로부근,승용,남,40세,상해없음,보행자,여,56세,중상
2017032000100503,2017년 3월 20일 21시,월요일,충청북도 청주시 흥덕구 비하동,경상사고,0,0,3,0,차대차 - 측면충돌,신호위반,건조,맑음,교차로 - 교차로안,승용,남,46세,상해없음,승용,남,38세,경상
2017032100100059,2017년 3월 21일 03시,화요일,충청북도 충주시 안림동,중상사고,0,1,1,0,차대차 - 측면충돌,안전거리미확보,건조,맑음,교차로 - 교차로안,승용,남,47세,상해없음,이륜,남,22세,중상
2017032100100110,2017년 3월 21일 07시,화요일,충청북도 청주시 흥덕구 오송읍,경상사고,0,0,2,0,차대차 - 측면충돌,신호위반,건조,맑음,교차로 - 교차로안,승용,남,28세,상해없음,승용,여,45세,경상
2017032100100137,2017년 3월 21일 08시,화요일,충청북도 충주시 목행동,경상사고,0,0,2,0,차대차 - 기타,직진우회전진행방해,건조,맑음,교차로 - 교차로안,화물,남,49세,경상,화물,남,47세,경상
2017032100100203,2017년 3월 21일 10시,화요일,충청북도 충주시 대소원면,경상사고,0,0,1,0,차대차 - 기타,신호위반,건조,맑음,교차로 - 교차로안,화물,남,20세,상해없음,화물,남,63세,경상
2017032100100248,2017년 3월 21일 12시,화요일,충청북도 청주시 서원구 사직동,중상사고,0,2,1,0,차대차 - 기타,중앙선침범,건조,맑음,단일로 - 기타,승용,남,69세,상해없음,승용,남,45세,중상
2017032100100249,2017년 3월 21일 12시,화요일,충청북도 청주시 흥덕구 가경동,경상사고,0,0,1,0,차대차 - 추돌,안전거리미확보,건조,맑음,단일로 - 기타,승용,남,32세,상해없음,승용,여,43세,경상
2017032100100275,2017년 3월 21일 13시,화요일,충청북도 진천군 덕산면,경상사고,0,0,1,0,차대차 - 기타,교차로운행방법위반,건조,맑음,교차로 - 교차로안,화물,남,62세,상해없음,승용,여,32세,경상
2017032100100276,2017년 3월 21일 13시,화요일,충청북도 청주시 흥덕구 복대동,경상사고,0,0,1,0,차대차 - 측면충돌,안전운전불이행,건조,맑음,단일로 - 기타,승용,남,30세,상해없음,승용,남,23세,경상
2017032100100304,2017년 3월 21일 14시,화요일,충청북도 영동군 영동읍,중상사고,0,1,0,0,차대차 - 기타,안전운전불이행,건조,맑음,교차로 - 교차로안,승용,여,21세,상해없음,승용,여,45세,상해없음
2017032100100305,2017년 3월 21일 14시,화요일,충청북도 음성군 대소면,중상사고,0,1,0,0,차대차 - 측면충돌,안전운전불이행,건조,맑음,단일로 - 기타,승용,남,59세,상해없음,이륜,남,72세,중상
2017032100100306,2017년 3월 21일 14시,화요일,충청북도 옥천군 옥천읍,경상사고,0,0,1,0,차대차 - 기타,안전운전불이행,건조,맑음,단일로 - 기타,승용,여,35세,상해없음,승용,여,40세,경상
2017032100100307,2017년 3월 21일 14시,화요일,충청북도 청주시 서원구 장암동,중상사고,0,1,2,0,차대차 - 측면충돌,교차로운행방법위반,건조,맑음,교차로 - 교차로안,승용,남,54세,경상,승용,여,62세,중상
2017032100100351,2017년 3월 21일 16시,화요일,충청북도 충주시 연수동,중상사고,0,1,1,0,차대차 - 측면충돌,안전운전불이행,건조,맑음,교차로 - 교차로안,승용,남,57세,상해없음,원동기,남,69세,경상
2017032100100352,2017년 3월 21일 16시,화요일,충청북도 청주시 상당구 금천동,경상사고,0,0,1,0,차대차 - 기타,안전운전불이행,건조,맑음,교차로 - 교차로안,승용,여,35세,상해없음,이륜,남,26세,경상
2017032100100391,2017년 3월 21일 17시,화요일,충청북도 청주시 청원구 사천동,경상사고,0,0,1,0,차대차 - 기타,안전운전불이행,건조,맑음,단일로 - 기타,자전거,남,12세,경상,승용,남,67세,상해없음
2017032100100423,2017년 3월 21일 18시,화요일,충청북도 제천시 남천동,경상사고,0,0,3,0,차대차 - 측면충돌,직진우회전진행방해,건조,맑음,교차로 - 교차로안,승용,여,48세,경상,승용,남,64세,경상
2017032100100453,2017년 3월 21일 19시,화요일,충청북도 청주시 청원구 내수읍,경상사고,0,0,1,0,차대사람 - 횡단중,안전운전불이행,건조,맑음,단일로 - 기타,승용,남,48세,상해없음,보행자,남,25세,경상
2017032100100454,2017년 3월 21일 19시,화요일,충청북도 제천시 청전동,경상사고,0,0,1,0,차대차 - 기타,안전운전불이행,건조,맑음,교차로 - 교차로부근,이륜,남,42세,경상,승용,여,41세,상해없음
2017032100100455,2017년 3월 21일 19시,화요일,충청북도 청주시 흥덕구 강서동,경상사고,0,0,1,0,차대차 - 측면충돌,안전운전불이행,건조,맑음,교차로 - 교차로안,승용,남,40세,상해없음,이륜,남,24세,경상
2017032100100486,2017년 3월 21일 20시,화요일,충청북도 음성군 음성읍,경상사고,0,0,1,0,차량단독 - 기타,안전운전불이행,건조,맑음,단일로 - 기타,승용,여,55세,경상,,,,
2017032100100487,2017년 3월 21일 20시,화요일,충청북도 청주시 서원구 모충동,경상사고,0,0,1,0,차대차 - 추돌,신호위반,건조,맑음,교차로 - 교차로부근,승용,여,58세,상해없음,승용,여,61세,경상
2017032100100488,2017년 3월 21일 20시,화요일,충청북도 청주시 서원구 분평동,경상사고,0,0,1,0,차대차 - 기타,기타,건조,맑음,교차로 - 교차로부근,승합,남,57세,상해없음,승용,남,63세,상해없음
2017032100100517,2017년 3월 21일 21시,화요일,충청북도 충주시 신니면,경상사고,0,0,1,0,차대차 - 기타,중앙선침범,건조,맑음,단일로 - 기타,승용,남,44세,상해없음,승용,남,69세,경상
2017032100100518,2017년 3월 21일 21시,화요일,충청북도 청주시 흥덕구 봉명동,중상사고,0,1,0,0,차대사람 - 횡단중,보행자보호의무위반,건조,맑음,교차로 - 교차로횡단보도내,화물,남,36세,상해없음,보행자,남,39세,중상
2017032100100535,2017년 3월 21일 22시,화요일,충청북도 제천시 청전동,경상사고,0,0,1,0,차대차 - 추돌,안전거리미확보,건조,맑음,단일로 - 기타,승용,남,38세,상해없음,승용,남,50세,경상
2017032200100071,2017년 3월 22일 06시,수요일,충청북도 청주시 흥덕구 오송읍,경상사고,0,0,2,0,차대차 - 측면충돌,신호위반,건조,맑음,교차로 - 교차로부근,승용,남,62세,상해없음,승용,남,69세,경상
2017032200100114,2017년 3월 22일 08시,수요일,충청북도 충주시 봉방동,경상사고,0,0,1,0,차대차 - 기타,직진우회전진행방해,건조,맑음,교차로 - 교차로부근,승용,남,35세,경상,승용,여,35세,상해없음
2017032200100115,2017년 3월 22일 08시,수요일,충청북도 진천군 문백면,경상사고,0,0,5,0,차대차 - 추돌,안전거리미확보,건조,맑음,단일로 - 터널,승용,남,60세,상해없음,화물,남,60세,경상
2017032200100116,2017년 3월 22일 08시,수요일,충청북도 진천군 진천읍,중상사고,0,1,0,0,차대사람 - 횡단중,안전운전불이행,건조,맑음,교차로 - 교차로안,승용,여,31세,상해없음,보행자,남,15세,중상
2017032200100117,2017년 3월 22일 08시,수요일,충청북도 진천군 문백면,경상사고,0,0,2,0,차대차 - 추돌,안전거리미확보,건조,맑음,단일로 - 터널,승용,여,28세,경상,승용,남,35세,경상
2017032200100118,2017년 3월 22일 08시,수요일,충청북도 진천군 문백면,경상사고,0,0,4,0,차대차 - 추돌,안전거리미확보,건조,맑음,단일로 - 터널,승용,여,27세,경상,승용,여,28세,경상
2017032200100119,2017년 3월 22일 08시,수요일,충청북도 청주시 흥덕구 봉명동,경상사고,0,0,1,0,차대차 - 추돌,안전운전불이행,건조,맑음,교차로 - 교차로부근,승용,남,32세,상해없음,승용,여,43세,경상
2017032200100153,2017년 3월 22일 09시,수요일,충청북도 제천시 천남동,경상사고,0,0,1,0,차대차 - 추돌,안전거리미확보,건조,맑음,교차로 - 교차로부근,화물,남,60세,상해없음,승용,여,64세,경상
2017032200100154,2017년 3월 22일 09시,수요일,충청북도 음성군 음성읍,중상사고,0,1,2,0,차대차 - 추돌,안전거리미확보,건조,맑음,교차로 - 교차로안,승용,남,53세,중상,화물,남,46세,경상
2017032200100187,2017년 3월 22일 10시,수요일,충청북도 제천시 장락동,중상사고,0,1,0,0,차대차 - 기타,안전운전불이행,건조,맑음,교차로 - 교차로안,이륜,남,74세,중상,화물,남,51세,상해없음
2017032200100208,2017년 3월 22일 11시,수요일,충청북도 보은군 보은읍,중상사고,0,1,0,0,차대차 - 측면충돌,교차로운행방법위반,건조,맑음,교차로 - 교차로안,승용,남,52세,상해없음,이륜,남,63세,중상
2017032200100209,2017년 3월 22일 11시,수요일,충청북도 옥천군 옥천읍,중상사고,0,1,1,0,차대차 - 측면충돌,교차로운행방법위반,건조,맑음,교차로 - 교차로안,승용,남,49세,상해없음,화물,남,62세,중상