사고번호,사고일시,요일,시군구,사고내용,사망자수,중상자수,경상자수,부상신고자수,사고유형,법규위반,노면상태,기상상태,도로형태,가해운전자 차종,가해운전자 성별,가해운전자 연령,가해운전자 상해정도,피해운전자 차종,피해운전자 성별,피해운전자 연령,피해운전자 상해정도
2017040600100240,2017년 4월 6일 10시,목요일,충청북도 청주시 흥덕구 가경동,경상사고,0,0,1,0,차대차 - 측면충돌,안전거리미확보,건조,맑음,교차로 - 교차로안,화물,남,63세,상해없음,원동기,남,50세,경상
2017040600100284,2017년 4월 6일 12시,목요일,충청북도 청주시 청원구 주성동,경상사고,0,0,3,0,차대차 - 기타,안전운전불이행,건조,맑음,교차로 - 교차로부근,승용,남,57세,경상,승용,여,35세,경상
2017040600100344,2017년 4월 6일 14시,목요일,충청북도 충주시 문화동,경상사고,0,0,1,0,차대차 - 기타,안전운전불이행,건조,맑음,단일로 - 기타,원동기,남,18세,상해없음,자전거,남,64세,경상
2017040600100395,2017년 4월 6일 16시,목요일,충청북도 충주시 교현동,중상사고,0,1,0,0,차대사람 - 횡단중,보행자보호의무위반,건조,맑음,단일로 - 기타,승합,남,68세,상해없음,보행자,여,6세,중상
2017040600100396,2017년 4월 6일 16시,목요일,충청북도 청주시 상당구 남일면,경상사고,0,0,1,0,차대사람 - 횡단중,안전운전불이행,건조,맑음,단일로 - 기타,승합,남,60세,상해없음,보행자,남,40세,경상
2017040600100431,2017년 4월 6일 17시,목요일,충청북도 제천시 강제동,경상사고,0,0,2,0,차대차 - 기타,과속,건조,맑음,단일로 - 기타,승용,남,55세,경상,승용,남,45세,경상
2017040600100468,2017년 4월 6일 18시,목요일,충청북도 충주시 용탄동,중상사고,0,1,0,0,차대차 - 기타,중앙선침범,건조,맑음,단일로 - 기타,승용,남,23세,상해없음,승용,남,48세,중상
2017040600100469,2017년 4월 6일 18시,목요일,충청북도 음성군 맹동면,중상사고,0,1,0,0,차대사람 - 횡단중,보행자보호의무위반,건조,맑음,교차로 - 교차로횡단보도내,승용,남,51세,상해없음,보행자,여,25세,중상
2017040600100503,2017년 4월 6일 19시,목요일,충청북도 진천군 진천읍,경상사고,0,0,1,0,차대사람 - 기타,안전운전불이행,건조,맑음,교차로 - 교차로안,승합,남,48세,상해없음,보행자,남,40세,경상
2017040600100567,2017년 4월 6일 21시,목요일,충청북도 청주시 청원구 주성동,경상사고,0,0,3,0,차대차 - 기타,안전운전불이행,건조,맑음,교차로 - 교차로안,승용,남,54세,경상,승합,남,43세,경상
2017040600100584,2017년 4월 6일 22시,목요일,충청북도 청주시 청원구 외평동,경상사고,0,0,4,0,차대차 - 추돌,안전운전불이행,건조,맑음,단일로 - 기타,승용,여,56세,상해없음,승용,남,51세,경상
2017040600100585,2017년 4월 6일 22시,목요일,충청북도 보은군 보은읍,중상사고,0,1,0,0,차대사람 - 횡단중,교차로운행방법위반,건조,맑음,교차로 - 교차로안,화물,남,22세,상해없음,보행자,남,43세,중상
2017040600100605,2017년 4월 6일 23시,목요일,충청북도 청주시 청원구 율량동,중상사고,0,1,0,0,차대사람 - 횡단중,보행자보호의무위반,건조,맑음,교차로 - 교차로횡단보도내,승용,남,24세,상해없음,보행자,여,22세,중상
2017040600100606,2017년 4월 6일 23시,목요일,충청북도 충주시 연수동,중상사고,0,2,0,0,차대차 - 정면충돌,안전운전불이행,건조,맑음,교차로 - 교차로부근,승용,남,55세,상해없음,승용,여,45세,중상
2017040600100607,2017년 4월 6일 23시,목요일,충청북도 청주시 흥덕구 비하동,경상사고,0,0,1,0,차대차 - 측면충돌,안전운전불이행,건조,맑음,교차로 - 교차로안,승용,여,34세,상해없음,이륜,남,59세,경상
2017040600100608,2017년 4월 6일 23시,목요일,충청북도 청주시 흥덕구 봉명동,경상사고,0,0,1,0,차대차 - 추돌,안전운전불이행,건조,맑음,교차로 - 교차로부근,승용,남,48세,상해없음,승용,남,54세,경상
2017040700100037,2017년 4월 7일 01시,금요일,충청북도 청주시 서원구 성화동,경상사고,0,0,1,0,차대차 - 추돌,안전운전불이행,건조,맑음,교차로 - 교차로안,승용,여,28세,상해없음,승용,남,24세,경상
2017040700100085,2017년 4월 7일 07시,금요일,충청북도 괴산군 청안면,경상사고,0,0,1,0,차대차 - 측면충돌,안전운전불이행,건조,맑음,교차로 - 교차로안,화물,남,57세,상해없음,승용,여,46세,경상
2017040700100086,2017년 4월 7일 07시,금요일,충청북도 청주시 상당구 가덕면,중상사고,0,1,1,0,차대차 - 측면충돌,교차로운행방법위반,건조,맑음,교차로 - 교차로안,승용,남,32세,중상,승용,남,45세,경상
2017040700100117,2017년 4월 7일 08시,금요일,충청북도 충주시 용산동,경상사고,0,0,1,0,차대사람 - 차도통행중,안전운전불이행,건조,맑음,단일로 - 기타,승용,남,43세,상해없음,보행자,여,72세,경상
2017040700100150,2017년 4월 7일 09시,금요일,충청북도 제천시 천남동,경상사고,0,0,1,0,차대차 - 측면충돌,안전운전불이행,건조,맑음,교차로 - 교차로안,특수,남,28세,상해없음,이륜,남,81세,경상
2017040700100151,2017년 4월 7일 09시,금요일,충청북도 청주시 흥덕구 복대동,경상사고,0,0,1,0,차대차 - 측면충돌,신호위반,건조,맑음,교차로 - 교차로안,승합,여,48세,상해없음,이륜,남,36세,경상
2017040700100152,2017년 4월 7일 09시,금요일,충청북도 청주시 상당구 금천동,경상사고,0,0,1,0,차대차 - 측면충돌,안전운전불이행,건조,맑음,교차로 - 교차로안,원동기,남,23세,경상,승용,여,62세,상해없음
2017040700100183,2017년 4월 7일 10시,금요일,충청북도 청주시 흥덕구 상신동,경상사고,0,0,1,0,차대차 - 추돌,안전운전불이행,건조,맑음,교차로 - 교차로부근,승용,남,30세,상해없음,승용,남,58세,상해없음
2017040700100184,2017년 4월 7일 10시,금요일,충청북도 청주시 상당구 남일면,경상사고,0,0,1,0,차대차 - 측면충돌,안전운전불이행,건조,맑음,단일로 - 기타,화물,남,54세,상해없음,자전거,남,61세,경상
2017040700100277,2017년 4월 7일 13시,금요일,충청북도 단양군 단성면,중상사고,0,1,1,0,차대차 - 정면충돌,안전운전불이행,건조,맑음,단일로 - 기타,화물,남,34세,경상,화물,남,39세,중상
2017040700100313,2017년 4월 7일 14시,금요일,충청북도 청주시 상당구 북문로3가동,경상사고,0,0,1,0,차대사람 - 횡단중,안전운전불이행,건조,맑음,기타 - 기타,승합,남,57세,상해없음,보행자,여,66세,경상
2017040700100314,2017년 4월 7일 14시,금요일,충청북도 청주시 상당구 방서동,중상사고,0,1,0,0,차대사람 - 횡단중,기타,건조,맑음,단일로 - 기타,승용,여,58세,상해없음,보행자,남,68세,중상
2017040700100349,2017년 4월 7일 15시,금요일,충청북도 제천시 중앙로2가,경상사고,0,0,1,0,차대사람 - 기타,안전운전불이행,건조,맑음,단일로 - 기타,승용,여,56세,상해없음,보행자,여,68세,경상
2017040700100381,2017년 4월 7일 16시,금요일,충청북도 청주시 흥덕구 오송읍,중상사고,0,1,0,0,차대차 - 측면충돌,교차로운행방법위반,건조,맑음,교차로 - 교차로안,원동기,남,69세,중상,건설기계,남,60세,상해없음
2017040700100382,2017년 4월 7일 16시,금요일,충청북도 진천군 초평면,경상사고,0,0,2,0,차대차 - 추돌,안전거리미확보,건조,맑음,단일로 - 기타,승용,남,30세,상해없음,승용,여,24세,경상
2017040700100417,2017년 4월 7일 17시,금요일,충청북도 청주시 상당구 영운동,중상사고,0,1,0,0,차대차 - 기타,신호위반,건조,맑음,교차로 - 교차로횡단보도내,승용,여,42세,상해없음,이륜,남,41세,중상
2017040700100418,2017년 4월 7일 17시,금요일,충청북도 진천군 문백면,중상사고,0,1,1,0,차대차 - 측면충돌,안전운전불이행,건조,맑음,단일로 - 기타,승용,남,20세,상해없음,승용,남,38세,경상
2017040700100454,2017년 4월 7일 18시,금요일,충청북도 청주시 청원구 율량동,중상사고,0,1,0,0,차대차 - 기타,안전운전불이행,건조,맑음,단일로 - 기타,승용,여,45세,기타불명,승용,여,29세,중상
2017040700100455,2017년 4월 7일 18시,금요일,충청북도 충주시 성서동,경상사고,0,0,1,0,차대사람 - 횡단중,교차로운행방법위반,건조,맑음,교차로 - 교차로안,승용,여,38세,상해없음,보행자,여,87세,경상
2017040700100456,2017년 4월 7일 18시,금요일,충청북도 제천시 서부동,경상사고,0,0,1,0,차대사람 - 횡단중,안전운전불이행,건조,맑음,교차로 - 교차로안,화물,남,61세,상해없음,보행자,여,68세,경상
2017040700100540,2017년 4월 7일 20시,금요일,충청북도 청주시 흥덕구 운천동,중상사고,0,1,2,0,차대차 - 측면충돌,신호위반,건조,맑음,교차로 - 교차로안,원동기,남,40세,중상,승용,여,24세,경상
2017040700100602,2017년 4월 7일 22시,금요일,충청북도 청주시 청원구 내덕동,경상사고,0,0,2,0,차대차 - 정면충돌,안전운전불이행,건조,맑음,교차로 - 교차로부근,승용,여,19세,경상,승용,남,36세,경상
2017040700100603,2017년 4월 7일 22시,금요일,충청북도 충주시 봉방동,경상사고,0,0,1,1,차대차 - 기타,안전거리미확보,건조,맑음,단일로 - 기타,승용,남,48세,부상신고,승용,여,42세,경상
2017040700100632,2017년 4월 7일 23시,금요일,충청북도 충주시 교현동,중상사고,0,1,1,0,차대사람 - 횡단중,안전운전불이행,건조,맑음,교차로 - 교차로안,승용,여,63세,상해없음,보행자,여,47세,경상
2017040800100101,2017년 4월 8일 05시,토요일,충청북도 음성군 음성읍,경상사고,0,0,2,0,차대차 - 측면충돌,안전운전불이행,건조,맑음,단일로 - 기타,승용,남,65세,경상,승용,남,28세,상해없음
2017040800100114,2017년 4월 8일 06시,토요일,충청북도 청주시 흥덕구 비하동,경상사고,0,0,5,0,차대차 - 추돌,안전운전불이행,건조,맑음,교차로 - 교차로부근,승용,남,56세,상해없음,승용,남,47세,경상
2017040800100115,2017년 4월 8일 06시,토요일,충청북도 청주시 서원구 모충동,경상사고,0,0,3,0,차대차 - 기타,안전거리미확보,건조,맑음,교차로 - 교차로부근,승용,남,69세,상해없음,화물,남,66세,경상
2017040800100135,2017년 4월 8일 07시,토요일,충청북도 청주시 흥덕구 석곡동,중상사고,0,1,0,1,차대차 - 측면충돌,안전거리미확보,건조,맑음,교차로 - 교차로안,승용,여,41세,부상신고,승용,남,40세,중상
2017040800100160,2017년 4월 8일 08시,토요일,충청북도 청주시 흥덕구 봉명동,중상사고,0,1,0,0,차대차 - 측면충돌,안전운전불이행,건조,맑음,교차로 - 교차로안,화물,남,70세,상해없음,승용,남,27세,중상
2017040800100205,2017년 4월 8일 10시,토요일,충청북도 청주시 흥덕구 복대동,중상사고,0,1,0,0,차대사람 - 횡단중,신호위반,건조,맑음,단일로 - 기타,승용,여,43세,상해없음,보행자,여,55세,중상
2017040800100206,2017년 4월 8일 10시,토요일,충청북도 청주시 서원구 남이면,경상사고,0,0,1,0,차대차 - 측면충돌,안전운전불이행,건조,맑음,단일로 - 기타,승용,남,47세,상해없음,승용,여,46세,경상
2017040800100207,2017년 4월 8일 10시,토요일,충청북도 청주시 서원구 분평동,경상사고,0,0,2,0,차대차 - 추돌,안전운전불이행,건조,맑음,교차로 - 교차로부근,승용,여,39세,상해없음,승용,남,35세,상해없음
2017040800100235,2017년 4월 8일 11시,토요일,충청북도 충주시 금릉동,사망사고,1,0,0,0,차대차 - 정면충돌,신호위반,건조,맑음,교차로 - 교차로안,이륜,남,78세,사망,승용,남,57세,상해없음
2017040800100264,2017년 4월 8일 12시,토요일,충청북도 청주시 상당구 금천동,중상사고,0,1,3,0,차대차 - 측면충돌,안전거리미확보,건조,맑음,교차로 - 교차로부근,승용,남,57세,상해없음,승용,여,29세,경상
2017040800100265,2017년 4월 8일 12시,토요일,충청북도 청주시 상당구 남일면,중상사고,0,2,2,0,차대차 - 정면충돌,중앙선침범,건조,맑음,단일로 - 기타,승용,남,27세,상해없음,승용,남,48세,중상
2017040800100349,2017년 4월 8일 14시,토요일,충청북도 충주시 단월동,경상사고,0,0,1,0,차대차 - 정면충돌,안전운전불이행,건조,맑음,교차로 - 교차로부근,승용,여,26세,상해없음,자전거,남,55세,경상
2017040800100350,2017년 4월 8일 14시,토요일,충청북도 진천군 진천읍,경상사고,0,0,1,0,차대차 - 기타,직진우회전진행방해,건조,맑음,교차로 - 교차로안,승용,여,51세,상해없음,승용,여,39세,경상
2017040800100429,2017년 4월 8일 16시,토요일,충청북도 청주시 서원구 수곡동,경상사고,0,0,1,0,차대차 - 측면충돌,안전운전불이행,건조,맑음,교차로 - 교차로안,승용,남,40세,상해없음,이륜,남,52세,경상
2017040800100496,2017년 4월 8일 18시,토요일,충청북도 제천시 금성면,경상사고,0,0,6,0,차대차 - 추돌,안전운전불이행,건조,맑음,기타 - 기타,승용,남,62세,경상,승용,남,29세,경상
2017040800100534,2017년 4월 8일 19시,토요일,충청북도 옥천군 옥천읍,경상사고,0,0,2,0,차대차 - 측면충돌,안전운전불이행,건조,맑음,단일로 - 기타,승용,남,73세,상해없음,승용,남,48세,경상
2017040800100567,2017년 4월 8일 20시,토요일,충청북도 청주시 상당구 용암동,경상사고,0,0,1,0,차대차 - 측면충돌,교차로운행방법위반,건조,맑음,교차로 - 교차로부근,승용,남,40세,상해없음,승용,남,28세,경상
2017040800100597,2017년 4월 8일 21시,토요일,충청북도 충주시 칠금동,경상사고,0,0,1,0,차량단독 - 기타,안전운전불이행,건조,맑음,단일로 - 기타,승용,남,71세,상해없음,,,,
2017040800100598,2017년 4월 8일 21시,토요일,충청북도 진천군 초평면,경상사고,0,0,3,0,차대차 - 추돌,안전운전불이행,건조,맑음,교차로 - 교차로부근,화물,남,69세,상해없음,승용,남,58세,경상
2017040800100623,2017년 4월 8일 22시,토요일,충청북도 청주시 상당구 용담동,경상사고,0,0,2,0,차대차 - 측면충돌,신호위반,건조,맑음,교차로 - 교차로안,화물,남,33세,상해없음,승용,여,48세,경상
2017040900100216,2017년 4월 9일 13시,일요일,충청북도 제천시 의림동,중상사고,0,1,0,0,차대차 - 측면충돌,신호위반,건조,맑음,교차로 - 교차로안,승용,여,32세,상해없음,이륜,남,36세,중상
2017040900100320,2017년 4월 9일 17시,일요일,충청북도 영동군 심천면,경상사고,0,0,1,0,차대차 - 기타,과속,건조,맑음,단일로 - 기타,승용,남,63세,경상,승용,남,50세,상해없음
2017040900100346,2017년 4월 9일 18시,일요일,충청북도 청주시 청원구 사천동,경상사고,0,0,1,0,차대차 - 추돌,안전운전불이행,건조,맑음,단일로 - 기타,화물,남,43세,상해없음,승용,남,30세,경상
2017040900100347,2017년 4월 9일 18시,일요일,충청북도 청주시 청원구 율량동,경상사고,0,0,4,0,차대차 - 정면충돌,중앙선침범,건조,맑음,교차로 - 교차로부근,승용,남,58세,상해없음,승용,여,23세,경상
2017040900100348,2017년 4월 9일 18시,일요일,충청북도 청주시 청원구 내덕동,중상사고,0,2,0,0,차대차 - 정면충돌,신호위반,건조,맑음,교차로 - 교차로안,이륜,남,48세,중상,자전거,남,26세,중상
2017040900100349,2017년 4월 9일 18시,일요일,충청북도 충주시 교현동,경상사고,0,0,1,0,차대차 - 기타,교차로운행방법위반,건조,맑음,교차로 - 교차로안,승용,남,69세,상해없음,원동기,남,45세,경상
2017040900100350,2017년 4월 9일 18시,일요일,충청북도 충주시 칠금동,중상사고,0,1,2,0,차대차 - 측면충돌,안전운전불이행,건조,맑음,교차로 - 교차로안,승용,여,56세,경상,승용,남,38세,경상
2017040900100351,2017년 4월 9일 18시,일요일,충청북도 제천시 서부동,경상사고,0,0,1,0,차대차 - 정면충돌,안전운전불이행,건조,맑음,교차로 - 교차로횡단보도내,승용,여,38세,상해없음,자전거,남,12세,경상
2017040900100378,2017년 4월 9일 19시,일요일,충청북도 충주시 봉방동,경상사고,0,0,2,0,차대차 - 측면충돌,안전운전불이행,건조,맑음,단일로 - 기타,승용,남,62세,상해없음,승용,남,35세,상해없음
2017040900100379,2017년 4월 9일 19시,일요일,충청북도 청주시 상당구 방서동,경상사고,0,0,1,0,차대차 - 추돌,안전운전불이행,건조,맑음,교차로 - 교차로부근,승합,남,47세,상해없음,승용,여,43세,경상
2017040900100382,2017년 4월 9일 19시,일요일,충청북도 청주시 서원구 남이면,경상사고,0,0,12,0,차대차 - 추돌,차로위반,건조,맑음,단일로 - 기타,승용,남,33세,상해없음,승합,남,49세,상해없음
2017040900100406,2017년 4월 9일 20시,일요일,충청북도 청주시 청원구 북이면,중상사고,0,2,1,0,차대차 - 기타,신호위반,건조,맑음,교차로 - 교차로안,승용,여,43세,중상,승용,여,49세,경상
2017040900100407,2017년 4월 9일 20시,일요일,충청북도 청주시 청원구 내덕동,중상사고,0,1,0,0,차대차 - 기타,차로위반,건조,맑음,교차로 - 교차로부근,승용,남,27세,상해없음,승합,남,54세,상해없음
2017040900100430,2017년 4월 9일 21시,일요일,충청북도 충주시 중앙탑면,중상사고,0,3,0,0,차대차 - 기타,안전운전불이행,건조,맑음,교차로 - 교차로부근,승용,남,34세,중상,승용,여,35세,중상
2017040900100431,2017년 4월 9일 21시,일요일,충청북도 음성군 대소면,경상사고,0,0,1,0,차대사람 - 기타,안전운전불이행,건조,맑음,단일로 - 기타,승용,남,18세,상해없음,보행자,여,52세,경상
2017040900100442,2017년 4월 9일 22시,일요일,충청북도 청주시 서원구 사직동,중상사고,0,1,3,1,차대차 - 추돌,안전운전불이행,건조,맑음,교차로 - 교차로부근,승용,남,33세,상해없음,승용,남,57세,경상
2017040900100460,2017년 4월 9일 23시,일요일,충청북도 청주시 상당구 남일면,경상사고,0,0,2,1,차대차 - 측면충돌,과속,건조,맑음,단일로 - 기타,승용,남,24세,부상신고,승용,남,25세,경상
2017041000100081,2017년 4월 10일 06시,월요일,충청북도 청주시 청원구 율량동,중상사고,0,1,1,0,차대차 - 추돌,안전거리미확보,건조,맑음,단일로 - 기타,승용,남,32세,중상,승용,남,51세,경상
2017041000100082,2017년 4월 10일 06시,월요일,충청북도 충주시 대소원면,경상사고,0,0,1,0,차대차 - 정면충돌,안전운전불이행,건조,맑음,단일로 - 기타,원동기,여,34세,경상,승용,남,49세,상해없음
2017041000100096,2017년 4월 10일 07시,월요일,충청북도 옥천군 옥천읍,중상사고,0,1,0,0,차대차 - 기타,안전거리미확보,건조,맑음,단일로 - 기타,원동기,남,79세,중상,승합,남,42세,상해없음
2017041000100129,2017년 4월 10일 08시,월요일,충청북도 진천군 진천읍,경상사고,0,0,1,0,차대차 - 추돌,안전운전불이행,건조,맑음,단일로 - 기타,승용,남,26세,상해없음,승용,남,42세,경상
2017041000100130,2017년 4월 10일 08시,월요일,충청북도 청주시 상당구 낭성면,경상사고,0,0,1,0,차대차 - 정면충돌,교차로운행방법위반,건조,맑음,교차로 - 교차로안,승용,남,35세,상해없음,승용,여,31세,경상
2017041000100177,2017년 4월 10일 09시,월요일,충청북도 청주시 서원구 모충동,경상사고,0,0,1,0,차대차 - 측면충돌,교차로운행방법위반,건조,맑음,교차로 - 교차로안,승용,남,73세,상해없음,원동기,남,20세,경상
2017041000100209,2017년 4월 10일 10시,월요일,충청북도 청주시 흥덕구 오송읍,경상사고,0,0,2,0,차대차 - 측면충돌,신호위반,건조,맑음,교차로 - 교차로안,승합,남,56세,경상,화물,남,38세,경상
2017041000100235,2017년 4월 10일 11시,월요일,충청북도 청주시 서원구 사창동,중상사고,0,1,0,0,차대사람 - 횡단중,안전운전불이행,건조,맑음,단일로 - 기타,승용,여,36세,상해없음,보행자,여,72세,중상
2017041000100236,2017년 4월 10일 11시,월요일,충청북도 제천시 하소동,경상사고,0,0,1,0,차대차 - 기타,신호위반,건조,맑음,교차로 - 교차로안,승용,여,57세,상해없음,승용,남,58세,경상
2017041000100237,2017년 4월 10일 11시,월요일,충청북도 음성군 대소면,경상사고,0,0,1,0,차대사람 - 횡단중,안전운전불이행,건조,맑음,교차로 - 교차로부근,승용,남,49세,상해없음,보행자,남,55세,경상
2017041000100267,2017년 4월 10일 12시,월요일,충청북도 청주시 상당구 북문로3가동,경상사고,0,0,1,0,차대사람 - 기타,안전운전불이행,건조,맑음,기타 - 기타,자전거,여,65세,상해없음,보행자,여,65세,경상
2017041000100268,2017년 4월 10일 12시,월요일,충청북도 청주시 청원구 오창읍,경상사고,0,0,4,0,차대차 - 추돌,안전운전불이행,건조,맑음,교차로 - 교차로부근,승용,남,60세,상해없음,승용,남,40세,경상
2017041000100287,2017년 4월 10일 13시,월요일,충청북도 청주시 청원구 율량동,경상사고,0,0,1,0,차대차 - 측면충돌,교차로운행방법위반,젖음/습기,맑음,교차로 - 교차로안,승용,남,76세,상해없음,승용,남,32세,경상
2017041000100320,2017년 4월 10일 14시,월요일,충청북도 청주시 상당구 북문로2가동,경상사고,0,0,1,0,차대사람 - 횡단중,신호위반,건조,맑음,교차로 - 교차로안,승용,여,67세,상해없음,보행자,여,48세,경상
2017041000100361,2017년 4월 10일 15시,월요일,충청북도 청주시 흥덕구 운천동,경상사고,0,0,1,0,차대차 - 측면충돌,안전운전불이행,건조,맑음,단일로 - 기타,승용,남,67세,상해없음,승용,여,48세,경상
2017041000100362,2017년 4월 10일 15시,월요일,충청북도 청주시 서원구 분평동,경상사고,0,0,1,0,차대사람 - 횡단중,보행자보호의무위반,건조,맑음,교차로 - 교차로횡단보도내,승용,여,44세,상해없음,보행자,여,11세,경상
2017041000100400,2017년 4월 10일 16시,월요일,충청북도 청주시 청원구 사천동,중상사고,0,1,0,0,차대차 - 정면충돌,중앙선침범,건조,맑음,교차로 - 교차로부근,자전거,남,72세,중상,화물,남,32세,상해없음
2017041000100401,2017년 4월 10일 16시,월요일,충청북도 청주시 흥덕구 송정동,경상사고,0,0,2,0,차대차 - 측면충돌,교차로운행방법위반,건조,맑음,교차로 - 교차로안,승용,남,62세,상해없음,승용,남,57세,경상
2017041000100485,2017년 4월 10일 18시,월요일,충청북도 청주시 청원구 오창읍,경상사고,0,0,4,0,차량단독 - 공작물충돌,안전운전불이행,건조,맑음,단일로 - 기타,승용,남,21세,경상,,,,
2017041000100486,2017년 4월 10일 18시,월요일,충청북도 청주시 흥덕구 옥산면,경상사고,0,0,3,0,차대차 - 기타,과속,건조,맑음,교차로 - 교차로부근,승용,남,28세,경상,화물,남,42세,경상
2017041000100487,2017년 4월 10일 18시,월요일,충청북도 청주시 흥덕구 오송읍,경상사고,0,0,1,0,차대차 - 기타,안전운전불이행,건조,맑음,교차로 - 교차로부근,승용,남,32세,상해없음,자전거,남,22세,경상
2017041000100514,2017년 4월 10일 19시,월요일,충청북도 충주시 봉방동,사망사고,1,0,1,0,차대사람 - 횡단중,안전운전불이행,건조,맑음,단일로 - 기타,원동기,남,18세,경상,보행자,남,77세,사망
2017041000100515,2017년 4월 10일 19시,월요일,충청북도 증평군 증평읍,경상사고,0,0,2,0,차대차 - 측면충돌,안전운전불이행,건조,맑음,교차로 - 교차로부근,화물,남,51세,경상,화물,남,70세,경상
2017041000100516,2017년 4월 10일 19시,월요일,충청북도 청주시 흥덕구 송정동,경상사고,0,0,1,0,차대차 - 기타,안전운전불이행,건조,맑음,교차로 - 교차로부근,승용,남,48세,상해없음,승용,여,47세,경상
2017041000100550,2017년 4월 10일 20시,월요일,충청북도 진천군 진천읍,경상사고,0,0,2,0,차대차 - 기타,안전운전불이행,건조,맑음,단일로 - 기타,승용,남,53세,상해없음,이륜,남,16세,경상
2017041000100578,2017년 4월 10일 21시,월요일,충청북도 청주시 상당구 수동,중상사고,0,1,0,0,차대차 - 측면충돌,직진우회전진행방해,건조,맑음,교차로 - 교차로안,승용,남,21세,상해없음,승용,여,45세,중상
2017041000100579,2017년 4월 10일 21시,월요일,충청북도 제천시 청풍면,경상사고,0,0,1,0,차대차 - 추돌,안전운전불이행,건조,맑음,기타 - 기타,승용,남,44세,상해없음,승용,남,58세,상해없음
2017041000100630,2017년 4월 10일 23시,월요일,충청북도 진천군 진천읍,경상사고,0,0,2,0,차대사람 - 횡단중,안전운전불이행,건조,맑음,단일로 - 기타,원동기,남,19세,상해없음,보행자,여,44세,경상
2017041100100041,2017년 4월 11일 02시,화요일,충청북도 충주시 교현동,경상사고,0,0,2,0,차대차 - 기타,안전거리미확보,젖음/습기,비,단일로 - 기타,승용,남,21세,상해없음,원동기,남,29세,경상
2017041100100068,2017년 4월 11일 05시,화요일,충청북도 청주시 서원구 성화동,중상사고,0,1,0,0,차량단독 - 공작물충돌,안전운전불이행,젖음/습기,비,단일로 - 기타,이륜,남,57세,중상,,,,
2017041100100079,2017년 4월 11일 06시,화요일,충청북도 청주시 청원구 외평동,경상사고,0,0,1,0,차량단독 - 전도전복 - 전도,안전운전불이행,젖음/습기,비,단일로 - 기타,승용,남,44세,상해없음,,,,
2017041100100097,2017년 4월 11일 07시,화요일,충청북도 제천시 신월동,경상사고,0,0,3,0,차대차 - 기타,중앙선침범,젖음/습기,비,단일로 - 기타,승용,여,45세,경상,승용,남,60세,경상
2017041100100144,2017년 4월 11일 08시,화요일,충청북도 청주시 흥덕구 복대동,경상사고,0,0,2,0,차량단독 - 전도전복,안전운전불이행,건조,흐림,단일로 - 기타,승용,남,28세,상해없음,미분류,미분류,미분류,미분류
2017041100100171,2017년 4월 11일 09시,화요일,충청북도 청주시 청원구 내덕동,경상사고,0,0,1,0,차대차 - 측면충돌,안전거리미확보,젖음/습기,비,교차로 - 교차로안,승용,남,69세,상해없음,승용,남,52세,경상
2017041100100172,2017년 4월 11일 09시,화요일,충청북도 충주시 연수동,중상사고,0,6,1,0,차대차 - 측면충돌,신호위반,건조,맑음,교차로 - 교차로안,승용,남,74세,경상,승합,남,42세,중상
2017041100100208,2017년 4월 11일 10시,화요일,충청북도 충주시 교현동,부상신고사고,0,0,0,1,차대사람 - 횡단중,교차로운행방법위반,건조,맑음,교차로 - 교차로안,승용,여,70세,상해없음,보행자,여,45세,부상신고
2017041100100252,2017년 4월 11일 12시,화요일,충청북도 제천시 영천동,중상사고,0,2,1,0,차대차 - 측면충돌,직진우회전진행방해,건조,흐림,교차로 - 교차로안,승용,남,59세,경상,승용,여,42세,중상
2017041100100253,2017년 4월 11일 12시,화요일,충청북도 진천군 진천읍,중상사고,0,1,0,0,차대차 - 추돌,안전운전불이행,건조,맑음,단일로 - 기타,승합,남,35세,상해없음,이륜,남,85세,중상
2017041100100285,2017년 4월 11일 13시,화요일,충청북도 음성군 대소면,경상사고,0,0,5,0,차대차 - 측면충돌,교차로운행방법위반,건조,맑음,교차로 - 교차로안,승용,남,30세,경상,화물,남,47세,경상
2017041100100286,2017년 4월 11일 13시,화요일,충청북도 청주시 상당구 석교동,경상사고,0,0,1,0,차대사람 - 횡단중,안전운전불이행,건조,맑음,단일로 - 기타,기타불명,기타불명,미분류,기타불명,보행자,여,57세,경상
2017041100100317,2017년 4월 11일 14시,화요일,충청북도 청주시 서원구 남이면,사망사고,1,2,0,0,차대차 - 추돌,안전운전불이행,건조,맑음,단일로 - 기타,승용,남,28세,중상,화물,남,49세,사망
2017041100100377,2017년 4월 11일 16시,화요일,충청북도 진천군 진천읍,경상사고,0,0,1,0,차대사람 - 횡단중,보행자보호의무위반,건조,맑음,교차로 - 교차로횡단보도내,승용,남,55세,상해없음,보행자,남,9세,경상
2017041100100413,2017년 4월 11일 17시,화요일,충청북도 제천시 봉양읍,중상사고,0,1,1,0,차대차 - 기타,안전운전불이행,건조,맑음,교차로 - 교차로안,승용,남,56세,상해없음,이륜,남,16세,경상
2017041100100467,2017년 4월 11일 18시,화요일,충청북도 충주시 교현동,경상사고,0,0,1,0,차대차 - 측면충돌,안전운전불이행,건조,맑음,교차로 - 교차로안,이륜,남,22세,경상,승용,남,45세,상해없음