사고번호,사고일시,요일,시군구,사고내용,사망자수,중상자수,경상자수,부상신고자수,사고유형,법규위반,노면상태,기상상태,도로형태,가해운전자 차종,가해운전자 성별,가해운전자 연령,가해운전자 상해정도,피해운전자 차종,피해운전자 성별,피해운전자 연령,피해운전자 상해정도
2017041100100468,2017년 4월 11일 18시,화요일,충청북도 충주시 문화동,중상사고,0,2,0,0,차대사람 - 횡단중,신호위반,건조,맑음,교차로 - 교차로횡단보도내,승용,여,29세,상해없음,보행자,여,45세,중상
2017041100100469,2017년 4월 11일 18시,화요일,충청북도 괴산군 괴산읍,부상신고사고,0,0,0,1,차대사람 - 차도통행중,안전운전불이행,건조,맑음,단일로 - 기타,승용,남,52세,상해없음,보행자,남,50세,부상신고
2017041100100509,2017년 4월 11일 19시,화요일,충청북도 청주시 흥덕구 복대동,경상사고,0,0,1,0,차대차 - 추돌,안전운전불이행,건조,맑음,단일로 - 기타,화물,남,45세,상해없음,승용,여,35세,경상
2017041100100545,2017년 4월 11일 20시,화요일,충청북도 음성군 감곡면,경상사고,0,0,1,0,차대차 - 측면충돌,교차로운행방법위반,건조,맑음,교차로 - 교차로안,승합,남,45세,상해없음,승용,여,27세,경상
2017041200100024,2017년 4월 12일 00시,수요일,충청북도 진천군 이월면,중상사고,0,1,0,0,차대사람 - 횡단중,안전운전불이행,건조,기타,교차로 - 교차로안,승용,남,23세,상해없음,보행자,남,42세,중상
2017041200100057,2017년 4월 12일 04시,수요일,충청북도 청주시 흥덕구 봉명동,경상사고,0,0,1,0,차대차 - 추돌,안전운전불이행,건조,맑음,단일로 - 기타,승용,남,23세,상해없음,승용,남,56세,경상
2017041200100119,2017년 4월 12일 08시,수요일,충청북도 청주시 청원구 내덕동,경상사고,0,0,1,0,차대차 - 기타,신호위반,건조,맑음,교차로 - 교차로횡단보도내,화물,남,57세,상해없음,자전거,여,21세,경상
2017041200100120,2017년 4월 12일 08시,수요일,충청북도 충주시 중앙탑면,중상사고,0,1,0,0,차대차 - 정면충돌,신호위반,건조,맑음,교차로 - 교차로안,승용,남,48세,상해없음,승용,남,27세,중상
2017041200100121,2017년 4월 12일 08시,수요일,충청북도 청주시 흥덕구 신봉동,경상사고,0,0,4,0,차대차 - 기타,직진우회전진행방해,건조,맑음,교차로 - 교차로안,승용,남,36세,경상,승용,남,50세,경상
2017041200100149,2017년 4월 12일 09시,수요일,충청북도 청주시 청원구 내덕동,경상사고,0,0,2,0,차대차 - 측면충돌,교차로운행방법위반,건조,맑음,교차로 - 교차로안,화물,여,42세,경상,화물,남,26세,경상
2017041200100150,2017년 4월 12일 09시,수요일,충청북도 제천시 중앙로2가,중상사고,0,2,0,0,차대차 - 측면충돌,안전거리미확보,건조,맑음,단일로 - 기타,이륜,남,58세,중상,승용,남,60세,상해없음
2017041200100206,2017년 4월 12일 11시,수요일,충청북도 충주시 단월동,경상사고,0,0,5,0,차대차 - 정면충돌,안전운전불이행,건조,맑음,교차로 - 교차로안,승용,여,41세,상해없음,승용,남,30세,경상
2017041200100207,2017년 4월 12일 11시,수요일,충청북도 괴산군 문광면,중상사고,0,1,1,0,차대차 - 추돌,안전거리미확보,건조,맑음,교차로 - 교차로부근,승용,남,49세,상해없음,승용,남,63세,경상
2017041200100208,2017년 4월 12일 11시,수요일,충청북도 증평군 증평읍,경상사고,0,0,1,0,차대차 - 측면충돌,신호위반,건조,맑음,교차로 - 교차로안,이륜,남,17세,경상,승용,남,42세,상해없음
2017041200100248,2017년 4월 12일 13시,수요일,충청북도 진천군 덕산면,경상사고,0,0,1,0,차대차 - 기타,직진우회전진행방해,건조,맑음,교차로 - 교차로안,건설기계,남,41세,상해없음,화물,남,51세,경상
2017041200100249,2017년 4월 12일 13시,수요일,충청북도 청주시 흥덕구 복대동,경상사고,0,0,1,0,차대사람 - 횡단중,기타,건조,맑음,기타 - 기타,원동기,남,25세,상해없음,보행자,남,25세,경상
2017041200100250,2017년 4월 12일 13시,수요일,충청북도 청주시 흥덕구 송정동,경상사고,0,0,1,0,차대차 - 추돌,안전거리미확보,건조,맑음,단일로 - 기타,건설기계,남,39세,상해없음,승용,여,50세,경상
2017041200100276,2017년 4월 12일 14시,수요일,충청북도 청주시 청원구 오창읍,중상사고,0,1,0,0,차대사람 - 횡단중,신호위반,건조,맑음,교차로 - 교차로안,승용,여,59세,상해없음,보행자,여,9세,중상
2017041200100309,2017년 4월 12일 15시,수요일,충청북도 청주시 흥덕구 비하동,경상사고,0,0,1,1,차대차 - 측면충돌,교차로운행방법위반,건조,맑음,교차로 - 교차로안,화물,남,73세,부상신고,승용,남,33세,경상
2017041200100343,2017년 4월 12일 16시,수요일,충청북도 충주시 단월동,경상사고,0,0,2,0,차대차 - 측면충돌,안전거리미확보,건조,맑음,단일로 - 기타,화물,남,55세,상해없음,승용,여,56세,경상
2017041200100384,2017년 4월 12일 17시,수요일,충청북도 청주시 상당구 미원면,중상사고,0,1,0,0,차량단독 - 전도전복,안전운전불이행,건조,맑음,단일로 - 기타,승용,남,66세,중상,미분류,미분류,미분류,미분류
2017041200100461,2017년 4월 12일 19시,수요일,충청북도 청주시 상당구 수동,경상사고,0,0,1,0,차대사람 - 횡단중,안전운전불이행,건조,맑음,교차로 - 교차로부근,승용,여,53세,상해없음,보행자,남,75세,경상
2017041200100510,2017년 4월 12일 20시,수요일,충청북도 충주시 살미면,중상사고,0,1,0,0,차대사람 - 횡단중,안전운전불이행,건조,맑음,단일로 - 기타,승용,남,30세,상해없음,보행자,여,71세,중상
2017041200100511,2017년 4월 12일 20시,수요일,충청북도 청주시 서원구 성화동,경상사고,0,0,1,0,차대차 - 측면충돌,중앙선침범,건조,맑음,교차로 - 교차로부근,자전거,남,14세,경상,승용,여,43세,상해없음
2017041300100020,2017년 4월 13일 00시,목요일,충청북도 청주시 흥덕구 가경동,경상사고,0,0,1,0,차대사람 - 횡단중,안전운전불이행,건조,맑음,단일로 - 기타,승용,남,75세,상해없음,보행자,남,34세,경상
2017041300100031,2017년 4월 13일 01시,목요일,충청북도 충주시 앙성면,경상사고,0,0,1,0,차량단독 - 전도전복,안전운전불이행,건조,맑음,단일로 - 기타,승용,남,38세,경상,미분류,미분류,미분류,미분류
2017041300100038,2017년 4월 13일 02시,목요일,충청북도 제천시 봉양읍,경상사고,0,0,1,0,차대차 - 추돌,안전운전불이행,건조,맑음,단일로 - 기타,승용,남,29세,상해없음,승용,남,52세,경상
2017041300100062,2017년 4월 13일 06시,목요일,충청북도 청주시 서원구 개신동,중상사고,0,1,0,0,차량단독 - 전도전복,안전운전불이행,건조,맑음,단일로 - 기타,이륜,남,22세,중상,미분류,미분류,미분류,미분류
2017041300100115,2017년 4월 13일 08시,목요일,충청북도 청주시 흥덕구 휴암동,경상사고,0,0,1,0,차대차 - 측면충돌,신호위반,건조,맑음,교차로 - 교차로안,승용,남,52세,상해없음,승용,남,43세,경상
2017041300100116,2017년 4월 13일 08시,목요일,충청북도 청주시 흥덕구 가경동,경상사고,0,0,1,0,차대차 - 기타,안전운전불이행,건조,맑음,교차로 - 교차로부근,자전거,남,22세,경상,승합,남,59세,상해없음
2017041300100117,2017년 4월 13일 08시,목요일,충청북도 청주시 상당구 남문로2가동,경상사고,0,0,1,0,차대차 - 측면충돌,안전운전불이행,건조,맑음,교차로 - 교차로횡단보도내,승용,여,29세,상해없음,자전거,여,61세,경상
2017041300100152,2017년 4월 13일 09시,목요일,충청북도 충주시 주덕읍,중상사고,0,1,2,0,차대차 - 측면충돌,안전운전불이행,건조,맑음,교차로 - 교차로안,승용,여,43세,상해없음,승용,남,51세,중상
2017041300100177,2017년 4월 13일 10시,목요일,충청북도 충주시 호암동,경상사고,0,0,2,0,차대차 - 기타,신호위반,건조,맑음,교차로 - 교차로안,이륜,남,77세,경상,승용,남,39세,경상
2017041300100210,2017년 4월 13일 11시,목요일,충청북도 제천시 청전동,경상사고,0,0,2,0,차대차 - 측면충돌,직진우회전진행방해,건조,맑음,교차로 - 교차로안,승용,남,59세,경상,승용,여,33세,경상
2017041300100255,2017년 4월 13일 13시,목요일,충청북도 청주시 청원구 내덕동,중상사고,0,1,1,0,차대차 - 기타,신호위반,건조,맑음,교차로 - 교차로안,승용,남,74세,경상,승용,남,23세,중상
2017041300100256,2017년 4월 13일 13시,목요일,충청북도 청주시 청원구 오창읍,경상사고,0,0,1,0,차대차 - 측면충돌,안전운전불이행,건조,맑음,단일로 - 기타,화물,남,32세,상해없음,승용,여,35세,경상
2017041300100257,2017년 4월 13일 13시,목요일,충청북도 충주시 대소원면,경상사고,0,0,1,0,차대차 - 정면충돌,차로위반,건조,맑음,단일로 - 기타,이륜,남,74세,경상,화물,남,34세,상해없음
2017041300100284,2017년 4월 13일 14시,목요일,충청북도 증평군 증평읍,경상사고,0,0,1,0,차대차 - 측면충돌,안전운전불이행,건조,맑음,교차로 - 교차로안,승용,남,26세,상해없음,화물,남,53세,경상
2017041300100285,2017년 4월 13일 14시,목요일,충청북도 청주시 흥덕구 옥산면,경상사고,0,0,1,0,차대차 - 측면충돌,안전거리미확보,건조,맑음,단일로 - 기타,승용,남,29세,상해없음,승용,남,55세,경상
2017041300100286,2017년 4월 13일 14시,목요일,충청북도 청주시 서원구 분평동,부상신고사고,0,0,0,1,차대차 - 기타,안전운전불이행,건조,맑음,기타 - 기타,사륜오토바이(ATV),남,47세,부상신고,승합,남,48세,상해없음
2017041300100315,2017년 4월 13일 15시,목요일,충청북도 제천시 장락동,경상사고,0,0,1,0,차대사람 - 기타,안전운전불이행,건조,맑음,기타 - 기타,자전거,남,9세,상해없음,보행자,여,30세,경상
2017041300100368,2017년 4월 13일 17시,목요일,충청북도 옥천군 옥천읍,경상사고,0,0,2,0,차대차 - 기타,안전운전불이행,건조,맑음,단일로 - 기타,승용,남,58세,상해없음,승합,남,59세,상해없음
2017041300100369,2017년 4월 13일 17시,목요일,충청북도 청주시 흥덕구 복대동,경상사고,0,0,1,0,차대차 - 기타,안전운전불이행,건조,맑음,교차로 - 교차로안,승용,남,67세,상해없음,승용,여,38세,경상
2017041300100409,2017년 4월 13일 18시,목요일,충청북도 청주시 상당구 서문동,경상사고,0,0,1,0,차대차 - 기타,안전운전불이행,건조,맑음,교차로 - 교차로부근,승용,남,32세,상해없음,이륜,남,41세,경상
2017041300100441,2017년 4월 13일 19시,목요일,충청북도 제천시 청풍면,중상사고,0,3,0,1,차대차 - 정면충돌,중앙선침범,건조,맑음,단일로 - 기타,승용,남,65세,부상신고,화물,남,74세,중상
2017041300100442,2017년 4월 13일 19시,목요일,충청북도 청주시 흥덕구 복대동,경상사고,0,0,1,0,차대사람 - 횡단중,보행자보호의무위반,건조,맑음,교차로 - 교차로횡단보도내,승용,남,68세,상해없음,보행자,남,7세,경상
2017041300100477,2017년 4월 13일 20시,목요일,충청북도 충주시 봉방동,경상사고,0,0,1,0,차대차 - 측면충돌,안전운전불이행,건조,맑음,교차로 - 교차로안,승용,여,53세,상해없음,원동기,남,69세,경상
2017041300100478,2017년 4월 13일 20시,목요일,충청북도 제천시 백운면,중상사고,0,2,2,0,차대차 - 추돌,안전운전불이행,건조,맑음,단일로 - 기타,승합,남,38세,경상,화물,남,59세,중상
2017041300100505,2017년 4월 13일 21시,목요일,충청북도 진천군 진천읍,중상사고,0,1,0,0,차대차 - 측면충돌,교차로운행방법위반,건조,맑음,교차로 - 교차로안,원동기,남,17세,중상,승용,여,44세,상해없음
2017041300100557,2017년 4월 13일 23시,목요일,충청북도 청주시 흥덕구 가경동,경상사고,0,0,4,0,차대차 - 추돌,안전운전불이행,건조,맑음,교차로 - 교차로부근,승용,남,37세,상해없음,승용,남,27세,경상
2017041300100558,2017년 4월 13일 23시,목요일,충청북도 청주시 흥덕구 복대동,중상사고,0,1,0,0,차대사람 - 횡단중,안전운전불이행,건조,맑음,교차로 - 교차로안,승용,남,62세,상해없음,보행자,남,38세,중상
2017041400100025,2017년 4월 14일 00시,금요일,충청북도 충주시 엄정면,중상사고,0,1,3,0,차대차 - 기타,안전운전불이행,건조,맑음,단일로 - 기타,승용,남,48세,중상,승용,남,34세,경상
2017041400100026,2017년 4월 14일 00시,금요일,충청북도 청주시 서원구 산남동,경상사고,0,0,1,0,차대차 - 추돌,안전운전불이행,건조,맑음,교차로 - 교차로부근,승용,남,70세,상해없음,승용,남,49세,상해없음
2017041400100057,2017년 4월 14일 03시,금요일,충청북도 청주시 청원구 내덕동,경상사고,0,0,4,0,차대차 - 측면충돌,신호위반,건조,맑음,교차로 - 교차로안,승용,남,24세,상해없음,승합,남,46세,상해없음
2017041400100065,2017년 4월 14일 04시,금요일,충청북도 음성군 대소면,경상사고,0,0,2,0,차대차 - 측면충돌,교차로운행방법위반,건조,맑음,교차로 - 교차로안,승용,남,70세,상해없음,승용,남,39세,경상
2017041400100071,2017년 4월 14일 05시,금요일,충청북도 청주시 서원구 모충동,중상사고,0,1,0,0,차대사람 - 횡단중,보행자보호의무위반,건조,맑음,교차로 - 교차로부근,승용,여,55세,상해없음,보행자,남,66세,중상
2017041400100072,2017년 4월 14일 05시,금요일,충청북도 청주시 흥덕구 옥산면,부상신고사고,0,0,0,1,차대차 - 측면충돌,안전운전불이행,건조,맑음,단일로 - 기타,기타불명,기타불명,미분류,기타불명,승용,남,44세,부상신고
2017041400100098,2017년 4월 14일 07시,금요일,충청북도 청주시 흥덕구 봉명동,경상사고,0,0,1,0,차대사람 - 횡단중,안전운전불이행,건조,맑음,단일로 - 기타,승용,남,43세,상해없음,보행자,남,13세,경상
2017041400100150,2017년 4월 14일 09시,금요일,충청북도 보은군 보은읍,경상사고,0,0,1,0,차대차 - 추돌,안전운전불이행,건조,맑음,단일로 - 기타,이륜,여,75세,상해없음,승용,남,77세,경상
2017041400100151,2017년 4월 14일 09시,금요일,충청북도 청주시 흥덕구 가경동,경상사고,0,0,2,0,차대차 - 추돌,안전거리미확보,건조,맑음,단일로 - 기타,화물,남,38세,상해없음,승용,남,28세,상해없음
2017041400100152,2017년 4월 14일 09시,금요일,충청북도 청주시 흥덕구 비하동,경상사고,0,0,1,0,차대차 - 측면충돌,교차로운행방법위반,건조,맑음,교차로 - 교차로안,승용,남,43세,상해없음,승용,남,53세,경상
2017041400100175,2017년 4월 14일 10시,금요일,충청북도 청주시 서원구 분평동,경상사고,0,0,1,0,차대사람 - 횡단중,교차로운행방법위반,건조,맑음,교차로 - 교차로부근,승용,여,34세,상해없음,보행자,여,88세,경상
2017041400100176,2017년 4월 14일 10시,금요일,충청북도 청주시 청원구 오창읍,경상사고,0,0,2,0,차대차 - 기타,안전거리미확보,건조,맑음,단일로 - 기타,화물,남,57세,상해없음,화물,남,26세,경상
2017041400100260,2017년 4월 14일 13시,금요일,충청북도 충주시 안림동,경상사고,0,0,2,0,차대차 - 측면충돌,중앙선침범,건조,맑음,교차로 - 교차로안,이륜,남,72세,경상,승용,남,40세,경상
2017041400100261,2017년 4월 14일 13시,금요일,충청북도 청주시 흥덕구 휴암동,중상사고,0,1,0,0,차대차 - 추돌,안전운전불이행,젖음/습기,비,단일로 - 기타,승용,여,27세,상해없음,화물,남,52세,중상
2017041400100285,2017년 4월 14일 14시,금요일,충청북도 제천시 청전동,경상사고,0,0,2,0,차대차 - 측면충돌,직진우회전진행방해,건조,맑음,교차로 - 교차로안,화물,남,55세,경상,승용,남,34세,경상
2017041400100320,2017년 4월 14일 15시,금요일,충청북도 충주시 연수동,경상사고,0,0,1,0,차대사람 - 횡단중,신호위반,건조,맑음,교차로 - 교차로안,승용,남,25세,상해없음,보행자,남,8세,경상
2017041400100344,2017년 4월 14일 16시,금요일,충청북도 충주시 금가면,경상사고,0,0,1,0,차대차 - 측면충돌,안전운전불이행,건조,맑음,단일로 - 기타,승용,여,57세,상해없음,화물,남,59세,경상
2017041400100345,2017년 4월 14일 16시,금요일,충청북도 보은군 보은읍,경상사고,0,0,1,0,차대차 - 기타,안전운전불이행,건조,맑음,단일로 - 기타,승용,여,59세,상해없음,사륜오토바이(ATV),남,78세,경상
2017041400100346,2017년 4월 14일 16시,금요일,충청북도 청주시 서원구 산남동,경상사고,0,0,1,0,차대차 - 측면충돌,신호위반,건조,맑음,교차로 - 교차로횡단보도내,승합,남,54세,상해없음,자전거,남,14세,경상
2017041400100387,2017년 4월 14일 17시,금요일,충청북도 청주시 흥덕구 가경동,경상사고,0,0,1,0,차대사람 - 횡단중,안전운전불이행,건조,맑음,교차로 - 교차로부근,승용,여,51세,상해없음,보행자,남,10세,경상
2017041400100420,2017년 4월 14일 18시,금요일,충청북도 청주시 서원구 성화동,경상사고,0,0,1,0,차대차 - 측면충돌,신호위반,건조,맑음,교차로 - 교차로부근,승용,남,47세,상해없음,승용,남,48세,경상
2017041400100458,2017년 4월 14일 19시,금요일,충청북도 청주시 서원구 사창동,중상사고,0,1,0,0,차대차 - 정면충돌,교차로운행방법위반,건조,맑음,교차로 - 교차로안,승용,여,59세,상해없음,이륜,남,33세,중상
2017041400100486,2017년 4월 14일 20시,금요일,충청북도 충주시 안림동,경상사고,0,0,1,0,차대차 - 정면충돌,안전거리미확보,건조,맑음,단일로 - 기타,승용,남,57세,상해없음,승용,여,49세,경상
2017041400100523,2017년 4월 14일 21시,금요일,충청북도 청주시 청원구 내수읍,경상사고,0,0,1,0,차대사람 - 횡단중,안전운전불이행,건조,맑음,교차로 - 교차로횡단보도내,승용,남,32세,상해없음,보행자,남,15세,경상
2017041400100552,2017년 4월 14일 22시,금요일,충청북도 음성군 금왕읍,경상사고,0,0,1,0,차대사람 - 횡단중,안전운전불이행,건조,맑음,단일로 - 기타,화물,남,40세,상해없음,보행자,남,40세,경상
2017041500100041,2017년 4월 15일 01시,토요일,충청북도 청주시 흥덕구 향정동,경상사고,0,0,2,0,차대차 - 측면충돌,안전운전불이행,건조,맑음,교차로 - 교차로안,승용,남,48세,상해없음,승용,남,43세,경상
2017041500100066,2017년 4월 15일 03시,토요일,충청북도 청주시 청원구 오창읍,중상사고,0,2,0,0,차대사람 - 횡단중,안전운전불이행,건조,맑음,단일로 - 기타,승용,남,36세,상해없음,보행자,남,20세,중상
2017041500100067,2017년 4월 15일 03시,토요일,충청북도 청주시 서원구 사창동,경상사고,0,0,1,0,차대사람 - 기타,안전운전불이행,건조,맑음,단일로 - 기타,승용,남,58세,상해없음,보행자,남,19세,경상
2017041500100074,2017년 4월 15일 04시,토요일,충청북도 음성군 대소면,경상사고,0,0,1,0,차량단독 - 전도전복 - 전도,안전운전불이행,건조,맑음,단일로 - 기타,승용,남,23세,경상,,,,
2017041500100095,2017년 4월 15일 06시,토요일,충청북도 음성군 맹동면,중상사고,0,1,2,0,차대차 - 측면충돌,교차로운행방법위반,건조,맑음,교차로 - 교차로안,승합,남,38세,상해없음,화물,남,53세,경상
2017041500100096,2017년 4월 15일 06시,토요일,충청북도 청주시 서원구 죽림동,경상사고,0,0,2,0,차대차 - 정면충돌,신호위반,건조,맑음,교차로 - 교차로안,승용,남,44세,상해없음,화물,남,39세,경상
2017041500100111,2017년 4월 15일 07시,토요일,충청북도 충주시 살미면,중상사고,0,1,1,1,차대차 - 추돌,안전운전불이행,건조,맑음,단일로 - 기타,승용,남,25세,부상신고,화물,남,51세,경상
2017041500100140,2017년 4월 15일 08시,토요일,충청북도 음성군 대소면,경상사고,0,0,4,0,차대차 - 추돌,안전운전불이행,건조,맑음,단일로 - 기타,승합,남,50세,상해없음,승용,남,51세,경상
2017041500100141,2017년 4월 15일 08시,토요일,충청북도 청주시 흥덕구 복대동,경상사고,0,0,1,0,차대차 - 측면충돌,안전운전불이행,건조,맑음,단일로 - 기타,화물,남,59세,상해없음,승용,남,46세,경상
2017041500100160,2017년 4월 15일 09시,토요일,충청북도 청주시 서원구 개신동,경상사고,0,0,2,0,차대차 - 정면충돌,교차로운행방법위반,건조,맑음,교차로 - 교차로부근,승용,남,76세,경상,승용,여,43세,경상
2017041500100161,2017년 4월 15일 09시,토요일,충청북도 청주시 상당구 영운동,경상사고,0,0,1,0,차대차 - 기타,안전운전불이행,건조,맑음,교차로 - 교차로안,자전거,남,76세,경상,승용,남,43세,상해없음
2017041500100192,2017년 4월 15일 10시,토요일,충청북도 청주시 흥덕구 비하동,경상사고,0,0,3,1,차대차 - 측면충돌,차로위반,건조,맑음,단일로 - 기타,승용,여,58세,상해없음,승용,남,61세,경상
2017041500100223,2017년 4월 15일 11시,토요일,충청북도 제천시 왕암동,중상사고,0,1,2,2,차대차 - 측면충돌,직진우회전진행방해,건조,맑음,교차로 - 교차로안,승용,남,38세,부상신고,화물,남,55세,중상
2017041500100224,2017년 4월 15일 11시,토요일,충청북도 보은군 회인면,경상사고,0,0,3,0,차대차 - 측면충돌,신호위반,건조,맑음,교차로 - 교차로안,화물,남,58세,경상,승용,남,46세,경상
2017041500100225,2017년 4월 15일 11시,토요일,충청북도 진천군 진천읍,경상사고,0,0,1,0,차대차 - 기타,안전운전불이행,건조,맑음,교차로 - 교차로안,승합,남,66세,상해없음,승용,여,26세,경상
2017041500100259,2017년 4월 15일 12시,토요일,충청북도 청주시 청원구 외하동,경상사고,0,0,1,0,차대차 - 정면충돌,안전운전불이행,건조,맑음,교차로 - 교차로부근,승용,남,24세,상해없음,승용,남,56세,경상
2017041500100260,2017년 4월 15일 12시,토요일,충청북도 보은군 수한면,경상사고,0,0,1,0,차대차 - 측면충돌,교차로운행방법위반,건조,맑음,교차로 - 교차로안,화물,남,53세,상해없음,승용,여,64세,경상
2017041500100302,2017년 4월 15일 13시,토요일,충청북도 충주시 금릉동,경상사고,0,0,1,0,차대사람 - 횡단중,안전운전불이행,건조,맑음,단일로 - 기타,승용,여,44세,상해없음,보행자,여,5세,경상
2017041500100303,2017년 4월 15일 13시,토요일,충청북도 제천시 고암동,경상사고,0,0,1,0,차대사람 - 기타,안전운전불이행,건조,맑음,기타 - 기타,승용,여,40세,상해없음,보행자,여,38세,경상
2017041500100304,2017년 4월 15일 13시,토요일,충청북도 청주시 상당구 미원면,경상사고,0,0,4,0,차대차 - 측면충돌,중앙선침범,건조,맑음,단일로 - 기타,화물,남,58세,상해없음,승용,남,79세,경상
2017041500100348,2017년 4월 15일 14시,토요일,충청북도 제천시 수산면,경상사고,0,0,1,0,차대차 - 측면충돌,직진우회전진행방해,건조,맑음,교차로 - 교차로안,승용,남,61세,상해없음,이륜,남,55세,경상
2017041500100416,2017년 4월 15일 16시,토요일,충청북도 청주시 흥덕구 화계동,경상사고,0,0,1,0,차대차 - 측면충돌,안전운전불이행,건조,맑음,교차로 - 교차로부근,승용,남,70세,상해없음,승용,남,37세,경상
2017041500100417,2017년 4월 15일 16시,토요일,충청북도 청주시 상당구 남주동,경상사고,0,0,1,0,차대차 - 추돌,안전운전불이행,건조,맑음,교차로 - 교차로부근,승용,남,54세,상해없음,승용,남,30세,경상
2017041500100462,2017년 4월 15일 17시,토요일,충청북도 충주시 교현동,경상사고,0,0,2,1,차대차 - 측면충돌,안전운전불이행,건조,맑음,단일로 - 기타,승용,여,32세,부상신고,승용,남,25세,경상
2017041500100463,2017년 4월 15일 17시,토요일,충청북도 충주시 성남동,경상사고,0,0,1,0,차대차 - 정면충돌,안전운전불이행,건조,맑음,교차로 - 교차로안,승용,여,32세,상해없음,이륜,남,17세,경상
2017041500100466,2017년 4월 15일 17시,토요일,충청북도 청주시 흥덕구 옥산면,중상사고,0,1,5,0,차대차 - 추돌,차로위반,건조,맑음,단일로 - 기타,승용,남,27세,상해없음,승합,남,54세,중상
2017041500100501,2017년 4월 15일 18시,토요일,충청북도 증평군 증평읍,부상신고사고,0,0,0,1,차대차 - 측면충돌,교차로운행방법위반,건조,맑음,교차로 - 교차로부근,자전거,남,7세,부상신고,승용,남,34세,상해없음
2017041500100531,2017년 4월 15일 19시,토요일,충청북도 청주시 청원구 내덕동,중상사고,0,1,0,0,차대차 - 기타,교차로운행방법위반,건조,맑음,교차로 - 교차로안,승용,남,26세,상해없음,이륜,남,35세,중상
2017041500100532,2017년 4월 15일 19시,토요일,충청북도 충주시 중앙탑면,경상사고,0,0,1,0,차대차 - 정면충돌,신호위반,건조,맑음,교차로 - 교차로안,승용,남,56세,상해없음,승용,남,64세,상해없음
2017041500100533,2017년 4월 15일 19시,토요일,충청북도 제천시 봉양읍,경상사고,0,0,2,0,차대차 - 기타,중앙선침범,건조,맑음,단일로 - 기타,승용,남,41세,상해없음,승용,여,26세,경상
2017041500100534,2017년 4월 15일 19시,토요일,충청북도 보은군 속리산면,중상사고,0,1,0,0,차대차 - 기타,기타,건조,맑음,교차로 - 교차로부근,이륜,남,36세,중상,승용,남,58세,상해없음
2017041500100568,2017년 4월 15일 20시,토요일,충청북도 청주시 상당구 남일면,중상사고,0,1,0,0,차대사람 - 횡단중,안전운전불이행,건조,맑음,단일로 - 기타,승용,남,42세,상해없음,보행자,남,25세,중상
2017041500100595,2017년 4월 15일 21시,토요일,충청북도 청주시 서원구 수곡동,경상사고,0,0,1,0,차대차 - 정면충돌,안전운전불이행,건조,맑음,교차로 - 교차로안,승용,남,56세,상해없음,원동기,남,20세,경상
2017041500100617,2017년 4월 15일 22시,토요일,충청북도 진천군 광혜원면,중상사고,0,1,1,0,차대차 - 기타,안전운전불이행,건조,맑음,단일로 - 기타,화물,남,42세,상해없음,건설기계,남,60세,경상
2017041500100618,2017년 4월 15일 22시,토요일,충청북도 진천군 광혜원면,중상사고,0,1,1,0,차대차 - 추돌,안전운전불이행,건조,흐림,단일로 - 기타,승용,남,63세,상해없음,승용,남,45세,경상
2017041500100634,2017년 4월 15일 23시,토요일,충청북도 제천시 명동,경상사고,0,0,4,0,차대차 - 추돌,안전운전불이행,건조,맑음,단일로 - 기타,승용,남,55세,상해없음,승용,여,47세,경상
2017041600100025,2017년 4월 16일 00시,일요일,충청북도 청주시 흥덕구 오송읍,중상사고,0,1,3,0,차대차 - 측면충돌,교차로운행방법위반,건조,맑음,교차로 - 교차로안,승용,남,25세,경상,승용,남,37세,중상
2017041600100087,2017년 4월 16일 05시,일요일,충청북도 청주시 흥덕구 복대동,경상사고,0,0,1,0,차대사람 - 기타,안전운전불이행,건조,맑음,기타 - 기타,기타불명,기타불명,미분류,기타불명,보행자,남,26세,경상
2017041600100220,2017년 4월 16일 13시,일요일,충청북도 제천시 모산동,경상사고,0,0,2,0,차대차 - 추돌,안전거리미확보,건조,맑음,단일로 - 기타,화물,여,45세,상해없음,승용,여,37세,경상
2017041600100249,2017년 4월 16일 14시,일요일,충청북도 제천시 중앙로2가,중상사고,0,2,0,0,차대차 - 기타,안전운전불이행,건조,맑음,단일로 - 기타,승용,남,39세,상해없음,승용,여,45세,중상
2017041600100296,2017년 4월 16일 15시,일요일,충청북도 청주시 청원구 오창읍,경상사고,0,0,3,0,차대차 - 추돌,안전거리미확보,건조,맑음,단일로 - 기타,승용,남,50세,상해없음,승용,남,59세,경상
2017041600100297,2017년 4월 16일 15시,일요일,충청북도 충주시 대소원면,사망사고,1,2,0,0,차대차 - 측면충돌,신호위반,건조,맑음,교차로 - 교차로안,승용,여,49세,중상,승합,남,41세,중상
2017041600100298,2017년 4월 16일 15시,일요일,충청북도 음성군 음성읍,경상사고,0,0,4,0,차대차 - 측면충돌,교차로운행방법위반,건조,맑음,교차로 - 교차로안,승용,남,57세,상해없음,승용,여,47세,경상
2017041600100299,2017년 4월 16일 15시,일요일,충청북도 청주시 서원구 미평동,경상사고,0,0,1,0,차대차 - 측면충돌,신호위반,건조,맑음,교차로 - 교차로횡단보도내,승합,남,56세,상해없음,자전거,남,61세,경상