사고번호,사고일시,요일,시군구,사고내용,사망자수,중상자수,경상자수,부상신고자수,사고유형,법규위반,노면상태,기상상태,도로형태,가해운전자 차종,가해운전자 성별,가해운전자 연령,가해운전자 상해정도,피해운전자 차종,피해운전자 성별,피해운전자 연령,피해운전자 상해정도
2017050100100509,2017년 5월 1일 20시,월요일,충청북도 진천군 진천읍,경상사고,0,0,1,0,차량단독 - 전도전복 - 전도,안전운전불이행,건조,맑음,단일로 - 기타,화물,남,60세,경상,,,,
2017050100100510,2017년 5월 1일 20시,월요일,충청북도 청주시 흥덕구 강서동,경상사고,0,0,1,0,차대차 - 기타,안전운전불이행,건조,맑음,단일로 - 기타,승용,남,35세,상해없음,승용,여,43세,경상
2017050100100536,2017년 5월 1일 21시,월요일,충청북도 청주시 상당구 영운동,경상사고,0,0,2,0,차대차 - 기타,신호위반,건조,맑음,교차로 - 교차로안,승합,남,55세,상해없음,승용,여,61세,경상
2017050100100584,2017년 5월 1일 23시,월요일,충청북도 영동군 용산면,사망사고,2,5,1,0,차대차 - 기타,안전운전불이행,건조,맑음,단일로 - 기타,승합,남,46세,상해없음,승용,남,28세,상해없음
2017050200100023,2017년 5월 2일 00시,화요일,충청북도 보은군 회인면,사망사고,1,0,0,1,차량단독 - 전도전복,안전운전불이행,건조,맑음,단일로 - 교량,승용,여,34세,상해없음,미분류,미분류,미분류,미분류
2017050200100041,2017년 5월 2일 02시,화요일,충청북도 청주시 흥덕구 봉명동,경상사고,0,0,1,0,차대차 - 추돌,안전운전불이행,건조,맑음,교차로 - 교차로부근,승용,남,23세,상해없음,승용,남,46세,상해없음
2017050200100056,2017년 5월 2일 04시,화요일,충청북도 증평군 증평읍,경상사고,0,0,1,0,차대차 - 측면충돌,신호위반,건조,맑음,교차로 - 교차로안,화물,남,51세,상해없음,승용,여,36세,경상
2017050200100086,2017년 5월 2일 07시,화요일,충청북도 청주시 청원구 사천동,중상사고,0,1,0,0,차대차 - 정면충돌,안전운전불이행,건조,맑음,교차로 - 교차로부근,건설기계,남,54세,상해없음,승용,남,59세,중상
2017050200100122,2017년 5월 2일 08시,화요일,충청북도 충주시 교현동,경상사고,0,0,2,0,차대차 - 기타,신호위반,건조,맑음,교차로 - 교차로안,승용,남,77세,상해없음,승용,남,59세,경상
2017050200100123,2017년 5월 2일 08시,화요일,충청북도 충주시 대소원면,경상사고,0,0,1,0,차대차 - 기타,차로위반,건조,맑음,단일로 - 기타,승용,남,60세,상해없음,승용,여,27세,경상
2017050200100124,2017년 5월 2일 08시,화요일,충청북도 충주시 교현동,경상사고,0,0,3,0,차대차 - 측면충돌,안전운전불이행,건조,맑음,단일로 - 기타,승용,남,65세,상해없음,승용,여,42세,경상
2017050200100125,2017년 5월 2일 08시,화요일,충청북도 옥천군 안내면,경상사고,0,0,1,0,차대차 - 추돌,안전운전불이행,건조,맑음,단일로 - 기타,승용,남,67세,상해없음,승용,남,63세,경상
2017050200100126,2017년 5월 2일 08시,화요일,충청북도 청주시 흥덕구 봉명동,경상사고,0,0,1,0,차대사람 - 기타,안전운전불이행,건조,맑음,단일로 - 기타,승용,여,37세,상해없음,보행자,남,13세,경상
2017050200100163,2017년 5월 2일 09시,화요일,충청북도 충주시 금가면,사망사고,1,2,0,0,차대차 - 정면충돌,안전거리미확보,건조,맑음,단일로 - 기타,승용,여,69세,사망,건설기계,남,45세,상해없음
2017050200100164,2017년 5월 2일 09시,화요일,충청북도 음성군 금왕읍,중상사고,0,2,0,0,차대차 - 측면충돌,교차로운행방법위반,건조,맑음,교차로 - 교차로안,승용,남,61세,중상,화물,남,34세,중상
2017050200100214,2017년 5월 2일 11시,화요일,충청북도 음성군 대소면,중상사고,0,1,0,0,차대차 - 측면충돌,안전운전불이행,건조,맑음,단일로 - 기타,화물,남,47세,상해없음,자전거,남,64세,중상
2017050200100243,2017년 5월 2일 12시,화요일,충청북도 진천군 광혜원면,경상사고,0,0,1,0,차대차 - 측면충돌,안전운전불이행,건조,맑음,교차로 - 교차로부근,화물,남,69세,상해없음,승합,남,58세,경상
2017050200100244,2017년 5월 2일 12시,화요일,충청북도 청주시 서원구 남이면,경상사고,0,0,1,0,차대차 - 추돌,안전운전불이행,건조,맑음,단일로 - 기타,승용,남,52세,경상,승용,남,49세,상해없음
2017050200100332,2017년 5월 2일 15시,화요일,충청북도 청주시 상당구 석교동,중상사고,0,1,0,0,차대사람 - 횡단중,안전운전불이행,건조,맑음,단일로 - 기타,승용,여,38세,상해없음,보행자,남,80세,중상
2017050200100370,2017년 5월 2일 16시,화요일,충청북도 영동군 학산면,경상사고,0,0,1,0,차대차 - 기타,안전운전불이행,건조,맑음,기타 - 기타,화물,남,68세,상해없음,자전거,남,7세,경상
2017050200100371,2017년 5월 2일 16시,화요일,충청북도 청주시 흥덕구 옥산면,경상사고,0,0,1,0,차대차 - 측면충돌,신호위반,건조,맑음,교차로 - 교차로안,건설기계,남,36세,상해없음,승용,여,27세,경상
2017050200100414,2017년 5월 2일 17시,화요일,충청북도 충주시 신니면,부상신고사고,0,0,0,1,차량단독 - 전도전복,안전운전불이행,건조,맑음,단일로 - 기타,이륜,남,80세,부상신고,미분류,미분류,미분류,미분류
2017050200100415,2017년 5월 2일 17시,화요일,충청북도 청주시 흥덕구 신촌동,경상사고,0,0,1,0,차대차 - 추돌,안전운전불이행,건조,맑음,교차로 - 교차로부근,건설기계,남,56세,상해없음,승용,여,50세,경상
2017050200100416,2017년 5월 2일 17시,화요일,충청북도 청주시 흥덕구 비하동,경상사고,0,0,1,0,차대차 - 측면충돌,안전운전불이행,건조,맑음,단일로 - 기타,승합,남,62세,상해없음,승용,남,52세,경상
2017050200100417,2017년 5월 2일 17시,화요일,충청북도 진천군 초평면,경상사고,0,0,7,0,차대차 - 측면충돌,안전거리미확보,건조,맑음,단일로 - 기타,승용,남,67세,경상,승용,남,24세,경상
2017050200100504,2017년 5월 2일 19시,화요일,충청북도 청주시 서원구 사직동,경상사고,0,0,4,0,차대차 - 기타,차로위반,건조,맑음,단일로 - 기타,승용,여,28세,경상,승용,남,50세,경상
2017050200100505,2017년 5월 2일 19시,화요일,충청북도 진천군 진천읍,중상사고,0,1,1,0,차대사람 - 횡단중,보행자보호의무위반,건조,맑음,교차로 - 교차로횡단보도내,승용,여,44세,상해없음,보행자,여,21세,중상
2017050200100541,2017년 5월 2일 20시,화요일,충청북도 제천시 영천동,경상사고,0,0,1,0,차대차 - 기타,안전운전불이행,건조,맑음,교차로 - 교차로부근,이륜,남,16세,경상,승합,여,57세,상해없음
2017050200100542,2017년 5월 2일 20시,화요일,충청북도 제천시 청전동,중상사고,0,1,2,0,차대차 - 측면충돌,기타,건조,맑음,교차로 - 교차로안,승용,여,27세,경상,승용,남,59세,경상
2017050200100543,2017년 5월 2일 20시,화요일,충청북도 청주시 흥덕구 복대동,경상사고,0,0,2,0,차대차 - 기타,기타,건조,맑음,교차로 - 교차로안,이륜,남,17세,경상,승용,남,28세,경상
2017050200100544,2017년 5월 2일 20시,화요일,충청북도 청주시 상당구 용암동,경상사고,0,0,4,0,차대차 - 측면충돌,신호위반,건조,맑음,교차로 - 교차로안,승용,남,62세,상해없음,승용,남,71세,경상
2017050200100573,2017년 5월 2일 21시,화요일,충청북도 제천시 영천동,중상사고,0,1,0,0,차대차 - 정면충돌,안전운전불이행,건조,맑음,교차로 - 교차로안,승용,남,62세,상해없음,이륜,남,17세,중상
2017050200100574,2017년 5월 2일 21시,화요일,충청북도 청주시 상당구 용암동,경상사고,0,0,1,0,차대사람 - 횡단중,안전운전불이행,건조,맑음,단일로 - 기타,승용,남,34세,상해없음,보행자,남,48세,경상
2017050200100595,2017년 5월 2일 22시,화요일,충청북도 제천시 청전동,경상사고,0,0,4,1,차대차 - 기타,안전거리미확보,건조,흐림,단일로 - 기타,승용,남,38세,상해없음,승용,남,45세,부상신고
2017050200100596,2017년 5월 2일 22시,화요일,충청북도 제천시 화산동,경상사고,0,0,2,0,차대차 - 기타,안전운전불이행,건조,맑음,단일로 - 기타,승용,여,50세,경상,승용,남,45세,경상
2017050200100597,2017년 5월 2일 22시,화요일,충청북도 청주시 흥덕구 강내면,경상사고,0,0,1,0,차대차 - 측면충돌,안전운전불이행,건조,맑음,교차로 - 교차로안,승용,남,29세,상해없음,승용,남,23세,경상
2017050200100621,2017년 5월 2일 23시,화요일,충청북도 충주시 봉방동,경상사고,0,0,1,0,차대차 - 정면충돌,안전거리미확보,건조,맑음,단일로 - 기타,승합,남,47세,상해없음,승용,남,57세,경상
2017050300100144,2017년 5월 3일 09시,수요일,충청북도 보은군 보은읍,중상사고,0,1,0,0,차대차 - 측면충돌,교차로운행방법위반,건조,맑음,교차로 - 교차로안,승용,남,43세,상해없음,이륜,남,74세,중상
2017050300100195,2017년 5월 3일 11시,수요일,충청북도 제천시 청풍면,중상사고,0,3,0,0,차량단독 - 전도전복 - 전도,안전운전불이행,건조,맑음,단일로 - 기타,승용,남,75세,중상,,,,
2017050300100223,2017년 5월 3일 12시,수요일,충청북도 제천시 서부동,중상사고,0,1,0,0,차대사람 - 기타,안전운전불이행,건조,맑음,기타 - 기타,승용,남,34세,상해없음,보행자,남,54세,중상
2017050300100224,2017년 5월 3일 12시,수요일,충청북도 청주시 흥덕구 강서동,경상사고,0,0,1,0,차대사람 - 횡단중,보행자보호의무위반,건조,맑음,교차로 - 교차로안,건설기계,남,58세,상해없음,보행자,남,51세,경상
2017050300100255,2017년 5월 3일 13시,수요일,충청북도 청주시 흥덕구 운천동,중상사고,0,3,0,0,차대차 - 추돌,교차로운행방법위반,건조,맑음,교차로 - 교차로안,승용,남,45세,중상,승용,남,27세,상해없음
2017050300100287,2017년 5월 3일 14시,수요일,충청북도 옥천군 동이면,중상사고,0,2,0,0,차대차 - 추돌,안전운전불이행,건조,맑음,단일로 - 기타,화물,남,71세,중상,건설기계,남,49세,중상
2017050300100323,2017년 5월 3일 15시,수요일,충청북도 충주시 칠금동,경상사고,0,0,1,0,차대차 - 측면충돌,안전운전불이행,건조,맑음,교차로 - 교차로안,승용,남,74세,상해없음,승용,남,56세,경상
2017050300100324,2017년 5월 3일 15시,수요일,충청북도 충주시 수안보면,중상사고,0,1,3,0,차량단독 - 도로외이탈 - 추락,안전운전불이행,건조,맑음,단일로 - 기타,승용,남,45세,상해없음,,,,
2017050300100325,2017년 5월 3일 15시,수요일,충청북도 청주시 흥덕구 옥산면,중상사고,0,1,0,0,차대차 - 기타,불법유턴,건조,맑음,단일로 - 기타,화물,남,63세,상해없음,화물,남,51세,중상
2017050300100359,2017년 5월 3일 16시,수요일,충청북도 청주시 서원구 사직동,경상사고,0,0,2,0,차대차 - 정면충돌,중앙선침범,건조,맑음,교차로 - 교차로부근,승용,남,53세,상해없음,승용,남,71세,경상
2017050300100360,2017년 5월 3일 16시,수요일,충청북도 청주시 상당구 미원면,사망사고,1,0,0,0,차대차 - 기타,안전운전불이행,건조,맑음,교차로 - 교차로부근,화물,남,65세,사망,화물,남,50세,상해없음
2017050300100433,2017년 5월 3일 18시,수요일,충청북도 청주시 서원구 모충동,중상사고,0,1,4,0,차대차 - 측면충돌,안전운전불이행,건조,맑음,교차로 - 교차로부근,승용,여,55세,상해없음,승용,여,64세,중상
2017050300100455,2017년 5월 3일 19시,수요일,충청북도 청주시 흥덕구 오송읍,경상사고,0,0,3,0,차대차 - 추돌,안전거리미확보,건조,맑음,교차로 - 교차로부근,승용,남,49세,상해없음,승합,남,49세,경상
2017050300100493,2017년 5월 3일 20시,수요일,충청북도 청주시 청원구 율량동,경상사고,0,0,1,0,차대차 - 정면충돌,안전운전불이행,건조,맑음,교차로 - 교차로부근,승용,남,36세,상해없음,승용,여,50세,경상
2017050300100494,2017년 5월 3일 20시,수요일,충청북도 제천시 하소동,중상사고,0,1,0,0,차대사람 - 횡단중,안전운전불이행,건조,맑음,기타 - 기타,승용,여,54세,상해없음,보행자,남,49세,중상
2017050300100543,2017년 5월 3일 22시,수요일,충청북도 음성군 금왕읍,경상사고,0,0,2,0,차대사람 - 횡단중,안전운전불이행,건조,맑음,단일로 - 기타,승용,여,54세,상해없음,보행자,남,39세,경상
2017050300100559,2017년 5월 3일 23시,수요일,충청북도 청주시 청원구 율량동,경상사고,0,0,1,0,차대차 - 기타,교차로운행방법위반,건조,맑음,교차로 - 교차로안,승용,여,44세,상해없음,원동기,남,42세,경상
2017050400100031,2017년 5월 4일 01시,목요일,충청북도 음성군 음성읍,사망사고,1,0,0,0,차량단독 - 전도전복 - 전도,안전운전불이행,건조,맑음,단일로 - 기타,원동기,남,38세,사망,,,,
2017050400100032,2017년 5월 4일 01시,목요일,충청북도 청주시 상당구 용정동,경상사고,0,0,1,0,차량단독 - 공작물충돌,안전운전불이행,건조,맑음,단일로 - 기타,승용,남,60세,경상,,,,
2017050400100067,2017년 5월 4일 05시,목요일,충청북도 청주시 서원구 산남동,경상사고,0,0,1,0,차대차 - 측면충돌,신호위반,건조,맑음,교차로 - 교차로안,승용,남,52세,상해없음,승용,남,37세,경상
2017050400100082,2017년 5월 4일 06시,목요일,충청북도 진천군 광혜원면,경상사고,0,0,1,0,차대사람 - 횡단중,안전운전불이행,건조,맑음,단일로 - 기타,승용,남,64세,상해없음,보행자,남,23세,경상
2017050400100083,2017년 5월 4일 06시,목요일,충청북도 청주시 흥덕구 옥산면,중상사고,0,2,0,0,차대차 - 정면충돌,교차로운행방법위반,건조,맑음,교차로 - 교차로안,승용,남,35세,상해없음,승용,남,71세,중상
2017050400100084,2017년 5월 4일 06시,목요일,충청북도 청주시 상당구 미원면,경상사고,0,0,1,0,차대사람 - 횡단중,안전운전불이행,건조,맑음,단일로 - 기타,화물,남,71세,상해없음,보행자,여,66세,경상
2017050400100101,2017년 5월 4일 07시,목요일,충청북도 제천시 수산면,경상사고,0,0,1,0,차대차 - 측면충돌,직진우회전진행방해,건조,맑음,교차로 - 교차로안,화물,남,55세,경상,화물,남,42세,상해없음
2017050400100121,2017년 5월 4일 08시,목요일,충청북도 청주시 청원구 오창읍,중상사고,0,1,0,0,차대차 - 측면충돌,교차로운행방법위반,건조,맑음,교차로 - 교차로안,승용,남,37세,상해없음,화물,남,43세,중상
2017050400100122,2017년 5월 4일 08시,목요일,충청북도 음성군 음성읍,중상사고,0,1,0,0,차대차 - 측면충돌,교차로운행방법위반,건조,맑음,교차로 - 교차로안,화물,남,64세,상해없음,이륜,남,71세,상해없음
2017050400100123,2017년 5월 4일 08시,목요일,충청북도 옥천군 옥천읍,중상사고,0,1,0,0,차대차 - 측면충돌,신호위반,건조,맑음,교차로 - 교차로안,자전거,여,69세,중상,화물,남,61세,상해없음
2017050400100124,2017년 5월 4일 08시,목요일,충청북도 단양군 매포읍,중상사고,0,1,0,0,차대차 - 측면충돌,직진우회전진행방해,건조,맑음,교차로 - 교차로안,화물,남,60세,상해없음,승용,여,48세,중상
2017050400100155,2017년 5월 4일 09시,목요일,충청북도 충주시 용산동,부상신고사고,0,0,0,1,차대차 - 기타,직진우회전진행방해,건조,맑음,교차로 - 교차로안,화물,남,45세,부상신고,승용,여,62세,상해없음
2017050400100186,2017년 5월 4일 10시,목요일,충청북도 청주시 청원구 오창읍,경상사고,0,0,1,1,차대차 - 측면충돌,신호위반,건조,맑음,교차로 - 교차로안,화물,남,40세,부상신고,승용,남,40세,경상
2017050400100187,2017년 5월 4일 10시,목요일,충청북도 청주시 상당구 북문로2가동,중상사고,0,1,0,0,차대사람 - 횡단중,안전운전불이행,건조,맑음,단일로 - 기타,승용,남,51세,상해없음,보행자,여,78세,중상
2017050400100265,2017년 5월 4일 12시,목요일,충청북도 제천시 영천동,경상사고,0,0,1,0,차대차 - 측면충돌,안전운전불이행,건조,맑음,교차로 - 교차로부근,이륜,남,75세,경상,승용,여,31세,기타불명
2017050400100266,2017년 5월 4일 12시,목요일,충청북도 청주시 서원구 현도면,경상사고,0,0,1,0,차대차 - 추돌,안전운전불이행,건조,맑음,교차로 - 교차로부근,승용,여,48세,상해없음,승용,남,43세,경상
2017050400100267,2017년 5월 4일 12시,목요일,충청북도 청주시 흥덕구 비하동,경상사고,0,0,1,0,차대차 - 기타,안전운전불이행,건조,맑음,교차로 - 교차로안,기타불명,기타불명,미분류,기타불명,자전거,여,37세,경상
2017050400100334,2017년 5월 4일 14시,목요일,충청북도 진천군 광혜원면,중상사고,0,1,1,0,차량단독 - 전도전복 - 전도,안전운전불이행,건조,맑음,단일로 - 기타,화물,남,56세,경상,,,,
2017050400100335,2017년 5월 4일 14시,목요일,충청북도 청주시 서원구 사창동,경상사고,0,0,1,0,차대차 - 측면충돌,안전운전불이행,건조,맑음,단일로 - 기타,승용,여,34세,상해없음,승용,여,62세,경상
2017050400100367,2017년 5월 4일 15시,목요일,충청북도 옥천군 옥천읍,중상사고,0,1,0,0,차대차 - 기타,안전운전불이행,건조,맑음,단일로 - 기타,승용,남,51세,상해없음,자전거,여,72세,중상
2017050400100368,2017년 5월 4일 15시,목요일,충청북도 청주시 흥덕구 복대동,경상사고,0,0,1,0,차대차 - 측면충돌,안전운전불이행,건조,맑음,교차로 - 교차로안,승용,여,57세,상해없음,이륜,남,56세,경상
2017050400100369,2017년 5월 4일 15시,목요일,충청북도 청주시 흥덕구 오송읍,중상사고,0,1,0,0,차대사람 - 횡단중,신호위반,건조,맑음,단일로 - 기타,승용,여,55세,상해없음,보행자,여,61세,중상
2017050400100370,2017년 5월 4일 15시,목요일,충청북도 진천군 문백면,경상사고,0,0,3,0,차대차 - 추돌,안전운전불이행,건조,맑음,단일로 - 기타,승용,남,63세,상해없음,승용,남,31세,경상
2017050400100409,2017년 5월 4일 16시,목요일,충청북도 충주시 금릉동,중상사고,0,1,0,0,차대차 - 기타,안전거리미확보,건조,맑음,단일로 - 기타,승용,여,34세,상해없음,원동기,남,72세,중상
2017050400100445,2017년 5월 4일 17시,목요일,충청북도 청주시 청원구 율량동,경상사고,0,0,1,0,차대사람 - 횡단중,신호위반,건조,맑음,단일로 - 기타,이륜,남,56세,상해없음,보행자,여,49세,경상
2017050400100446,2017년 5월 4일 17시,목요일,충청북도 청주시 서원구 사직동,중상사고,0,1,0,0,차대사람 - 횡단중,안전운전불이행,건조,맑음,단일로 - 기타,승합,남,42세,기타불명,보행자,여,83세,중상
2017050400100447,2017년 5월 4일 17시,목요일,충청북도 청주시 청원구 정북동,중상사고,0,1,0,0,차대차 - 정면충돌,안전운전불이행,건조,맑음,교차로 - 교차로안,승용,남,25세,상해없음,원동기,남,79세,중상
2017050400100448,2017년 5월 4일 17시,목요일,충청북도 충주시 봉방동,경상사고,0,0,1,0,차대차 - 추돌,안전운전불이행,건조,맑음,단일로 - 기타,이륜,남,22세,경상,승용,남,39세,상해없음
2017050400100449,2017년 5월 4일 17시,목요일,충청북도 제천시 덕산면,경상사고,0,0,1,0,차대차 - 기타,안전운전불이행,건조,맑음,단일로 - 기타,승용,남,71세,상해없음,승용,남,35세,경상
2017050400100483,2017년 5월 4일 18시,목요일,충청북도 충주시 산척면,경상사고,0,0,1,0,차대차 - 정면충돌,신호위반,건조,맑음,교차로 - 교차로안,승용,남,59세,상해없음,자전거,남,66세,경상
2017050400100518,2017년 5월 4일 19시,목요일,충청북도 청주시 흥덕구 봉명동,경상사고,0,0,2,0,차대사람 - 보도통행중,기타,건조,맑음,교차로 - 교차로부근,승용,여,22세,상해없음,보행자,남,40세,경상
2017050400100519,2017년 5월 4일 19시,목요일,충청북도 청주시 상당구 용암동,경상사고,0,0,1,0,차대차 - 추돌,교차로운행방법위반,건조,맑음,교차로 - 교차로안,승용,남,67세,상해없음,승합,남,61세,상해없음
2017050400100550,2017년 5월 4일 20시,목요일,충청북도 청주시 청원구 오창읍,경상사고,0,0,1,0,차대차 - 정면충돌,신호위반,건조,맑음,교차로 - 교차로안,승용,남,57세,상해없음,승용,여,58세,경상
2017050400100551,2017년 5월 4일 20시,목요일,충청북도 제천시 화산동,부상신고사고,0,0,0,2,차대사람 - 횡단중,안전운전불이행,건조,맑음,교차로 - 교차로횡단보도내,화물,남,54세,상해없음,보행자,남,21세,부상신고
2017050400100586,2017년 5월 4일 21시,목요일,충청북도 충주시 연수동,경상사고,0,0,1,0,차대차 - 정면충돌,안전거리미확보,건조,맑음,교차로 - 교차로부근,승용,남,60세,상해없음,사륜오토바이(ATV),남,32세,경상
2017050400100587,2017년 5월 4일 21시,목요일,충청북도 제천시 중앙로2가,경상사고,0,0,2,0,차대차 - 기타,안전운전불이행,건조,맑음,교차로 - 교차로부근,승합,남,43세,상해없음,자전거,남,14세,경상
2017050400100588,2017년 5월 4일 21시,목요일,충청북도 단양군 단성면,경상사고,0,0,2,0,차대차 - 추돌,안전운전불이행,건조,맑음,교차로 - 교차로부근,승용,남,59세,상해없음,승용,여,27세,경상
2017050400100613,2017년 5월 4일 22시,목요일,충청북도 청주시 흥덕구 강내면,경상사고,0,0,1,0,차대차 - 측면충돌,신호위반,건조,맑음,교차로 - 교차로안,화물,남,54세,상해없음,특수,남,61세,경상
2017050400100637,2017년 5월 4일 23시,목요일,충청북도 충주시 칠금동,경상사고,0,0,3,0,차대차 - 측면충돌,안전운전불이행,건조,맑음,교차로 - 교차로부근,승용,남,34세,상해없음,승용,여,46세,경상
2017050400100638,2017년 5월 4일 23시,목요일,충청북도 청주시 흥덕구 복대동,경상사고,0,0,3,0,차대차 - 추돌,안전운전불이행,건조,맑음,교차로 - 교차로부근,승용,남,49세,상해없음,승용,남,32세,경상
2017050500100017,2017년 5월 5일 00시,금요일,충청북도 청주시 서원구 성화동,경상사고,0,0,1,0,차대사람 - 기타,안전운전불이행,건조,맑음,교차로 - 교차로부근,승용,남,36세,상해없음,보행자,남,78세,경상
2017050500100041,2017년 5월 5일 01시,금요일,충청북도 진천군 진천읍,중상사고,0,1,0,0,차대차 - 정면충돌,안전운전불이행,건조,기타,교차로 - 교차로안,승용,남,30세,상해없음,화물,남,37세,중상
2017050500100090,2017년 5월 5일 06시,금요일,충청북도 청주시 상당구 미원면,중상사고,0,1,0,0,차대차 - 정면충돌,중앙선침범,건조,맑음,단일로 - 기타,승용,남,52세,상해없음,화물,여,56세,중상
2017050500100121,2017년 5월 5일 08시,금요일,충청북도 음성군 삼성면,경상사고,0,0,1,0,차대차 - 측면충돌,교차로운행방법위반,건조,맑음,교차로 - 교차로안,이륜,남,29세,경상,화물,남,73세,상해없음
2017050500100142,2017년 5월 5일 09시,금요일,충청북도 청주시 흥덕구 봉명동,경상사고,0,0,3,0,차대차 - 측면충돌,교차로운행방법위반,건조,맑음,교차로 - 교차로안,승용,남,67세,상해없음,승용,여,53세,경상
2017050500100162,2017년 5월 5일 10시,금요일,충청북도 충주시 앙성면,중상사고,0,1,0,0,차대차 - 측면충돌,안전거리미확보,건조,맑음,단일로 - 기타,건설기계,남,44세,상해없음,이륜,남,28세,중상
2017050500100184,2017년 5월 5일 11시,금요일,충청북도 진천군 진천읍,중상사고,0,1,1,0,차대차 - 기타,직진우회전진행방해,건조,맑음,교차로 - 교차로안,승용,남,61세,상해없음,승용,남,81세,중상
2017050500100216,2017년 5월 5일 12시,금요일,충청북도 청주시 상당구 문의면,경상사고,0,0,4,0,차대차 - 기타,안전운전불이행,건조,맑음,단일로 - 기타,승용,남,43세,상해없음,승용,남,42세,경상
2017050500100249,2017년 5월 5일 13시,금요일,충청북도 충주시 교현동,경상사고,0,0,1,0,차대차 - 측면충돌,안전운전불이행,건조,맑음,단일로 - 기타,승용,남,37세,상해없음,이륜,남,17세,경상
2017050500100250,2017년 5월 5일 13시,금요일,충청북도 청주시 흥덕구 오송읍,중상사고,0,1,0,0,차대차 - 측면충돌,안전운전불이행,건조,맑음,교차로 - 교차로안,화물,남,51세,상해없음,이륜,남,70세,중상
2017050500100276,2017년 5월 5일 14시,금요일,충청북도 충주시 대소원면,경상사고,0,0,2,0,차대차 - 기타,신호위반,건조,맑음,교차로 - 교차로안,승용,남,33세,상해없음,승용,여,54세,경상
2017050500100277,2017년 5월 5일 14시,금요일,충청북도 보은군 보은읍,경상사고,0,0,1,0,차대차 - 측면충돌,안전운전불이행,건조,맑음,단일로 - 기타,승용,여,51세,경상,승합,남,51세,상해없음
2017050500100304,2017년 5월 5일 15시,금요일,충청북도 증평군 증평읍,경상사고,0,0,3,1,차대차 - 추돌,안전운전불이행,건조,맑음,교차로 - 교차로부근,승용,남,35세,상해없음,승용,남,43세,경상
2017050500100384,2017년 5월 5일 17시,금요일,충청북도 제천시 봉양읍,경상사고,0,0,2,2,차대차 - 정면충돌,안전운전불이행,건조,맑음,단일로 - 기타,승용,여,41세,상해없음,승용,남,41세,경상
2017050500100416,2017년 5월 5일 18시,금요일,충청북도 진천군 광혜원면,중상사고,0,2,0,0,차대차 - 추돌,안전운전불이행,건조,맑음,교차로 - 교차로부근,승용,여,50세,상해없음,승용,남,61세,중상
2017050500100451,2017년 5월 5일 19시,금요일,충청북도 청주시 청원구 우암동,경상사고,0,0,2,0,차대차 - 측면충돌,신호위반,건조,맑음,교차로 - 교차로안,승용,남,27세,상해없음,승용,남,34세,경상
2017050500100452,2017년 5월 5일 19시,금요일,충청북도 충주시 봉방동,중상사고,0,1,3,0,차대차 - 측면충돌,직진우회전진행방해,건조,맑음,교차로 - 교차로안,승용,남,40세,상해없음,승용,남,38세,경상
2017050500100484,2017년 5월 5일 20시,금요일,충청북도 충주시 연수동,경상사고,0,0,1,0,차대차 - 측면충돌,기타,건조,맑음,단일로 - 기타,승용,남,54세,상해없음,이륜,남,36세,경상
2017050500100485,2017년 5월 5일 20시,금요일,충청북도 괴산군 청안면,중상사고,0,1,1,0,차대사람 - 횡단중,안전운전불이행,건조,맑음,단일로 - 기타,승용,남,53세,상해없음,보행자,여,34세,경상
2017050500100545,2017년 5월 5일 22시,금요일,충청북도 영동군 황간면,경상사고,0,0,1,0,차대차 - 기타,안전운전불이행,건조,맑음,교차로 - 교차로안,승용,남,69세,상해없음,승용,여,48세,경상
2017050500100546,2017년 5월 5일 22시,금요일,충청북도 청주시 흥덕구 복대동,부상신고사고,0,0,0,1,차대차 - 측면충돌,안전운전불이행,건조,맑음,교차로 - 교차로안,이륜,남,24세,부상신고,승용,남,25세,상해없음
2017050600100065,2017년 5월 6일 06시,토요일,충청북도 청주시 서원구 사직동,중상사고,0,1,0,0,차대차 - 기타,교차로운행방법위반,건조,맑음,단일로 - 기타,승용,남,68세,상해없음,승용,남,69세,중상
2017050600100084,2017년 5월 6일 07시,토요일,충청북도 청주시 흥덕구 운천동,경상사고,0,0,1,0,차대차 - 기타,신호위반,건조,맑음,교차로 - 교차로안,기타불명,기타불명,미분류,기타불명,이륜,남,23세,경상
2017050600100101,2017년 5월 6일 08시,토요일,충청북도 청주시 청원구 오창읍,중상사고,0,1,0,0,차대차 - 측면충돌,신호위반,건조,맑음,교차로 - 교차로안,승용,남,31세,상해없음,승용,여,48세,중상
2017050600100124,2017년 5월 6일 09시,토요일,충청북도 청주시 서원구 사창동,중상사고,0,1,0,0,차대차 - 측면충돌,안전운전불이행,건조,맑음,교차로 - 교차로부근,승용,남,26세,상해없음,승용,여,55세,중상
2017050600100125,2017년 5월 6일 09시,토요일,충청북도 충주시 연수동,경상사고,0,0,1,0,차대차 - 기타,신호위반,건조,맑음,교차로 - 교차로안,승합,남,33세,상해없음,승용,여,50세,경상
2017050600100148,2017년 5월 6일 10시,토요일,충청북도 영동군 학산면,사망사고,1,0,0,0,차대차 - 기타,안전운전불이행,건조,맑음,교차로 - 교차로안,이륜,여,78세,사망,화물,남,50세,상해없음
2017050600100149,2017년 5월 6일 10시,토요일,충청북도 음성군 음성읍,경상사고,0,0,1,0,차대사람 - 횡단중,안전운전불이행,건조,맑음,단일로 - 기타,승용,남,60세,상해없음,보행자,여,49세,경상