사고번호,사고일시,요일,시군구,사고내용,사망자수,중상자수,경상자수,부상신고자수,사고유형,법규위반,노면상태,기상상태,도로형태,가해운전자 차종,가해운전자 성별,가해운전자 연령,가해운전자 상해정도,피해운전자 차종,피해운전자 성별,피해운전자 연령,피해운전자 상해정도
2017050600100184,2017년 5월 6일 11시,토요일,충청북도 충주시 산척면,중상사고,0,1,0,0,차대차 - 정면충돌,안전운전불이행,건조,맑음,교차로 - 교차로안,원동기,여,61세,중상,승용,남,57세,상해없음
2017050600100232,2017년 5월 6일 13시,토요일,충청북도 청주시 청원구 오창읍,중상사고,0,1,0,0,차량단독 - 공작물충돌,안전운전불이행,건조,맑음,단일로 - 기타,승용,여,22세,중상,,,,
2017050600100233,2017년 5월 6일 13시,토요일,충청북도 음성군 금왕읍,경상사고,0,0,3,0,차대차 - 측면충돌,신호위반,건조,맑음,교차로 - 교차로안,승용,남,81세,상해없음,승용,여,40세,경상
2017050600100276,2017년 5월 6일 14시,토요일,충청북도 청주시 청원구 율량동,중상사고,0,1,0,0,차대차 - 측면충돌,신호위반,건조,맑음,교차로 - 교차로안,이륜,남,39세,중상,승용,남,54세,상해없음
2017050600100277,2017년 5월 6일 14시,토요일,충청북도 청주시 서원구 분평동,경상사고,0,0,1,0,차대차 - 측면충돌,안전운전불이행,건조,맑음,단일로 - 기타,승용,남,39세,상해없음,자전거,남,13세,경상
2017050600100313,2017년 5월 6일 15시,토요일,충청북도 충주시 대소원면,경상사고,0,0,3,0,차대차 - 기타,안전거리미확보,건조,맑음,단일로 - 기타,승용,여,55세,경상,승합,여,65세,경상
2017050600100314,2017년 5월 6일 15시,토요일,충청북도 청주시 흥덕구 가경동,경상사고,0,0,1,0,차대차 - 측면충돌,교차로운행방법위반,건조,맑음,교차로 - 교차로안,승용,남,69세,상해없음,승용,남,63세,경상
2017050600100350,2017년 5월 6일 16시,토요일,충청북도 충주시 연수동,경상사고,0,0,1,0,차대차 - 정면충돌,안전운전불이행,건조,맑음,교차로 - 교차로안,승용,남,25세,상해없음,승용,여,44세,경상
2017050600100351,2017년 5월 6일 16시,토요일,충청북도 제천시 송학면,중상사고,0,1,0,0,차대사람 - 횡단중,안전운전불이행,건조,맑음,단일로 - 기타,건설기계,남,36세,상해없음,보행자,여,85세,중상
2017050600100352,2017년 5월 6일 16시,토요일,충청북도 제천시 송학면,중상사고,0,3,6,0,차대차 - 추돌,안전운전불이행,건조,맑음,기타 - 기타,건설기계,남,30세,상해없음,승용,남,59세,중상
2017050600100353,2017년 5월 6일 16시,토요일,충청북도 청주시 흥덕구 복대동,경상사고,0,0,1,0,차대사람 - 횡단중,기타,건조,맑음,단일로 - 기타,화물,남,34세,상해없음,보행자,남,11세,경상
2017050600100354,2017년 5월 6일 16시,토요일,충청북도 청주시 서원구 모충동,경상사고,0,0,1,0,차대차 - 측면충돌,안전운전불이행,건조,맑음,교차로 - 교차로안,승용,여,48세,상해없음,승용,남,52세,경상
2017050600100355,2017년 5월 6일 16시,토요일,충청북도 청주시 상당구 용암동,중상사고,0,1,0,0,차대사람 - 차도통행중,안전운전불이행,건조,맑음,단일로 - 기타,화물,남,64세,상해없음,보행자,여,52세,중상
2017050600100442,2017년 5월 6일 19시,토요일,충청북도 청주시 청원구 오창읍,경상사고,0,0,3,0,차대차 - 측면충돌,안전운전불이행,건조,맑음,단일로 - 기타,화물,남,37세,경상,승용,여,56세,경상
2017050600100443,2017년 5월 6일 19시,토요일,충청북도 진천군 백곡면,경상사고,0,0,1,0,차대차 - 정면충돌,중앙선침범,건조,맑음,단일로 - 기타,이륜,남,49세,경상,승용,남,46세,상해없음
2017050600100479,2017년 5월 6일 20시,토요일,충청북도 충주시 성서동,경상사고,0,0,1,0,차대차 - 측면충돌,안전운전불이행,건조,맑음,교차로 - 교차로부근,승용,남,37세,상해없음,승용,여,25세,경상
2017050600100507,2017년 5월 6일 21시,토요일,충청북도 충주시 주덕읍,사망사고,1,0,0,0,차대사람 - 횡단중,안전운전불이행,건조,맑음,교차로 - 교차로부근,화물,남,63세,상해없음,보행자,남,81세,사망
2017050600100508,2017년 5월 6일 21시,토요일,충청북도 충주시 봉방동,경상사고,0,0,3,0,차대차 - 측면충돌,안전거리미확보,건조,맑음,단일로 - 기타,승용,남,38세,상해없음,승용,여,38세,경상
2017050600100509,2017년 5월 6일 21시,토요일,충청북도 청주시 상당구 용암동,경상사고,0,0,1,0,차대차 - 기타,안전운전불이행,건조,맑음,단일로 - 기타,승용,여,56세,상해없음,이륜,남,46세,경상
2017050700100032,2017년 5월 7일 01시,일요일,충청북도 진천군 광혜원면,경상사고,0,0,1,0,차대차 - 측면충돌,직진우회전진행방해,건조,맑음,교차로 - 교차로안,승용,남,56세,상해없음,승용,남,45세,경상
2017050700100048,2017년 5월 7일 03시,일요일,충청북도 충주시 살미면,경상사고,0,0,1,0,차대차 - 기타,안전거리미확보,건조,맑음,단일로 - 기타,화물,남,46세,상해없음,승용,남,50세,경상
2017050700100061,2017년 5월 7일 04시,일요일,충청북도 제천시 중앙로1가,중상사고,0,1,2,0,차대차 - 추돌,안전운전불이행,건조,맑음,교차로 - 교차로부근,승용,남,26세,경상,승용,남,54세,중상
2017050700100111,2017년 5월 7일 09시,일요일,충청북도 청주시 상당구 북문로1가동,경상사고,0,0,1,0,차대차 - 측면충돌,안전운전불이행,건조,맑음,교차로 - 교차로부근,승용,남,40세,상해없음,원동기,남,57세,경상
2017050700100167,2017년 5월 7일 12시,일요일,충청북도 음성군 대소면,중상사고,0,1,0,0,차대차 - 측면충돌,교차로운행방법위반,건조,맑음,교차로 - 교차로안,승용,남,47세,상해없음,이륜,남,70세,중상
2017050700100214,2017년 5월 7일 14시,일요일,충청북도 충주시 지현동,중상사고,0,1,0,1,차대차 - 측면충돌,직진우회전진행방해,건조,맑음,교차로 - 교차로안,승용,여,41세,부상신고,승용,여,68세,중상
2017050700100215,2017년 5월 7일 14시,일요일,충청북도 음성군 음성읍,중상사고,0,1,0,0,차대사람 - 횡단중,안전운전불이행,건조,맑음,단일로 - 기타,승용,여,44세,상해없음,보행자,여,3세,중상
2017050700100216,2017년 5월 7일 14시,일요일,충청북도 청주시 상당구 용암동,경상사고,0,0,2,0,차대차 - 추돌,안전운전불이행,건조,맑음,교차로 - 교차로부근,승용,여,37세,상해없음,승용,여,24세,경상
2017050700100245,2017년 5월 7일 15시,일요일,충청북도 영동군 매곡면,경상사고,0,0,3,0,차대차 - 정면충돌,중앙선침범,건조,맑음,단일로 - 기타,이륜,남,27세,경상,승용,여,25세,상해없음
2017050700100269,2017년 5월 7일 16시,일요일,충청북도 영동군 학산면,경상사고,0,0,3,0,차대차 - 측면충돌,안전운전불이행,건조,맑음,교차로 - 교차로안,승용,남,40세,경상,승용,남,51세,경상
2017050700100270,2017년 5월 7일 16시,일요일,충청북도 진천군 진천읍,경상사고,0,0,2,0,차대차 - 기타,안전운전불이행,건조,맑음,단일로 - 기타,이륜,남,20세,경상,승용,여,22세,경상
2017050700100271,2017년 5월 7일 16시,일요일,충청북도 청주시 흥덕구 봉명동,경상사고,0,0,1,0,차대사람 - 횡단중,안전운전불이행,건조,맑음,교차로 - 교차로안,승용,여,24세,상해없음,보행자,남,41세,경상
2017050700100272,2017년 5월 7일 16시,일요일,충청북도 청주시 상당구 낭성면,경상사고,0,0,3,0,차대차 - 추돌,안전운전불이행,건조,맑음,단일로 - 기타,승용,남,24세,상해없음,승용,남,31세,경상
2017050700100297,2017년 5월 7일 17시,일요일,충청북도 충주시 칠금동,경상사고,0,0,1,0,차대차 - 측면충돌,안전운전불이행,건조,맑음,단일로 - 기타,이륜,남,18세,경상,승용,여,45세,상해없음
2017050700100324,2017년 5월 7일 18시,일요일,충청북도 충주시 교현동,경상사고,0,0,1,0,차대사람 - 횡단중,안전운전불이행,건조,맑음,교차로 - 교차로안,승용,여,66세,상해없음,보행자,여,24세,경상
2017050700100325,2017년 5월 7일 18시,일요일,충청북도 제천시 하소동,중상사고,0,2,1,0,차대차 - 측면충돌,안전거리미확보,건조,맑음,단일로 - 기타,승용,남,27세,상해없음,승용,남,38세,경상
2017050700100326,2017년 5월 7일 18시,일요일,충청북도 단양군 단양읍,중상사고,0,1,0,0,차량단독 - 전도전복,안전운전불이행,건조,맑음,단일로 - 기타,이륜,남,38세,중상,미분류,미분류,미분류,미분류
2017050700100352,2017년 5월 7일 19시,일요일,충청북도 제천시 하소동,경상사고,0,0,1,0,차대차 - 측면충돌,직진우회전진행방해,건조,맑음,교차로 - 교차로안,승용,남,26세,상해없음,이륜,남,49세,경상
2017050700100353,2017년 5월 7일 19시,일요일,충청북도 청주시 서원구 모충동,경상사고,0,0,1,0,차대차 - 측면충돌,안전운전불이행,건조,맑음,교차로 - 교차로횡단보도내,승용,남,62세,상해없음,자전거,여,64세,경상
2017050700100373,2017년 5월 7일 20시,일요일,충청북도 청주시 청원구 주중동,경상사고,0,0,1,0,차량단독 - 전도전복 - 전도,안전운전불이행,건조,맑음,단일로 - 기타,이륜,남,41세,경상,,,,
2017050700100374,2017년 5월 7일 20시,일요일,충청북도 충주시 대소원면,중상사고,0,1,0,0,차대사람 - 횡단중,안전운전불이행,건조,맑음,단일로 - 기타,승용,남,28세,상해없음,보행자,남,34세,중상
2017050700100401,2017년 5월 7일 21시,일요일,충청북도 음성군 대소면,중상사고,0,1,0,0,차대차 - 측면충돌,신호위반,건조,맑음,교차로 - 교차로안,이륜,남,16세,중상,승용,남,35세,상해없음
2017050700100402,2017년 5월 7일 21시,일요일,충청북도 청주시 상당구 용정동,경상사고,0,0,1,0,차대차 - 측면충돌,신호위반,건조,맑음,교차로 - 교차로안,승합,남,44세,상해없음,이륜,남,18세,경상
2017050700100426,2017년 5월 7일 22시,일요일,충청북도 청주시 흥덕구 지동동,경상사고,0,0,1,0,차대차 - 측면충돌,안전거리미확보,건조,맑음,단일로 - 기타,승용,여,36세,상해없음,승용,여,30세,경상
2017050700100427,2017년 5월 7일 22시,일요일,충청북도 청주시 서원구 수곡동,경상사고,0,0,2,0,차대차 - 측면충돌,안전운전불이행,건조,맑음,교차로 - 교차로부근,승용,남,64세,상해없음,승용,여,56세,경상
2017050800100057,2017년 5월 8일 06시,월요일,충청북도 청주시 청원구 율량동,경상사고,0,0,2,0,차대차 - 추돌,안전운전불이행,건조,맑음,단일로 - 기타,화물,남,40세,상해없음,승용,남,54세,경상
2017050800100116,2017년 5월 8일 08시,월요일,충청북도 청주시 흥덕구 가경동,경상사고,0,0,2,0,차대차 - 측면충돌,교차로운행방법위반,건조,맑음,교차로 - 교차로부근,승용,여,23세,상해없음,승용,남,21세,경상
2017050800100117,2017년 5월 8일 08시,월요일,충청북도 청주시 흥덕구 복대동,경상사고,0,0,2,0,차대차 - 측면충돌,교차로운행방법위반,건조,맑음,교차로 - 교차로안,승용,남,29세,경상,승용,여,46세,경상
2017050800100164,2017년 5월 8일 09시,월요일,충청북도 제천시 화산동,중상사고,0,1,0,0,차대차 - 측면충돌,안전운전불이행,건조,맑음,교차로 - 교차로부근,화물,남,53세,상해없음,자전거,여,25세,중상
2017050800100165,2017년 5월 8일 09시,월요일,충청북도 청주시 상당구 용암동,경상사고,0,0,3,0,차대차 - 추돌,안전운전불이행,건조,맑음,교차로 - 교차로부근,건설기계,남,73세,상해없음,승합,남,62세,경상
2017050800100197,2017년 5월 8일 10시,월요일,충청북도 청주시 청원구 오창읍,경상사고,0,0,2,0,차대차 - 기타,안전운전불이행,건조,맑음,단일로 - 기타,화물,남,54세,상해없음,화물,남,59세,경상
2017050800100229,2017년 5월 8일 11시,월요일,충청북도 괴산군 괴산읍,중상사고,0,2,0,1,차대사람 - 기타,기타,건조,맑음,단일로 - 기타,승용,남,52세,상해없음,보행자,여,65세,부상신고
2017050800100230,2017년 5월 8일 11시,월요일,충청북도 청주시 서원구 분평동,중상사고,0,1,0,0,차대차 - 측면충돌,안전운전불이행,건조,맑음,단일로 - 기타,승용,남,36세,상해없음,원동기,남,47세,중상
2017050800100256,2017년 5월 8일 12시,월요일,충청북도 괴산군 괴산읍,경상사고,0,0,1,0,차대차 - 측면충돌,안전운전불이행,건조,맑음,교차로 - 교차로부근,승용,남,44세,상해없음,자전거,여,71세,경상
2017050800100279,2017년 5월 8일 13시,월요일,충청북도 제천시 천남동,중상사고,0,4,1,0,차대차 - 측면충돌,불법유턴,건조,맑음,교차로 - 교차로안,화물,남,42세,상해없음,승용,남,65세,경상
2017050800100303,2017년 5월 8일 14시,월요일,충청북도 제천시 중앙로1가,경상사고,0,0,1,0,차대사람 - 횡단중,안전운전불이행,건조,맑음,교차로 - 교차로안,화물,남,50세,상해없음,보행자,남,83세,경상
2017050800100304,2017년 5월 8일 14시,월요일,충청북도 증평군 증평읍,경상사고,0,0,1,0,차대사람 - 횡단중,안전운전불이행,건조,흐림,교차로 - 교차로안,승용,남,39세,상해없음,보행자,남,80세,경상
2017050800100305,2017년 5월 8일 14시,월요일,충청북도 음성군 대소면,경상사고,0,0,2,0,차대차 - 측면충돌,안전운전불이행,건조,맑음,교차로 - 교차로안,화물,여,64세,경상,승용,남,33세,경상
2017050800100306,2017년 5월 8일 14시,월요일,충청북도 청주시 흥덕구 봉명동,경상사고,0,0,4,0,차대차 - 추돌,교차로운행방법위반,건조,맑음,교차로 - 교차로안,화물,남,60세,상해없음,승용,남,50세,경상
2017050800100356,2017년 5월 8일 15시,월요일,충청북도 충주시 호암동,사망사고,1,0,0,0,차대사람 - 횡단중,안전운전불이행,건조,맑음,교차로 - 교차로부근,화물,남,58세,상해없음,보행자,남,8세,사망
2017050800100357,2017년 5월 8일 15시,월요일,충청북도 제천시 수산면,중상사고,0,1,0,0,차대차 - 측면충돌,안전운전불이행,건조,맑음,단일로 - 기타,이륜,남,66세,중상,승용,남,62세,상해없음
2017050800100398,2017년 5월 8일 16시,월요일,충청북도 충주시 엄정면,부상신고사고,0,0,0,1,차량단독 - 전도전복 - 전도,안전운전불이행,건조,맑음,단일로 - 기타,승용,남,52세,부상신고,,,,
2017050800100399,2017년 5월 8일 16시,월요일,충청북도 제천시 화산동,중상사고,0,1,0,1,차대차 - 측면충돌,교차로운행방법위반,건조,맑음,교차로 - 교차로안,승용,여,37세,부상신고,승용,여,34세,중상
2017050800100400,2017년 5월 8일 16시,월요일,충청북도 증평군 증평읍,경상사고,0,0,2,0,차대차 - 측면충돌,안전운전불이행,건조,맑음,교차로 - 교차로횡단보도내,이륜,남,24세,경상,승용,여,39세,경상
2017050800100438,2017년 5월 8일 17시,월요일,충청북도 제천시 신월동,중상사고,0,1,1,0,차대차 - 측면충돌,신호위반,건조,맑음,교차로 - 교차로안,승용,여,32세,경상,화물,남,40세,중상
2017050800100475,2017년 5월 8일 18시,월요일,충청북도 충주시 교현동,경상사고,0,0,2,0,차대차 - 기타,안전운전불이행,건조,맑음,교차로 - 교차로부근,승용,여,36세,상해없음,승용,남,36세,경상
2017050800100476,2017년 5월 8일 18시,월요일,충청북도 증평군 증평읍,부상신고사고,0,0,0,1,차대차 - 기타,안전운전불이행,건조,맑음,단일로 - 기타,승용,남,43세,상해없음,자전거,남,7세,부상신고
2017050800100477,2017년 5월 8일 18시,월요일,충청북도 청주시 상당구 남문로2가동,경상사고,0,0,1,0,차대사람 - 횡단중,안전운전불이행,건조,맑음,단일로 - 기타,승용,남,67세,상해없음,보행자,여,56세,경상
2017050800100478,2017년 5월 8일 18시,월요일,충청북도 청주시 서원구 산남동,경상사고,0,0,1,0,차대차 - 정면충돌,신호위반,건조,맑음,교차로 - 교차로안,승용,여,74세,상해없음,원동기,남,49세,경상
2017050800100479,2017년 5월 8일 18시,월요일,충청북도 청주시 상당구 용담동,중상사고,0,1,0,0,차대사람 - 횡단중,안전운전불이행,건조,맑음,단일로 - 기타,승용,남,63세,상해없음,보행자,남,4세,중상
2017050800100518,2017년 5월 8일 19시,월요일,충청북도 청주시 서원구 사창동,경상사고,0,0,1,0,차대차 - 측면충돌,안전거리미확보,건조,맑음,단일로 - 기타,승용,남,22세,상해없음,이륜,남,22세,경상
2017050800100519,2017년 5월 8일 19시,월요일,충청북도 청주시 흥덕구 봉명동,중상사고,0,1,0,0,차대차 - 측면충돌,직진우회전진행방해,건조,맑음,교차로 - 교차로안,승용,남,33세,상해없음,승용,남,30세,중상
2017050800100587,2017년 5월 8일 21시,월요일,충청북도 영동군 영동읍,중상사고,0,1,0,0,차대차 - 측면충돌,안전운전불이행,건조,맑음,교차로 - 교차로안,승용,남,57세,상해없음,이륜,남,20세,중상
2017050800100588,2017년 5월 8일 21시,월요일,충청북도 옥천군 군북면,경상사고,0,0,1,0,차대차 - 기타,안전운전불이행,건조,맑음,단일로 - 기타,승용,남,35세,상해없음,원동기,남,40세,경상
2017050800100589,2017년 5월 8일 21시,월요일,충청북도 청주시 서원구 남이면,경상사고,0,0,1,0,차대차 - 측면충돌,신호위반,건조,맑음,교차로 - 교차로안,승용,여,53세,상해없음,승용,여,63세,경상
2017050900100058,2017년 5월 9일 03시,화요일,충청북도 청주시 흥덕구 복대동,경상사고,0,0,1,0,차대사람 - 기타,안전운전불이행,건조,맑음,단일로 - 기타,승용,남,48세,상해없음,보행자,남,47세,경상
2017050900100090,2017년 5월 9일 06시,화요일,충청북도 청주시 흥덕구 복대동,경상사고,0,0,1,0,차대차 - 기타,신호위반,젖음/습기,비,교차로 - 교차로안,승용,남,30세,상해없음,승용,남,61세,경상
2017050900100122,2017년 5월 9일 08시,화요일,충청북도 진천군 초평면,경상사고,0,0,1,0,차대차 - 측면충돌,직진우회전진행방해,건조,맑음,교차로 - 교차로안,이륜,남,73세,경상,화물,남,40세,상해없음
2017050900100164,2017년 5월 9일 10시,화요일,충청북도 영동군 영동읍,경상사고,0,0,2,0,차대차 - 정면충돌,중앙선침범,젖음/습기,비,단일로 - 기타,승용,남,42세,경상,화물,남,53세,경상
2017050900100188,2017년 5월 9일 11시,화요일,충청북도 청주시 청원구 율량동,경상사고,0,0,1,0,차대사람 - 횡단중,보행자보호의무위반,건조,맑음,교차로 - 교차로횡단보도내,화물,남,65세,상해없음,보행자,남,26세,경상
2017050900100189,2017년 5월 9일 11시,화요일,충청북도 제천시 신백동,경상사고,0,0,2,0,차대차 - 측면충돌,안전거리미확보,건조,맑음,기타 - 기타,승용,남,73세,경상,화물,남,48세,경상
2017050900100190,2017년 5월 9일 11시,화요일,충청북도 단양군 단양읍,경상사고,0,0,1,0,차대차 - 기타,안전운전불이행,건조,맑음,단일로 - 기타,승용,여,39세,상해없음,건설기계,남,60세,경상
2017050900100191,2017년 5월 9일 11시,화요일,충청북도 청주시 서원구 산남동,경상사고,0,0,1,0,차대사람 - 횡단중,기타,건조,맑음,기타 - 기타,승용,여,59세,상해없음,보행자,여,69세,경상
2017050900100217,2017년 5월 9일 12시,화요일,충청북도 제천시 고암동,부상신고사고,0,0,0,1,차대차 - 기타,안전거리미확보,건조,흐림,교차로 - 교차로부근,이륜,남,34세,부상신고,승용,여,35세,상해없음
2017050900100244,2017년 5월 9일 13시,화요일,충청북도 충주시 대소원면,중상사고,0,1,0,0,차대차 - 기타,교차로운행방법위반,건조,맑음,교차로 - 교차로안,승용,남,28세,상해없음,자전거,남,61세,중상
2017050900100245,2017년 5월 9일 13시,화요일,충청북도 청주시 상당구 금천동,경상사고,0,0,1,0,차대차 - 정면충돌,교차로운행방법위반,건조,맑음,교차로 - 교차로부근,승용,여,53세,상해없음,자전거,남,7세,경상
2017050900100301,2017년 5월 9일 15시,화요일,충청북도 음성군 감곡면,사망사고,1,0,0,0,차대사람 - 횡단중,안전운전불이행,건조,흐림,교차로 - 교차로안,승용,남,64세,상해없음,보행자,남,66세,사망
2017050900100331,2017년 5월 9일 16시,화요일,충청북도 청주시 청원구 우암동,경상사고,0,0,1,0,차대차 - 기타,안전운전불이행,젖음/습기,비,교차로 - 교차로부근,원동기,남,73세,경상,승용,남,59세,상해없음
2017050900100332,2017년 5월 9일 16시,화요일,충청북도 청주시 흥덕구 지동동,중상사고,0,1,2,0,차대차 - 측면충돌,신호위반,건조,맑음,교차로 - 교차로안,승합,남,30세,상해없음,승용,여,42세,중상
2017050900100366,2017년 5월 9일 17시,화요일,충청북도 청주시 서원구 사직동,경상사고,0,0,3,0,차대차 - 측면충돌,신호위반,젖음/습기,비,교차로 - 교차로안,승용,남,71세,상해없음,승용,여,24세,경상
2017050900100367,2017년 5월 9일 17시,화요일,충청북도 충주시 연수동,경상사고,0,0,1,0,차대차 - 측면충돌,안전운전불이행,젖음/습기,비,교차로 - 교차로안,승용,남,54세,상해없음,이륜,남,17세,경상
2017050900100368,2017년 5월 9일 17시,화요일,충청북도 청주시 서원구 모충동,경상사고,0,0,1,0,차대차 - 기타,교차로운행방법위반,젖음/습기,비,교차로 - 교차로안,승용,남,53세,상해없음,이륜,남,27세,경상
2017050900100393,2017년 5월 9일 18시,화요일,충청북도 단양군 적성면,중상사고,0,1,0,0,차량단독 - 공작물충돌,안전운전불이행,젖음/습기,비,단일로 - 기타,승용,남,54세,중상,,,,
2017050900100394,2017년 5월 9일 18시,화요일,충청북도 청주시 흥덕구 복대동,경상사고,0,0,1,0,차대사람 - 횡단중,보행자보호의무위반,젖음/습기,비,교차로 - 교차로횡단보도내,승용,여,46세,상해없음,보행자,남,11세,경상
2017050900100428,2017년 5월 9일 19시,화요일,충청북도 충주시 문화동,부상신고사고,0,0,0,1,차대사람 - 기타,안전운전불이행,젖음/습기,비,교차로 - 교차로횡단보도내,기타불명,기타불명,미분류,기타불명,보행자,남,15세,부상신고
2017050900100429,2017년 5월 9일 19시,화요일,충청북도 증평군 증평읍,경상사고,0,0,1,0,차대차 - 측면충돌,안전운전불이행,젖음/습기,비,교차로 - 교차로부근,승용,남,56세,상해없음,승용,남,34세,경상
2017050900100430,2017년 5월 9일 19시,화요일,충청북도 청주시 서원구 수곡동,중상사고,0,1,0,0,차대사람 - 횡단중,안전운전불이행,젖음/습기,비,단일로 - 기타,이륜,남,45세,상해없음,보행자,여,80세,중상
2017050900100471,2017년 5월 9일 20시,화요일,충청북도 제천시 고암동,경상사고,0,0,2,0,차대사람 - 횡단중,안전운전불이행,건조,맑음,교차로 - 교차로안,승용,남,59세,상해없음,보행자,남,39세,경상
2017050900100510,2017년 5월 9일 21시,화요일,충청북도 청주시 흥덕구 복대동,중상사고,0,1,0,0,차대사람 - 횡단중,안전운전불이행,젖음/습기,흐림,단일로 - 기타,승용,여,46세,상해없음,보행자,여,18세,중상
2017050900100538,2017년 5월 9일 22시,화요일,충청북도 증평군 증평읍,경상사고,0,0,2,0,차대차 - 측면충돌,안전운전불이행,건조,맑음,교차로 - 교차로안,이륜,남,18세,경상,승용,여,51세,경상
2017050900100539,2017년 5월 9일 22시,화요일,충청북도 청주시 서원구 수곡동,경상사고,0,0,1,0,차대차 - 측면충돌,안전운전불이행,젖음/습기,비,교차로 - 교차로안,승용,남,56세,상해없음,이륜,남,35세,경상
2017050900100561,2017년 5월 9일 23시,화요일,충청북도 단양군 단양읍,중상사고,0,1,1,0,차대차 - 추돌,안전운전불이행,젖음/습기,비,단일로 - 기타,승합,남,38세,중상,승용,남,44세,경상
2017051000100039,2017년 5월 10일 03시,수요일,충청북도 청주시 청원구 율량동,경상사고,0,0,1,0,차대차 - 추돌,안전운전불이행,젖음/습기,비,교차로 - 교차로부근,승용,여,45세,상해없음,승용,여,57세,경상
2017051000100076,2017년 5월 10일 07시,수요일,충청북도 청주시 흥덕구 송정동,경상사고,0,0,1,0,차대차 - 추돌,안전운전불이행,젖음/습기,비,단일로 - 기타,승용,남,30세,상해없음,승용,여,33세,경상
2017051000100104,2017년 5월 10일 08시,수요일,충청북도 진천군 진천읍,경상사고,0,0,1,0,차대사람 - 횡단중,안전운전불이행,건조,맑음,교차로 - 교차로안,승용,여,26세,상해없음,보행자,남,6세,경상
2017051000100142,2017년 5월 10일 09시,수요일,충청북도 청주시 청원구 사천동,경상사고,0,0,2,0,차대차 - 정면충돌,직진우회전진행방해,젖음/습기,비,교차로 - 교차로안,화물,남,53세,경상,화물,남,51세,경상
2017051000100143,2017년 5월 10일 09시,수요일,충청북도 청주시 흥덕구 오송읍,경상사고,0,0,2,0,차대차 - 측면충돌,교차로운행방법위반,건조,맑음,교차로 - 교차로안,승용,남,72세,경상,승용,여,30세,경상
2017051000100180,2017년 5월 10일 10시,수요일,충청북도 음성군 대소면,경상사고,0,0,1,0,차대차 - 측면충돌,교차로운행방법위반,건조,맑음,교차로 - 교차로안,승용,남,32세,상해없음,승용,남,46세,경상
2017051000100235,2017년 5월 10일 12시,수요일,충청북도 음성군 삼성면,경상사고,0,0,1,0,차대차 - 기타,안전운전불이행,건조,맑음,단일로 - 기타,화물,여,57세,상해없음,승용,여,29세,경상
2017051000100256,2017년 5월 10일 13시,수요일,충청북도 충주시 칠금동,중상사고,0,1,0,0,차대차 - 기타,안전운전불이행,건조,맑음,교차로 - 교차로안,승용,여,41세,상해없음,자전거,남,73세,중상
2017051000100257,2017년 5월 10일 13시,수요일,충청북도 청주시 서원구 죽림동,경상사고,0,0,2,0,차대차 - 추돌,안전운전불이행,건조,맑음,교차로 - 교차로부근,화물,남,54세,상해없음,이륜,남,48세,경상
2017051000100272,2017년 5월 10일 14시,수요일,충청북도 영동군 학산면,경상사고,0,0,1,0,차량단독 - 기타,안전운전불이행,건조,맑음,단일로 - 기타,사륜오토바이(ATV),남,51세,경상,,,,
2017051000100273,2017년 5월 10일 14시,수요일,충청북도 영동군 영동읍,경상사고,0,0,1,2,차대차 - 측면충돌,안전운전불이행,건조,맑음,교차로 - 교차로안,승용,남,23세,부상신고,승용,남,78세,경상
2017051000100274,2017년 5월 10일 14시,수요일,충청북도 청주시 흥덕구 복대동,경상사고,0,0,1,0,차대사람 - 횡단중,안전운전불이행,건조,맑음,단일로 - 기타,승용,남,55세,상해없음,보행자,남,55세,경상
2017051000100275,2017년 5월 10일 14시,수요일,충청북도 청주시 서원구 남이면,중상사고,0,2,1,0,차대차 - 측면충돌,신호위반,건조,맑음,교차로 - 교차로안,승용,남,34세,상해없음,승용,여,45세,중상
2017051000100295,2017년 5월 10일 15시,수요일,충청북도 청주시 상당구 수동,경상사고,0,0,1,0,차대사람 - 횡단중,안전운전불이행,건조,맑음,단일로 - 기타,승용,여,65세,상해없음,보행자,남,15세,경상
2017051000100296,2017년 5월 10일 15시,수요일,충청북도 충주시 봉방동,경상사고,0,0,1,0,차대차 - 정면충돌,신호위반,건조,맑음,교차로 - 교차로안,화물,남,33세,상해없음,화물,남,48세,경상
2017051000100297,2017년 5월 10일 15시,수요일,충청북도 제천시 동현동,중상사고,0,1,0,0,차대차 - 측면충돌,안전거리미확보,젖음/습기,비,단일로 - 기타,승용,남,60세,상해없음,이륜,남,70세,중상
2017051000100298,2017년 5월 10일 15시,수요일,충청북도 보은군 삼승면,중상사고,0,1,0,0,차대차 - 추돌,안전운전불이행,건조,맑음,단일로 - 기타,이륜,남,70세,중상,화물,남,50세,상해없음
2017051000100321,2017년 5월 10일 16시,수요일,충청북도 청주시 청원구 북이면,경상사고,0,0,1,0,차대차 - 추돌,안전거리미확보,건조,맑음,단일로 - 기타,화물,남,27세,상해없음,승용,남,29세,경상
2017051000100389,2017년 5월 10일 18시,수요일,충청북도 충주시 목행동,중상사고,0,1,3,0,차대차 - 측면충돌,안전운전불이행,건조,맑음,교차로 - 교차로안,승용,남,36세,상해없음,승용,남,57세,경상
2017051000100390,2017년 5월 10일 18시,수요일,충청북도 청주시 흥덕구 가경동,경상사고,0,0,1,0,차대차 - 측면충돌,안전운전불이행,건조,맑음,교차로 - 교차로안,승용,남,46세,상해없음,승용,여,40세,경상