사고번호,사고일시,요일,시군구,사고내용,사망자수,중상자수,경상자수,부상신고자수,사고유형,법규위반,노면상태,기상상태,도로형태,가해운전자 차종,가해운전자 성별,가해운전자 연령,가해운전자 상해정도,피해운전자 차종,피해운전자 성별,피해운전자 연령,피해운전자 상해정도
2017060600100486,2017년 6월 6일 21시,화요일,충청북도 청주시 서원구 모충동,경상사고,0,0,3,0,차대차 - 추돌,안전운전불이행,젖음/습기,비,교차로 - 교차로안,화물,남,51세,상해없음,승용,남,64세,경상
2017060600100522,2017년 6월 6일 22시,화요일,충청북도 충주시 교현동,부상신고사고,0,0,0,1,차량단독 - 공작물충돌,안전운전불이행,젖음/습기,비,단일로 - 기타,이륜,남,62세,부상신고,,,,
2017060600100551,2017년 6월 6일 23시,화요일,충청북도 청주시 흥덕구 비하동,경상사고,0,0,1,0,차대차 - 추돌,안전운전불이행,젖음/습기,비,교차로 - 교차로부근,승용,남,31세,상해없음,이륜,남,48세,경상
2017060600100552,2017년 6월 6일 23시,화요일,충청북도 청주시 흥덕구 봉명동,경상사고,0,0,2,0,차대차 - 측면충돌,안전운전불이행,젖음/습기,비,교차로 - 교차로부근,승용,여,32세,상해없음,승용,여,23세,경상
2017060600100553,2017년 6월 6일 23시,화요일,충청북도 청주시 흥덕구 오송읍,경상사고,0,0,1,0,차대차 - 측면충돌,안전운전불이행,젖음/습기,비,단일로 - 기타,기타불명,기타불명,미분류,기타불명,자전거,남,17세,경상
2017060700100050,2017년 6월 7일 02시,수요일,충청북도 청주시 청원구 외남동,경상사고,0,0,1,0,차량단독 - 전도전복 - 전도,안전운전불이행,젖음/습기,비,단일로 - 기타,승용,남,32세,경상,,,,
2017060700100064,2017년 6월 7일 03시,수요일,충청북도 충주시 대소원면,경상사고,0,0,2,0,차대차 - 측면충돌,신호위반,젖음/습기,비,교차로 - 교차로안,승용,남,24세,경상,승용,남,65세,경상
2017060700100177,2017년 6월 7일 09시,수요일,충청북도 옥천군 안내면,중상사고,0,1,0,0,차대차 - 측면충돌,중앙선침범,젖음/습기,비,단일로 - 기타,건설기계,남,69세,상해없음,화물,남,67세,중상
2017060700100200,2017년 6월 7일 10시,수요일,충청북도 제천시 봉양읍,중상사고,0,1,1,0,차대차 - 추돌,안전거리미확보,젖음/습기,비,교차로 - 교차로부근,승용,남,66세,경상,승용,남,66세,중상
2017060700100230,2017년 6월 7일 11시,수요일,충청북도 충주시 달천동,중상사고,0,1,1,0,차대차 - 측면충돌,신호위반,젖음/습기,비,교차로 - 교차로안,승용,여,40세,경상,승용,남,24세,중상
2017060700100263,2017년 6월 7일 12시,수요일,충청북도 청주시 청원구 우암동,중상사고,0,1,0,0,차대차 - 정면충돌,중앙선침범,젖음/습기,비,단일로 - 기타,승용,여,50세,상해없음,화물,남,33세,중상
2017060700100264,2017년 6월 7일 12시,수요일,충청북도 청주시 흥덕구 강서동,중상사고,0,1,1,0,차대차 - 기타,안전운전불이행,건조,맑음,교차로 - 교차로부근,승용,여,70세,상해없음,승용,여,51세,경상
2017060700100291,2017년 6월 7일 13시,수요일,충청북도 청주시 흥덕구 봉명동,경상사고,0,0,1,0,차대사람 - 횡단중,보행자보호의무위반,건조,흐림,교차로 - 교차로횡단보도내,승용,남,58세,상해없음,보행자,여,9세,경상
2017060700100292,2017년 6월 7일 13시,수요일,충청북도 청주시 상당구 금천동,중상사고,0,1,0,0,차대사람 - 횡단중,안전운전불이행,건조,맑음,교차로 - 교차로부근,화물,남,63세,상해없음,보행자,여,86세,중상
2017060700100320,2017년 6월 7일 14시,수요일,충청북도 청주시 청원구 율량동,중상사고,0,1,0,0,차대차 - 정면충돌,직진우회전진행방해,젖음/습기,기타,교차로 - 교차로안,승용,남,53세,상해없음,이륜,남,31세,중상
2017060700100321,2017년 6월 7일 14시,수요일,충청북도 괴산군 괴산읍,경상사고,0,0,1,0,차대차 - 측면충돌,직진우회전진행방해,젖음/습기,비,교차로 - 교차로안,이륜,여,69세,경상,승합,남,44세,상해없음
2017060700100356,2017년 6월 7일 15시,수요일,충청북도 단양군 단양읍,경상사고,0,0,1,0,차대차 - 측면충돌,신호위반,기타,맑음,교차로 - 교차로안,이륜,남,82세,경상,화물,남,52세,상해없음
2017060700100357,2017년 6월 7일 15시,수요일,충청북도 청주시 흥덕구 봉명동,경상사고,0,0,2,0,차대차 - 측면충돌,교차로운행방법위반,건조,맑음,교차로 - 교차로안,승용,남,48세,경상,승용,여,55세,경상
2017060700100384,2017년 6월 7일 16시,수요일,충청북도 제천시 송학면,경상사고,0,0,1,0,차량단독 - 전도전복,안전운전불이행,젖음/습기,비,기타 - 기타,승용,남,40세,경상,미분류,미분류,미분류,미분류
2017060700100385,2017년 6월 7일 16시,수요일,충청북도 영동군 영동읍,중상사고,0,2,0,0,차대차 - 측면충돌,안전운전불이행,건조,맑음,교차로 - 교차로안,이륜,남,70세,중상,승용,여,39세,중상
2017060700100386,2017년 6월 7일 16시,수요일,충청북도 옥천군 옥천읍,중상사고,0,2,0,0,차대차 - 측면충돌,불법유턴,젖음/습기,흐림,교차로 - 교차로횡단보도내,이륜,남,69세,중상,승용,여,60세,중상
2017060700100387,2017년 6월 7일 16시,수요일,충청북도 청주시 흥덕구 강내면,부상신고사고,0,0,0,1,차량단독 - 전도전복,안전운전불이행,건조,맑음,단일로 - 기타,승용,여,38세,부상신고,미분류,미분류,미분류,미분류
2017060700100443,2017년 6월 7일 18시,수요일,충청북도 제천시 남천동,경상사고,0,0,3,0,차대차 - 측면충돌,직진우회전진행방해,건조,맑음,교차로 - 교차로안,승합,여,30세,경상,승용,여,57세,경상
2017060700100444,2017년 6월 7일 18시,수요일,충청북도 진천군 진천읍,경상사고,0,0,1,0,차대사람 - 횡단중,안전운전불이행,건조,맑음,교차로 - 교차로부근,승합,남,58세,상해없음,보행자,여,48세,경상
2017060700100445,2017년 6월 7일 18시,수요일,충청북도 청주시 흥덕구 석소동,경상사고,0,0,4,0,차대차 - 추돌,안전운전불이행,건조,맑음,단일로 - 기타,승용,남,65세,상해없음,승용,남,21세,경상
2017060700100474,2017년 6월 7일 19시,수요일,충청북도 청주시 흥덕구 강내면,경상사고,0,0,5,0,차대차 - 추돌,안전운전불이행,건조,맑음,교차로 - 교차로부근,승용,남,66세,상해없음,승합,남,48세,경상
2017060700100498,2017년 6월 7일 20시,수요일,충청북도 진천군 진천읍,경상사고,0,0,1,0,차대차 - 측면충돌,안전운전불이행,건조,맑음,교차로 - 교차로안,승용,여,23세,상해없음,승용,남,40세,경상
2017060700100528,2017년 6월 7일 21시,수요일,충청북도 청주시 흥덕구 가경동,경상사고,0,0,1,0,차대차 - 측면충돌,안전운전불이행,건조,맑음,교차로 - 교차로안,승용,여,47세,상해없음,이륜,남,53세,경상
2017060700100556,2017년 6월 7일 22시,수요일,충청북도 충주시 용두동,중상사고,0,1,0,1,차대차 - 기타,안전운전불이행,건조,맑음,단일로 - 기타,화물,남,53세,부상신고,승용,여,48세,중상
2017060800100042,2017년 6월 8일 01시,목요일,충청북도 청주시 상당구 용정동,중상사고,0,2,1,0,차대차 - 정면충돌,교차로운행방법위반,건조,맑음,교차로 - 교차로안,승용,남,23세,상해없음,승용,남,42세,경상
2017060800100053,2017년 6월 8일 02시,목요일,충청북도 청주시 상당구 탑동,경상사고,0,0,1,0,차대차 - 추돌,안전운전불이행,건조,맑음,교차로 - 교차로부근,승용,여,44세,상해없음,승용,남,38세,경상
2017060800100075,2017년 6월 8일 05시,목요일,충청북도 음성군 대소면,경상사고,0,0,1,0,차대사람 - 기타,안전운전불이행,건조,맑음,단일로 - 기타,화물,남,64세,상해없음,보행자,남,16세,경상
2017060800100076,2017년 6월 8일 05시,목요일,충청북도 청주시 서원구 남이면,사망사고,1,1,1,0,차량단독 - 기타,안전운전불이행,건조,맑음,단일로 - 기타,이륜,남,16세,중상,,,,
2017060800100086,2017년 6월 8일 06시,목요일,충청북도 청주시 흥덕구 상신동,경상사고,0,0,1,0,차대차 - 추돌,안전운전불이행,건조,맑음,단일로 - 기타,승용,남,57세,경상,특수,남,69세,상해없음
2017060800100101,2017년 6월 8일 07시,목요일,충청북도 영동군 영동읍,경상사고,0,0,2,0,차대차 - 기타,직진우회전진행방해,건조,맑음,교차로 - 교차로안,승용,여,60세,경상,승용,남,72세,경상
2017060800100156,2017년 6월 8일 09시,목요일,충청북도 진천군 진천읍,중상사고,0,1,0,0,차대사람 - 기타,안전운전불이행,건조,맑음,교차로 - 교차로부근,화물,남,57세,상해없음,보행자,여,53세,중상
2017060800100157,2017년 6월 8일 09시,목요일,충청북도 청주시 흥덕구 복대동,경상사고,0,0,1,0,차대차 - 추돌,안전운전불이행,건조,맑음,교차로 - 교차로안,승용,여,49세,상해없음,승용,여,39세,기타불명
2017060800100207,2017년 6월 8일 11시,목요일,충청북도 청주시 서원구 성화동,중상사고,0,1,3,0,차대차 - 측면충돌,안전운전불이행,건조,맑음,단일로 - 기타,승용,남,59세,경상,승용,여,34세,중상
2017060800100235,2017년 6월 8일 12시,목요일,충청북도 충주시 교현동,중상사고,0,1,0,0,차대차 - 기타,안전운전불이행,건조,맑음,교차로 - 교차로안,자전거,남,77세,중상,승용,여,37세,상해없음
2017060800100266,2017년 6월 8일 13시,목요일,충청북도 청주시 흥덕구 향정동,경상사고,0,0,1,0,차대사람 - 기타,안전운전불이행,건조,맑음,교차로 - 교차로안,승용,남,60세,상해없음,보행자,남,58세,경상
2017060800100293,2017년 6월 8일 14시,목요일,충청북도 제천시 화산동,경상사고,0,0,1,0,차대차 - 추돌,안전거리미확보,건조,맑음,교차로 - 교차로안,특수,남,54세,상해없음,화물,남,53세,경상
2017060800100324,2017년 6월 8일 15시,목요일,충청북도 충주시 성남동,경상사고,0,0,1,0,차대차 - 기타,안전운전불이행,건조,맑음,교차로 - 교차로부근,승용,남,55세,상해없음,승용,여,59세,경상
2017060800100325,2017년 6월 8일 15시,목요일,충청북도 청주시 흥덕구 송절동,경상사고,0,0,1,0,차대차 - 측면충돌,안전거리미확보,건조,맑음,교차로 - 교차로안,승용,남,56세,상해없음,승용,남,29세,경상
2017060800100357,2017년 6월 8일 16시,목요일,충청북도 충주시 목행동,경상사고,0,0,1,1,차대차 - 추돌,안전운전불이행,건조,맑음,교차로 - 교차로부근,승용,남,61세,부상신고,승용,남,34세,경상
2017060800100358,2017년 6월 8일 16시,목요일,충청북도 제천시 봉양읍,중상사고,0,1,1,0,차대차 - 기타,직진우회전진행방해,건조,맑음,교차로 - 교차로안,승용,남,52세,상해없음,이륜,남,16세,중상
2017060800100401,2017년 6월 8일 17시,목요일,충청북도 청주시 청원구 북이면,중상사고,0,1,0,0,차대차 - 추돌,안전운전불이행,건조,맑음,교차로 - 교차로안,승합,남,50세,상해없음,승용,남,58세,중상
2017060800100402,2017년 6월 8일 17시,목요일,충청북도 충주시 금릉동,경상사고,0,0,1,0,차대차 - 측면충돌,안전운전불이행,건조,맑음,교차로 - 교차로부근,승용,여,49세,상해없음,승용,남,31세,경상
2017060800100403,2017년 6월 8일 17시,목요일,충청북도 제천시 명지동,경상사고,0,0,3,0,차대차 - 추돌,안전운전불이행,건조,맑음,교차로 - 교차로안,승용,여,68세,상해없음,승용,남,48세,경상
2017060800100404,2017년 6월 8일 17시,목요일,충청북도 청주시 흥덕구 송정동,경상사고,0,0,1,0,차대차 - 추돌,안전운전불이행,건조,맑음,교차로 - 교차로부근,승용,남,75세,상해없음,승용,남,43세,경상
2017060800100530,2017년 6월 8일 21시,목요일,충청북도 청주시 흥덕구 복대동,경상사고,0,0,1,0,차대사람 - 차도통행중,안전운전불이행,건조,맑음,단일로 - 기타,승용,남,49세,상해없음,보행자,남,47세,경상
2017060800100559,2017년 6월 8일 22시,목요일,충청북도 청주시 흥덕구 신봉동,중상사고,0,1,0,0,차대사람 - 횡단중,안전운전불이행,건조,맑음,단일로 - 교량,기타불명,기타불명,미분류,기타불명,보행자,남,34세,중상
2017060800100560,2017년 6월 8일 22시,목요일,충청북도 청주시 청원구 율량동,경상사고,0,0,1,0,차대차 - 측면충돌,교차로운행방법위반,건조,맑음,교차로 - 교차로안,승용,여,24세,상해없음,자전거,남,16세,경상
2017060900100039,2017년 6월 9일 01시,금요일,충청북도 충주시 칠금동,부상신고사고,0,0,0,1,차량단독 - 전도전복 - 전도,안전운전불이행,건조,맑음,단일로 - 기타,승용,남,65세,부상신고,,,,
2017060900100040,2017년 6월 9일 01시,금요일,충청북도 청주시 서원구 산남동,중상사고,0,1,2,0,차대사람 - 횡단중,과속,건조,맑음,교차로 - 교차로횡단보도내,승용,남,61세,상해없음,보행자,남,50세,중상
2017060900100065,2017년 6월 9일 05시,금요일,충청북도 청주시 흥덕구 옥산면,경상사고,0,0,1,1,차대차 - 측면충돌,차로위반,건조,맑음,단일로 - 기타,승용,남,39세,부상신고,화물,남,34세,경상
2017060900100075,2017년 6월 9일 06시,금요일,충청북도 증평군 증평읍,경상사고,0,0,1,0,차대차 - 측면충돌,신호위반,건조,맑음,교차로 - 교차로안,승용,여,33세,상해없음,승용,여,48세,경상
2017060900100076,2017년 6월 9일 06시,금요일,충청북도 청주시 흥덕구 남촌동,경상사고,0,0,1,0,차대차 - 측면충돌,과속,건조,맑음,교차로 - 교차로안,승용,남,28세,상해없음,승용,남,28세,경상
2017060900100093,2017년 6월 9일 07시,금요일,충청북도 청주시 청원구 오창읍,경상사고,0,0,3,0,차대차 - 기타,안전운전불이행,건조,맑음,교차로 - 교차로안,승용,여,51세,상해없음,이륜,남,21세,경상
2017060900100125,2017년 6월 9일 08시,금요일,충청북도 청주시 청원구 내수읍,중상사고,0,1,0,0,차대차 - 기타,안전운전불이행,건조,맑음,단일로 - 기타,승용,남,34세,상해없음,승용,남,35세,중상
2017060900100129,2017년 6월 9일 08시,금요일,충청북도 옥천군 동이면,경상사고,0,0,1,0,차대사람 - 기타,안전운전불이행,건조,맑음,단일로 - 기타,승합,남,41세,상해없음,보행자,여,73세,경상
2017060900100188,2017년 6월 9일 10시,금요일,충청북도 제천시 명동,중상사고,0,1,0,0,차대차 - 측면충돌,안전운전불이행,건조,맑음,교차로 - 교차로안,이륜,남,83세,상해없음,승용,남,25세,상해없음
2017060900100189,2017년 6월 9일 10시,금요일,충청북도 청주시 상당구 북문로1가동,중상사고,0,1,0,0,차대사람 - 횡단중,안전운전불이행,건조,맑음,교차로 - 교차로횡단보도내,화물,남,40세,상해없음,보행자,남,70세,중상
2017060900100216,2017년 6월 9일 11시,금요일,충청북도 청주시 흥덕구 오송읍,중상사고,0,1,0,0,차대차 - 측면충돌,신호위반,건조,맑음,교차로 - 교차로안,건설기계,남,52세,상해없음,화물,남,19세,중상
2017060900100263,2017년 6월 9일 13시,금요일,충청북도 충주시 성서동,경상사고,0,0,1,0,차대차 - 기타,안전운전불이행,건조,맑음,단일로 - 기타,원동기,남,17세,상해없음,승용,남,55세,경상
2017060900100264,2017년 6월 9일 13시,금요일,충청북도 청주시 상당구 미원면,경상사고,0,0,3,0,차대차 - 측면충돌,안전운전불이행,건조,맑음,단일로 - 기타,승용,여,56세,상해없음,승용,여,59세,경상
2017060900100331,2017년 6월 9일 15시,금요일,충청북도 청주시 상당구 용정동,경상사고,0,0,3,0,차대차 - 기타,신호위반,건조,맑음,교차로 - 교차로부근,승용,남,59세,상해없음,승합,여,35세,경상
2017060900100377,2017년 6월 9일 16시,금요일,충청북도 단양군 단양읍,경상사고,0,0,1,0,차량단독 - 전도전복,안전운전불이행,건조,맑음,단일로 - 기타,승용,남,45세,경상,미분류,미분류,미분류,미분류
2017060900100420,2017년 6월 9일 17시,금요일,충청북도 증평군 증평읍,중상사고,0,1,0,0,차대차 - 측면충돌,교차로운행방법위반,건조,맑음,교차로 - 교차로안,자전거,남,12세,중상,승용,남,40세,상해없음
2017060900100421,2017년 6월 9일 17시,금요일,충청북도 청주시 상당구 용암동,경상사고,0,0,1,0,차대차 - 추돌,안전운전불이행,건조,맑음,교차로 - 교차로부근,승용,여,31세,상해없음,승용,여,42세,경상
2017060900100458,2017년 6월 9일 18시,금요일,충청북도 청주시 청원구 오창읍,중상사고,0,1,0,0,차대차 - 정면충돌,중앙선침범,건조,맑음,단일로 - 기타,승용,남,35세,상해없음,이륜,남,40세,중상
2017060900100459,2017년 6월 9일 18시,금요일,충청북도 제천시 명동,경상사고,0,0,2,0,차대차 - 기타,직진우회전진행방해,건조,맑음,교차로 - 교차로안,승용,여,44세,기타불명,승용,여,35세,경상
2017060900100460,2017년 6월 9일 18시,금요일,충청북도 음성군 음성읍,경상사고,0,0,1,0,차대차 - 기타,기타,건조,맑음,교차로 - 교차로부근,승용,남,48세,상해없음,원동기,남,16세,경상
2017060900100461,2017년 6월 9일 18시,금요일,충청북도 진천군 진천읍,중상사고,0,1,0,0,차대차 - 기타,직진우회전진행방해,건조,맑음,교차로 - 교차로안,승용,여,55세,중상,승용,남,60세,상해없음
2017060900100499,2017년 6월 9일 19시,금요일,충청북도 청주시 흥덕구 옥산면,중상사고,0,1,2,0,차대차 - 측면충돌,직진우회전진행방해,건조,맑음,교차로 - 교차로안,승용,여,48세,경상,승용,여,59세,중상
2017060900100535,2017년 6월 9일 20시,금요일,충청북도 충주시 중앙탑면,경상사고,0,0,1,0,차대차 - 측면충돌,안전거리미확보,건조,맑음,단일로 - 기타,승용,남,30세,상해없음,승용,여,30세,경상
2017060900100536,2017년 6월 9일 20시,금요일,충청북도 음성군 금왕읍,사망사고,1,0,0,0,차대사람 - 횡단중,안전운전불이행,건조,맑음,교차로 - 교차로부근,승용,남,49세,상해없음,보행자,여,75세,사망
2017060900100537,2017년 6월 9일 20시,금요일,충청북도 음성군 금왕읍,중상사고,0,1,0,0,차대차 - 측면충돌,안전운전불이행,건조,맑음,단일로 - 기타,원동기,남,43세,중상,승용,여,27세,상해없음
2017060900100538,2017년 6월 9일 20시,금요일,충청북도 옥천군 옥천읍,중상사고,0,1,0,0,차대차 - 측면충돌,안전운전불이행,건조,맑음,단일로 - 기타,원동기,남,74세,중상,승용,남,68세,상해없음
2017061000100027,2017년 6월 10일 00시,토요일,충청북도 옥천군 동이면,중상사고,0,1,0,0,차량단독 - 공작물충돌,안전운전불이행,젖음/습기,흐림,단일로 - 기타,승용,남,30세,중상,,,,
2017061000100041,2017년 6월 10일 01시,토요일,충청북도 청주시 상당구 금천동,중상사고,0,1,0,0,차대차 - 측면충돌,안전운전불이행,건조,흐림,교차로 - 교차로부근,승용,남,54세,상해없음,이륜,남,26세,중상
2017061000100109,2017년 6월 10일 06시,토요일,충청북도 청주시 흥덕구 비하동,경상사고,0,0,5,0,차대차 - 추돌,안전운전불이행,건조,맑음,교차로 - 교차로부근,승용,여,47세,상해없음,승용,남,41세,경상
2017061000100134,2017년 6월 10일 08시,토요일,충청북도 충주시 봉방동,경상사고,0,0,1,0,차대차 - 기타,안전운전불이행,건조,맑음,교차로 - 교차로부근,승용,남,56세,상해없음,승용,남,35세,경상
2017061000100169,2017년 6월 10일 09시,토요일,충청북도 진천군 광혜원면,경상사고,0,0,1,0,차량단독 - 전도전복 - 전도,안전운전불이행,건조,맑음,단일로 - 기타,이륜,남,60세,경상,,,,
2017061000100170,2017년 6월 10일 09시,토요일,충청북도 청주시 서원구 남이면,경상사고,0,0,2,0,차대차 - 추돌,안전운전불이행,건조,맑음,교차로 - 교차로부근,승용,남,28세,상해없음,승용,남,52세,경상
2017061000100234,2017년 6월 10일 11시,토요일,충청북도 청주시 서원구 현도면,사망사고,1,0,0,0,차대사람 - 기타,안전운전불이행,건조,맑음,단일로 - 기타,승용,남,19세,상해없음,보행자,남,18세,사망
2017061000100235,2017년 6월 10일 11시,토요일,충청북도 청주시 서원구 미평동,경상사고,0,0,3,0,차대차 - 측면충돌,안전운전불이행,건조,맑음,교차로 - 교차로안,승용,남,62세,상해없음,승용,여,45세,경상
2017061000100276,2017년 6월 10일 12시,토요일,충청북도 청주시 청원구 오창읍,중상사고,0,1,0,0,차대사람 - 횡단중,안전운전불이행,건조,맑음,교차로 - 교차로부근,이륜,남,79세,상해없음,보행자,여,70세,중상
2017061000100277,2017년 6월 10일 12시,토요일,충청북도 청주시 흥덕구 지동동,경상사고,0,0,1,0,차대차 - 추돌,안전거리미확보,건조,맑음,교차로 - 교차로부근,화물,남,52세,상해없음,화물,남,35세,경상
2017061000100278,2017년 6월 10일 12시,토요일,충청북도 청주시 서원구 모충동,경상사고,0,0,1,0,차대차 - 기타,안전거리미확보,건조,맑음,단일로 - 기타,승용,여,41세,상해없음,승용,남,57세,경상
2017061000100310,2017년 6월 10일 13시,토요일,충청북도 충주시 교현동,중상사고,0,1,0,0,차대사람 - 기타,안전운전불이행,건조,맑음,단일로 - 기타,기타불명,기타불명,미분류,기타불명,보행자,남,73세,중상
2017061000100311,2017년 6월 10일 13시,토요일,충청북도 제천시 청전동,경상사고,0,0,1,0,차대사람 - 횡단중,안전운전불이행,건조,맑음,교차로 - 교차로부근,승합,남,43세,상해없음,보행자,여,64세,경상
2017061000100312,2017년 6월 10일 13시,토요일,충청북도 제천시 모산동,중상사고,0,1,0,0,차대차 - 기타,안전운전불이행,건조,맑음,단일로 - 기타,승용,남,56세,상해없음,이륜,남,34세,중상
2017061000100352,2017년 6월 10일 14시,토요일,충청북도 충주시 봉방동,경상사고,0,0,1,0,차대차 - 측면충돌,안전운전불이행,건조,맑음,교차로 - 교차로안,자전거,남,15세,경상,승용,남,46세,상해없음
2017061000100353,2017년 6월 10일 14시,토요일,충청북도 충주시 앙성면,중상사고,0,1,0,0,차대차 - 정면충돌,안전운전불이행,건조,맑음,단일로 - 기타,기타불명,기타불명,미분류,기타불명,자전거,남,54세,중상
2017061000100354,2017년 6월 10일 14시,토요일,충청북도 단양군 영춘면,경상사고,0,0,1,0,차대사람 - 기타,안전운전불이행,건조,맑음,주차장 - 주차장,승용,남,37세,상해없음,보행자,여,86세,경상
2017061000100391,2017년 6월 10일 15시,토요일,충청북도 옥천군 동이면,경상사고,0,0,1,0,차대차 - 측면충돌,신호위반,건조,맑음,교차로 - 교차로안,승용,여,41세,상해없음,승용,남,76세,상해없음
2017061000100392,2017년 6월 10일 15시,토요일,충청북도 단양군 매포읍,경상사고,0,0,2,0,차대차 - 정면충돌,중앙선침범,건조,맑음,단일로 - 기타,승용,남,61세,상해없음,승용,여,31세,경상
2017061000100417,2017년 6월 10일 16시,토요일,충청북도 진천군 진천읍,경상사고,0,0,1,0,차대차 - 기타,직진우회전진행방해,건조,맑음,교차로 - 교차로안,승용,여,45세,상해없음,개인형이동수단(PM),남,29세,경상
2017061000100418,2017년 6월 10일 16시,토요일,충청북도 청주시 상당구 북문로1가동,경상사고,0,0,1,0,차량단독 - 전도전복 - 전도,안전운전불이행,건조,맑음,단일로 - 기타,자전거,남,62세,경상,,,,
2017061000100449,2017년 6월 10일 17시,토요일,충청북도 음성군 음성읍,중상사고,0,3,0,0,차대차 - 측면충돌,안전운전불이행,건조,맑음,단일로 - 기타,승용,남,28세,상해없음,건설기계,남,38세,상해없음
2017061000100450,2017년 6월 10일 17시,토요일,충청북도 음성군 생극면,경상사고,0,0,1,0,차대차 - 정면충돌,안전운전불이행,건조,맑음,단일로 - 기타,승합,남,50세,상해없음,이륜,남,20세,경상
2017061000100451,2017년 6월 10일 17시,토요일,충청북도 청주시 서원구 장암동,부상신고사고,0,0,0,1,차대차 - 기타,안전운전불이행,건조,맑음,단일로 - 기타,자전거,남,24세,부상신고,자전거,남,67세,상해없음
2017061000100493,2017년 6월 10일 18시,토요일,충청북도 영동군 심천면,경상사고,0,0,1,0,차량단독 - 전도전복,안전운전불이행,건조,맑음,교차로 - 교차로안,이륜,남,48세,경상,미분류,미분류,미분류,미분류
2017061000100519,2017년 6월 10일 19시,토요일,충청북도 청주시 흥덕구 강내면,경상사고,0,0,2,0,차대차 - 측면충돌,안전운전불이행,건조,맑음,단일로 - 기타,승용,남,73세,상해없음,승용,남,38세,경상
2017061000100543,2017년 6월 10일 20시,토요일,충청북도 청주시 청원구 오창읍,중상사고,0,2,0,0,차량단독 - 전도전복,안전운전불이행,건조,맑음,기타 - 기타,화물,남,60세,중상,미분류,미분류,미분류,미분류
2017061000100544,2017년 6월 10일 20시,토요일,충청북도 제천시 화산동,부상신고사고,0,0,0,1,차대사람 - 기타,안전운전불이행,건조,맑음,단일로 - 기타,승용,여,25세,상해없음,보행자,여,63세,부상신고
2017061000100545,2017년 6월 10일 20시,토요일,충청북도 청주시 상당구 금천동,경상사고,0,0,2,0,차대차 - 정면충돌,교차로운행방법위반,건조,맑음,교차로 - 교차로안,승용,여,39세,경상,승용,여,54세,경상
2017061000100578,2017년 6월 10일 21시,토요일,충청북도 충주시 금릉동,중상사고,0,1,0,0,차대차 - 측면충돌,안전운전불이행,건조,맑음,교차로 - 교차로안,승용,남,48세,상해없음,이륜,남,17세,중상
2017061000100579,2017년 6월 10일 21시,토요일,충청북도 청주시 흥덕구 복대동,경상사고,0,0,1,1,차대차 - 측면충돌,안전운전불이행,건조,맑음,교차로 - 교차로안,승용,남,54세,상해없음,승용,남,27세,부상신고
2017061000100628,2017년 6월 10일 23시,토요일,충청북도 충주시 연수동,경상사고,0,0,1,0,차대차 - 기타,안전운전불이행,건조,맑음,교차로 - 교차로부근,승용,남,35세,상해없음,승용,남,34세,경상
2017061000100629,2017년 6월 10일 23시,토요일,충청북도 청주시 흥덕구 강내면,경상사고,0,0,2,0,차대차 - 측면충돌,신호위반,건조,맑음,교차로 - 교차로안,승용,남,24세,상해없음,승용,남,74세,경상
2017061100100037,2017년 6월 11일 01시,일요일,충청북도 충주시 연수동,부상신고사고,0,0,0,1,차대차 - 정면충돌,신호위반,건조,맑음,교차로 - 교차로안,원동기,남,31세,부상신고,승용,남,32세,상해없음
2017061100100038,2017년 6월 11일 01시,일요일,충청북도 청주시 흥덕구 복대동,경상사고,0,0,1,0,차대사람 - 횡단중,중앙선침범,건조,맑음,단일로 - 기타,승용,남,50세,상해없음,보행자,여,54세,경상
2017061100100039,2017년 6월 11일 01시,일요일,충청북도 청주시 서원구 모충동,경상사고,0,0,3,1,차대차 - 측면충돌,직진우회전진행방해,건조,맑음,교차로 - 교차로안,승용,여,22세,경상,승용,남,62세,경상
2017061100100057,2017년 6월 11일 02시,일요일,충청북도 청주시 서원구 성화동,경상사고,0,0,1,0,차대차 - 추돌,안전운전불이행,건조,맑음,교차로 - 교차로부근,승용,남,53세,상해없음,승용,남,24세,경상
2017061100100085,2017년 6월 11일 04시,일요일,충청북도 진천군 진천읍,경상사고,0,0,2,0,차대차 - 측면충돌,교차로운행방법위반,건조,맑음,교차로 - 교차로안,승용,여,56세,상해없음,승용,여,48세,경상
2017061100100097,2017년 6월 11일 05시,일요일,충청북도 청주시 흥덕구 복대동,경상사고,0,0,2,0,차대차 - 측면충돌,차로위반,건조,맑음,단일로 - 기타,승용,남,64세,상해없음,승용,남,50세,상해없음
2017061100100106,2017년 6월 11일 06시,일요일,충청북도 청주시 청원구 내덕동,중상사고,0,1,0,0,차대차 - 기타,안전운전불이행,건조,맑음,단일로 - 기타,승용,여,54세,상해없음,자전거,남,64세,중상
2017061100100136,2017년 6월 11일 08시,일요일,충청북도 청주시 서원구 개신동,경상사고,0,0,1,0,차대차 - 측면충돌,기타,건조,맑음,단일로 - 기타,승용,남,73세,상해없음,자전거,남,26세,경상
2017061100100160,2017년 6월 11일 09시,일요일,충청북도 청주시 상당구 남일면,경상사고,0,0,1,0,차대차 - 측면충돌,차로위반,건조,맑음,교차로 - 교차로부근,승용,여,52세,상해없음,승용,여,53세,경상
2017061100100182,2017년 6월 11일 10시,일요일,충청북도 청주시 서원구 모충동,중상사고,0,1,0,0,차대사람 - 횡단중,기타,건조,맑음,교차로 - 교차로부근,승용,남,71세,상해없음,보행자,여,78세,중상