사고번호,사고일시,요일,시군구,사고내용,사망자수,중상자수,경상자수,부상신고자수,사고유형,법규위반,노면상태,기상상태,도로형태,가해운전자 차종,가해운전자 성별,가해운전자 연령,가해운전자 상해정도,피해운전자 차종,피해운전자 성별,피해운전자 연령,피해운전자 상해정도
2017070500100246,2017년 7월 5일 12시,수요일,충청북도 청주시 서원구 사창동,사망사고,2,1,9,0,차대사람 - 기타,기타,건조,맑음,교차로 - 교차로안,승합,남,57세,상해없음,보행자,여,84세,사망
2017070500100277,2017년 7월 5일 13시,수요일,충청북도 증평군 증평읍,중상사고,0,1,0,0,차대차 - 기타,안전운전불이행,건조,맑음,단일로 - 터널,화물,남,59세,상해없음,이륜,남,78세,중상
2017070500100308,2017년 7월 5일 14시,수요일,충청북도 충주시 칠금동,경상사고,0,0,2,1,차대차 - 기타,신호위반,건조,맑음,교차로 - 교차로안,승용,여,55세,부상신고,승용,남,56세,경상
2017070500100342,2017년 7월 5일 15시,수요일,충청북도 충주시 교현동,경상사고,0,0,1,0,차대차 - 정면충돌,직진우회전진행방해,건조,맑음,교차로 - 교차로안,이륜,남,16세,상해없음,승용,여,39세,경상
2017070500100343,2017년 7월 5일 15시,수요일,충청북도 청주시 흥덕구 가경동,경상사고,0,0,1,0,차대사람 - 기타,안전운전불이행,건조,맑음,단일로 - 기타,승합,남,57세,상해없음,보행자,여,65세,경상
2017070500100374,2017년 7월 5일 16시,수요일,충청북도 충주시 노은면,경상사고,0,0,1,0,차량단독 - 전도전복,안전운전불이행,건조,맑음,단일로 - 기타,승용,남,33세,경상,미분류,미분류,미분류,미분류
2017070500100448,2017년 7월 5일 18시,수요일,충청북도 청주시 청원구 외하동,경상사고,0,0,2,0,차대차 - 정면충돌,중앙선침범,건조,맑음,단일로 - 기타,승용,남,32세,상해없음,승용,남,52세,경상
2017070500100449,2017년 7월 5일 18시,수요일,충청북도 괴산군 불정면,중상사고,0,1,0,0,차대차 - 측면충돌,안전운전불이행,건조,맑음,단일로 - 기타,승용,남,26세,상해없음,이륜,남,67세,중상
2017070500100450,2017년 7월 5일 18시,수요일,충청북도 진천군 진천읍,경상사고,0,0,1,0,차대차 - 측면충돌,신호위반,건조,맑음,교차로 - 교차로안,승용,남,21세,상해없음,승용,남,42세,경상
2017070500100520,2017년 7월 5일 20시,수요일,충청북도 음성군 금왕읍,경상사고,0,0,2,0,차대차 - 측면충돌,중앙선침범,건조,맑음,단일로 - 기타,화물,남,72세,상해없음,승용,여,50세,경상
2017070500100544,2017년 7월 5일 21시,수요일,충청북도 충주시 교현동,중상사고,0,2,0,1,차대차 - 측면충돌,직진우회전진행방해,건조,맑음,교차로 - 교차로안,승합,남,45세,부상신고,승용,여,39세,중상
2017070500100572,2017년 7월 5일 22시,수요일,충청북도 청주시 상당구 용암동,경상사고,0,0,1,0,차대사람 - 횡단중,보행자보호의무위반,건조,맑음,교차로 - 교차로부근,기타불명,기타불명,미분류,기타불명,보행자,여,25세,경상
2017070500100573,2017년 7월 5일 22시,수요일,충청북도 청주시 흥덕구 석소동,경상사고,0,0,2,0,차대차 - 측면충돌,안전운전불이행,건조,맑음,단일로 - 기타,특수,남,53세,상해없음,화물,남,29세,경상
2017070600100085,2017년 7월 6일 05시,목요일,충청북도 진천군 진천읍,중상사고,0,1,0,0,차대차 - 측면충돌,교차로운행방법위반,건조,맑음,교차로 - 교차로안,승용,남,23세,상해없음,승용,여,67세,중상
2017070600100086,2017년 7월 6일 05시,목요일,충청북도 진천군 문백면,경상사고,0,0,2,0,차대차 - 기타,안전운전불이행,기타,안개,단일로 - 기타,승용,여,23세,경상,승용,남,31세,경상
2017070600100088,2017년 7월 6일 05시,목요일,충청북도 청주시 서원구 현도면,경상사고,0,0,1,0,차대차 - 추돌,안전운전불이행,건조,맑음,단일로 - 교량,승용,남,25세,상해없음,승용,남,55세,경상
2017070600100113,2017년 7월 6일 07시,목요일,충청북도 청주시 흥덕구 옥산면,중상사고,0,1,0,0,차대차 - 측면충돌,직진우회전진행방해,건조,맑음,교차로 - 교차로안,승용,남,29세,상해없음,이륜,남,79세,중상
2017070600100137,2017년 7월 6일 08시,목요일,충청북도 청주시 서원구 남이면,경상사고,0,0,1,0,차대차 - 기타,교차로운행방법위반,건조,맑음,교차로 - 교차로안,화물,남,50세,상해없음,승용,남,55세,경상
2017070600100166,2017년 7월 6일 09시,목요일,충청북도 충주시 풍동,중상사고,0,1,0,0,차량단독 - 기타,안전운전불이행,건조,맑음,단일로 - 기타,화물,남,52세,상해없음,,,,
2017070600100217,2017년 7월 6일 11시,목요일,충청북도 괴산군 소수면,사망사고,1,0,0,0,차대차 - 추돌,안전운전불이행,건조,맑음,단일로 - 기타,화물,남,50세,상해없음,농기계,남,55세,사망
2017070600100218,2017년 7월 6일 11시,목요일,충청북도 청주시 흥덕구 가경동,경상사고,0,0,2,0,차대차 - 기타,교차로운행방법위반,건조,맑음,교차로 - 교차로부근,승용,남,22세,기타불명,승용,여,38세,경상
2017070600100264,2017년 7월 6일 13시,목요일,충청북도 충주시 수안보면,경상사고,0,0,1,0,차대차 - 측면충돌,직진우회전진행방해,건조,맑음,교차로 - 교차로안,화물,여,51세,상해없음,승용,남,67세,경상
2017070600100265,2017년 7월 6일 13시,목요일,충청북도 청주시 흥덕구 오송읍,중상사고,0,1,0,2,차대차 - 측면충돌,안전운전불이행,건조,맑음,단일로 - 기타,승용,남,50세,부상신고,승용,여,40세,기타불명
2017070600100285,2017년 7월 6일 14시,목요일,충청북도 청주시 상당구 영운동,경상사고,0,0,1,0,차대차 - 측면충돌,안전운전불이행,건조,맑음,교차로 - 교차로안,이륜,남,46세,경상,특수,남,36세,상해없음
2017070600100314,2017년 7월 6일 15시,목요일,충청북도 청주시 서원구 개신동,경상사고,0,0,1,0,차대차 - 정면충돌,안전운전불이행,건조,맑음,단일로 - 기타,승용,남,51세,상해없음,승용,여,61세,경상
2017070600100344,2017년 7월 6일 16시,목요일,충청북도 보은군 보은읍,중상사고,0,1,0,0,차대차 - 측면충돌,교차로운행방법위반,건조,맑음,교차로 - 교차로안,승용,여,54세,상해없음,승용,여,43세,중상
2017070600100377,2017년 7월 6일 17시,목요일,충청북도 제천시 청전동,경상사고,0,0,1,0,차대차 - 추돌,안전운전불이행,건조,맑음,교차로 - 교차로안,화물,남,67세,상해없음,승용,여,47세,경상
2017070600100378,2017년 7월 6일 17시,목요일,충청북도 음성군 음성읍,중상사고,0,12,4,0,차량단독 - 전도전복 - 전도,안전운전불이행,젖음/습기,비,단일로 - 기타,승합,남,60세,중상,,,,
2017070600100414,2017년 7월 6일 18시,목요일,충청북도 충주시 교현동,경상사고,0,0,1,0,차대차 - 측면충돌,직진우회전진행방해,건조,흐림,교차로 - 교차로안,승용,남,47세,상해없음,자전거,남,14세,경상
2017070600100415,2017년 7월 6일 18시,목요일,충청북도 영동군 영동읍,중상사고,0,1,0,0,차대차 - 측면충돌,안전운전불이행,건조,맑음,교차로 - 교차로안,승용,여,50세,상해없음,자전거,남,68세,중상
2017070600100416,2017년 7월 6일 18시,목요일,충청북도 단양군 영춘면,중상사고,0,1,1,0,차량단독 - 전도전복 - 전도,안전운전불이행,건조,맑음,단일로 - 기타,화물,남,45세,중상,,,,
2017070600100448,2017년 7월 6일 19시,목요일,충청북도 청주시 청원구 오창읍,중상사고,0,1,0,0,차대차 - 측면충돌,교차로운행방법위반,건조,맑음,교차로 - 교차로안,승용,여,41세,상해없음,이륜,남,42세,중상
2017070600100449,2017년 7월 6일 19시,목요일,충청북도 음성군 금왕읍,경상사고,0,0,1,0,차대차 - 측면충돌,교차로운행방법위반,건조,맑음,교차로 - 교차로안,화물,남,32세,상해없음,승용,남,52세,경상
2017070600100450,2017년 7월 6일 19시,목요일,충청북도 진천군 이월면,경상사고,0,0,1,0,차대차 - 측면충돌,안전거리미확보,건조,맑음,단일로 - 기타,승용,남,70세,상해없음,승용,남,38세,경상
2017070600100481,2017년 7월 6일 20시,목요일,충청북도 청주시 상당구 용정동,경상사고,0,0,1,0,차대차 - 기타,신호위반,건조,맑음,단일로 - 기타,이륜,남,35세,경상,승용,여,48세,상해없음
2017070600100550,2017년 7월 6일 22시,목요일,충청북도 청주시 흥덕구 복대동,중상사고,0,1,0,0,차대차 - 측면충돌,안전운전불이행,건조,맑음,교차로 - 교차로안,승용,남,56세,상해없음,이륜,남,46세,중상
2017070700100025,2017년 7월 7일 00시,금요일,충청북도 청주시 서원구 모충동,경상사고,0,0,1,0,차대사람 - 횡단중,안전운전불이행,건조,맑음,단일로 - 기타,승용,남,50세,상해없음,보행자,남,45세,경상
2017070700100131,2017년 7월 7일 08시,금요일,충청북도 충주시 교현동,경상사고,0,0,2,0,차대차 - 기타,안전거리미확보,건조,맑음,기타 - 기타,승용,여,40세,상해없음,승용,남,51세,경상
2017070700100132,2017년 7월 7일 08시,금요일,충청북도 충주시 엄정면,중상사고,0,1,2,0,차대차 - 정면충돌,신호위반,건조,맑음,교차로 - 교차로안,승용,여,41세,중상,승용,남,60세,경상
2017070700100133,2017년 7월 7일 08시,금요일,충청북도 충주시 용탄동,경상사고,0,0,1,0,차대차 - 측면충돌,교차로운행방법위반,건조,맑음,교차로 - 교차로안,승용,남,71세,상해없음,승용,여,28세,경상
2017070700100134,2017년 7월 7일 08시,금요일,충청북도 청주시 상당구 용암동,경상사고,0,0,1,0,차대사람 - 횡단중,중앙선침범,건조,맑음,단일로 - 기타,승용,남,32세,상해없음,보행자,여,25세,경상
2017070700100135,2017년 7월 7일 08시,금요일,충청북도 청주시 상당구 문화동,경상사고,0,0,1,0,차대차 - 추돌,안전운전불이행,젖음/습기,비,교차로 - 교차로부근,승용,남,23세,상해없음,승용,여,41세,경상
2017070700100196,2017년 7월 7일 10시,금요일,충청북도 음성군 대소면,중상사고,0,1,0,0,차대차 - 측면충돌,신호위반,건조,흐림,교차로 - 교차로안,화물,남,57세,상해없음,승용,남,37세,중상
2017070700100197,2017년 7월 7일 10시,금요일,충청북도 청주시 흥덕구 봉명동,경상사고,0,0,5,0,차대차 - 정면충돌,신호위반,건조,맑음,교차로 - 교차로안,승용,남,35세,경상,화물,남,60세,경상
2017070700100226,2017년 7월 7일 11시,금요일,충청북도 충주시 봉방동,중상사고,0,1,0,0,차대차 - 측면충돌,직진우회전진행방해,건조,맑음,교차로 - 교차로안,승용,여,59세,상해없음,자전거,여,59세,중상
2017070700100248,2017년 7월 7일 12시,금요일,충청북도 충주시 중앙탑면,중상사고,0,1,1,0,차대차 - 추돌,안전운전불이행,젖음/습기,비,단일로 - 기타,승합,남,61세,상해없음,승용,남,49세,경상
2017070700100278,2017년 7월 7일 13시,금요일,충청북도 괴산군 청안면,중상사고,0,1,2,0,차대차 - 측면충돌,신호위반,젖음/습기,흐림,교차로 - 교차로안,화물,남,65세,상해없음,승용,여,59세,중상
2017070700100279,2017년 7월 7일 13시,금요일,충청북도 단양군 영춘면,부상신고사고,0,0,0,2,차대차 - 측면충돌,직진우회전진행방해,건조,맑음,교차로 - 교차로안,승용,남,30세,상해없음,승용,남,27세,상해없음
2017070700100280,2017년 7월 7일 13시,금요일,충청북도 청주시 상당구 금천동,경상사고,0,0,2,0,차대차 - 측면충돌,안전운전불이행,건조,맑음,단일로 - 기타,승용,남,42세,상해없음,승용,남,61세,경상
2017070700100295,2017년 7월 7일 14시,금요일,충청북도 제천시 백운면,경상사고,0,0,2,0,차대차 - 측면충돌,안전운전불이행,젖음/습기,비,교차로 - 교차로안,승용,남,47세,경상,화물,남,45세,경상
2017070700100323,2017년 7월 7일 15시,금요일,충청북도 충주시 대소원면,경상사고,0,0,1,0,차대차 - 기타,안전운전불이행,건조,맑음,교차로 - 교차로부근,승용,남,69세,상해없음,승용,여,61세,경상
2017070700100354,2017년 7월 7일 16시,금요일,충청북도 청주시 서원구 사직동,경상사고,0,0,1,0,차대차 - 기타,안전운전불이행,건조,맑음,교차로 - 교차로부근,승용,남,67세,상해없음,원동기,남,57세,경상
2017070700100355,2017년 7월 7일 16시,금요일,충청북도 제천시 청전동,중상사고,0,1,2,0,차대차 - 정면충돌,직진우회전진행방해,건조,맑음,교차로 - 교차로안,승용,남,67세,경상,승용,남,50세,경상
2017070700100356,2017년 7월 7일 16시,금요일,충청북도 음성군 음성읍,경상사고,0,0,1,0,차대차 - 측면충돌,교차로운행방법위반,건조,맑음,교차로 - 교차로안,화물,남,64세,상해없음,승용,여,52세,경상
2017070700100357,2017년 7월 7일 16시,금요일,충청북도 청주시 흥덕구 옥산면,중상사고,0,1,0,0,차대차 - 기타,교차로운행방법위반,건조,맑음,교차로 - 교차로안,건설기계,남,57세,상해없음,승용,여,34세,중상
2017070700100398,2017년 7월 7일 17시,금요일,충청북도 청주시 서원구 수곡동,경상사고,0,0,1,0,차대차 - 측면충돌,안전운전불이행,건조,맑음,단일로 - 기타,화물,남,56세,상해없음,이륜,남,37세,경상
2017070700100491,2017년 7월 7일 19시,금요일,충청북도 옥천군 청산면,경상사고,0,0,1,0,차량단독 - 전도전복 - 전도,안전운전불이행,건조,맑음,교차로 - 교차로부근,원동기,남,70세,경상,,,,
2017070700100548,2017년 7월 7일 20시,금요일,충청북도 음성군 대소면,중상사고,0,1,0,0,차대차 - 기타,중앙선침범,젖음/습기,비,단일로 - 기타,자전거,남,55세,중상,승용,남,60세,상해없음
2017070700100549,2017년 7월 7일 20시,금요일,충청북도 옥천군 옥천읍,부상신고사고,0,0,0,1,차량단독 - 전도전복 - 전도,안전운전불이행,건조,맑음,교차로 - 교차로안,이륜,남,38세,부상신고,,,,
2017070700100550,2017년 7월 7일 20시,금요일,충청북도 청주시 서원구 미평동,경상사고,0,0,3,0,차대차 - 추돌,안전운전불이행,건조,맑음,교차로 - 교차로부근,승용,여,66세,상해없음,승용,남,24세,경상
2017070800100187,2017년 7월 8일 10시,토요일,충청북도 청주시 청원구 내수읍,중상사고,0,1,3,0,차대차 - 정면충돌,안전운전불이행,젖음/습기,비,교차로 - 교차로안,승용,남,35세,상해없음,승합,남,56세,상해없음
2017070800100188,2017년 7월 8일 10시,토요일,충청북도 청주시 흥덕구 비하동,경상사고,0,0,1,0,차대차 - 기타,안전운전불이행,건조,맑음,교차로 - 교차로안,승용,남,19세,상해없음,승용,남,30세,경상
2017070800100214,2017년 7월 8일 11시,토요일,충청북도 진천군 이월면,중상사고,0,1,1,0,차대차 - 정면충돌,중앙선침범,건조,맑음,단일로 - 기타,승용,여,52세,중상,화물,남,52세,경상
2017070800100241,2017년 7월 8일 12시,토요일,충청북도 청주시 흥덕구 신봉동,경상사고,0,0,1,0,차대차 - 측면충돌,안전운전불이행,건조,맑음,교차로 - 교차로안,화물,남,35세,상해없음,이륜,남,25세,경상
2017070800100242,2017년 7월 8일 12시,토요일,충청북도 청주시 흥덕구 오송읍,경상사고,0,0,1,0,차량단독 - 전도전복,안전운전불이행,건조,맑음,단일로 - 기타,승용,여,60세,경상,미분류,미분류,미분류,미분류
2017070800100243,2017년 7월 8일 12시,토요일,충청북도 청주시 상당구 석교동,경상사고,0,0,1,0,차대차 - 기타,안전운전불이행,젖음/습기,비,교차로 - 교차로부근,화물,남,44세,상해없음,자전거,남,82세,경상
2017070800100273,2017년 7월 8일 13시,토요일,충청북도 음성군 대소면,중상사고,0,1,2,0,차대차 - 측면충돌,교차로운행방법위반,건조,맑음,교차로 - 교차로안,승용,여,26세,경상,승용,여,58세,중상
2017070800100299,2017년 7월 8일 14시,토요일,충청북도 청주시 청원구 율량동,경상사고,0,0,1,0,차대차 - 기타,교차로운행방법위반,건조,흐림,교차로 - 교차로안,이륜,남,39세,경상,화물,남,44세,상해없음
2017070800100300,2017년 7월 8일 14시,토요일,충청북도 제천시 화산동,부상신고사고,0,0,0,1,차대사람 - 횡단중,안전운전불이행,건조,흐림,단일로 - 기타,승용,남,24세,상해없음,보행자,남,6세,부상신고
2017070800100328,2017년 7월 8일 15시,토요일,충청북도 청주시 서원구 산남동,중상사고,0,2,0,0,차량단독 - 전도전복 - 전도,안전운전불이행,건조,맑음,단일로 - 기타,화물,남,65세,상해없음,,,,
2017070800100329,2017년 7월 8일 15시,토요일,충청북도 청주시 상당구 석교동,경상사고,0,0,2,0,차대차 - 측면충돌,차로위반,건조,맑음,교차로 - 교차로부근,승용,남,20세,경상,승용,남,60세,경상
2017070800100358,2017년 7월 8일 16시,토요일,충청북도 청주시 청원구 율량동,중상사고,0,1,1,0,차대차 - 측면충돌,교차로운행방법위반,건조,맑음,교차로 - 교차로안,이륜,남,48세,경상,자전거,여,67세,중상
2017070800100359,2017년 7월 8일 16시,토요일,충청북도 제천시 중앙로1가,경상사고,0,0,1,0,차대사람 - 횡단중,안전운전불이행,젖음/습기,흐림,교차로 - 교차로횡단보도내,승용,남,57세,상해없음,보행자,남,24세,경상
2017070800100434,2017년 7월 8일 18시,토요일,충청북도 충주시 용산동,중상사고,0,1,1,0,차대차 - 측면충돌,직진우회전진행방해,건조,맑음,교차로 - 교차로안,이륜,남,41세,경상,승용,여,52세,중상
2017070800100435,2017년 7월 8일 18시,토요일,충청북도 청주시 서원구 미평동,경상사고,0,0,4,0,차대차 - 측면충돌,안전운전불이행,건조,맑음,단일로 - 기타,승용,남,25세,상해없음,승용,남,36세,경상
2017070800100468,2017년 7월 8일 19시,토요일,충청북도 청주시 흥덕구 가경동,부상신고사고,0,0,0,1,차대차 - 측면충돌,안전운전불이행,건조,맑음,단일로 - 기타,화물,남,51세,상해없음,이륜,남,21세,부상신고
2017070800100469,2017년 7월 8일 19시,토요일,충청북도 청주시 흥덕구 가경동,경상사고,0,0,1,0,차대차 - 측면충돌,신호위반,건조,맑음,교차로 - 교차로부근,승용,남,27세,상해없음,이륜,남,36세,경상
2017070800100498,2017년 7월 8일 20시,토요일,충청북도 증평군 증평읍,부상신고사고,0,0,0,1,차대차 - 측면충돌,안전운전불이행,건조,맑음,단일로 - 기타,자전거,남,62세,부상신고,승용,남,62세,상해없음
2017070800100499,2017년 7월 8일 20시,토요일,충청북도 청주시 서원구 남이면,경상사고,0,0,2,0,차대차 - 측면충돌,불법유턴,건조,맑음,교차로 - 교차로안,승용,남,56세,상해없음,승용,여,33세,경상
2017070800100557,2017년 7월 8일 22시,토요일,충청북도 청주시 청원구 율량동,경상사고,0,0,1,0,차대차 - 추돌,안전운전불이행,건조,맑음,단일로 - 기타,승용,여,22세,상해없음,승용,남,30세,경상
2017070800100591,2017년 7월 8일 23시,토요일,충청북도 청주시 서원구 사창동,중상사고,0,1,2,0,차대차 - 측면충돌,안전운전불이행,건조,맑음,교차로 - 교차로부근,승용,남,27세,상해없음,승용,남,57세,중상
2017070900100050,2017년 7월 9일 03시,일요일,충청북도 음성군 감곡면,경상사고,0,0,2,0,차대차 - 기타,안전운전불이행,건조,맑음,단일로 - 기타,승용,남,18세,경상,화물,여,35세,기타불명
2017070900100058,2017년 7월 9일 04시,일요일,충청북도 청주시 청원구 우암동,중상사고,0,1,1,0,차대차 - 기타,신호위반,젖음/습기,흐림,교차로 - 교차로안,승용,남,43세,상해없음,승용,남,47세,중상
2017070900100059,2017년 7월 9일 04시,일요일,충청북도 청주시 청원구 오창읍,경상사고,0,0,2,0,차대차 - 추돌,안전운전불이행,건조,흐림,단일로 - 기타,승용,남,26세,상해없음,화물,남,44세,경상
2017070900100114,2017년 7월 9일 09시,일요일,충청북도 청주시 흥덕구 강내면,중상사고,0,1,0,0,차대차 - 기타,안전운전불이행,건조,맑음,교차로 - 교차로안,자전거,남,64세,중상,화물,남,57세,상해없음
2017070900100133,2017년 7월 9일 10시,일요일,충청북도 증평군 증평읍,경상사고,0,0,5,0,차대차 - 측면충돌,교차로운행방법위반,건조,맑음,교차로 - 교차로안,승용,남,46세,경상,승용,남,29세,경상
2017070900100150,2017년 7월 9일 11시,일요일,충청북도 청주시 흥덕구 휴암동,경상사고,0,0,2,0,차대차 - 측면충돌,신호위반,건조,맑음,교차로 - 교차로안,승용,여,45세,상해없음,승용,남,25세,경상
2017070900100171,2017년 7월 9일 12시,일요일,충청북도 괴산군 청천면,중상사고,0,4,2,0,차대차 - 측면충돌,안전운전불이행,건조,맑음,교차로 - 교차로안,승용,여,55세,중상,승용,남,22세,경상
2017070900100196,2017년 7월 9일 13시,일요일,충청북도 청주시 흥덕구 복대동,중상사고,0,1,0,0,차대차 - 측면충돌,교차로운행방법위반,건조,맑음,교차로 - 교차로안,이륜,여,54세,중상,승용,남,55세,상해없음
2017070900100228,2017년 7월 9일 14시,일요일,충청북도 청주시 청원구 오창읍,경상사고,0,0,1,0,차대차 - 기타,안전운전불이행,건조,맑음,교차로 - 교차로부근,승용,여,63세,경상,건설기계,남,52세,상해없음
2017070900100256,2017년 7월 9일 15시,일요일,충청북도 제천시 봉양읍,중상사고,0,3,1,0,차대차 - 정면충돌,교차로운행방법위반,건조,맑음,교차로 - 교차로안,승용,남,66세,경상,승용,남,27세,중상
2017070900100284,2017년 7월 9일 16시,일요일,충청북도 청주시 흥덕구 복대동,경상사고,0,0,1,0,차대차 - 측면충돌,안전운전불이행,건조,맑음,단일로 - 기타,승용,남,52세,상해없음,자전거,남,26세,경상
2017070900100308,2017년 7월 9일 17시,일요일,충청북도 충주시 연수동,경상사고,0,0,1,0,차대차 - 측면충돌,신호위반,건조,맑음,교차로 - 교차로안,승용,남,79세,상해없음,이륜,남,26세,경상
2017070900100334,2017년 7월 9일 18시,일요일,충청북도 충주시 대소원면,경상사고,0,0,1,0,차대차 - 측면충돌,직진우회전진행방해,건조,맑음,교차로 - 교차로안,승용,남,52세,상해없음,승용,남,61세,경상
2017070900100359,2017년 7월 9일 19시,일요일,충청북도 보은군 보은읍,경상사고,0,0,1,0,차대사람 - 횡단중,안전운전불이행,젖음/습기,비,교차로 - 교차로부근,승용,여,31세,상해없음,보행자,여,16세,경상
2017070900100360,2017년 7월 9일 19시,일요일,충청북도 청주시 흥덕구 강서동,경상사고,0,0,1,0,차대차 - 기타,신호위반,젖음/습기,비,교차로 - 교차로안,승용,남,76세,상해없음,승용,여,56세,경상
2017070900100361,2017년 7월 9일 19시,일요일,충청북도 청주시 상당구 북문로1가동,경상사고,0,0,1,0,차대사람 - 횡단중,보행자보호의무위반,젖음/습기,비,교차로 - 교차로안,승용,남,29세,상해없음,보행자,남,46세,경상
2017070900100383,2017년 7월 9일 20시,일요일,충청북도 진천군 진천읍,경상사고,0,0,1,0,차대차 - 기타,중앙선침범,젖음/습기,비,단일로 - 기타,승용,남,50세,상해없음,이륜,남,18세,경상
2017070900100384,2017년 7월 9일 20시,일요일,충청북도 청주시 흥덕구 가경동,중상사고,0,1,0,0,차대사람 - 길가장자리구역통행중,안전운전불이행,젖음/습기,비,단일로 - 기타,승용,남,55세,상해없음,보행자,여,61세,중상
2017070900100385,2017년 7월 9일 20시,일요일,충청북도 청주시 서원구 미평동,경상사고,0,0,1,0,차대차 - 기타,안전운전불이행,젖음/습기,비,단일로 - 기타,승합,남,27세,상해없음,승용,남,20세,상해없음
2017070900100386,2017년 7월 9일 20시,일요일,충청북도 청주시 서원구 모충동,경상사고,0,0,2,0,차대차 - 추돌,안전운전불이행,젖음/습기,비,교차로 - 교차로부근,승용,여,43세,상해없음,승용,남,72세,경상
2017070900100439,2017년 7월 9일 22시,일요일,충청북도 충주시 달천동,경상사고,0,0,1,0,차량단독 - 전도전복 - 전도,안전운전불이행,젖음/습기,비,단일로 - 기타,승용,여,39세,경상,,,,
2017070900100440,2017년 7월 9일 22시,일요일,충청북도 청주시 흥덕구 오송읍,경상사고,0,0,1,0,차대차 - 측면충돌,안전운전불이행,건조,맑음,교차로 - 교차로안,승용,남,62세,상해없음,승용,남,28세,경상
2017071000100046,2017년 7월 10일 01시,월요일,충청북도 진천군 진천읍,중상사고,0,1,1,0,차대차 - 측면충돌,안전운전불이행,건조,맑음,단일로 - 기타,승용,남,20세,경상,승용,남,25세,중상
2017071000100089,2017년 7월 10일 07시,월요일,충청북도 청주시 흥덕구 봉명동,경상사고,0,0,2,0,차대차 - 기타,안전운전불이행,젖음/습기,비,교차로 - 교차로부근,승용,남,53세,상해없음,승용,남,31세,경상
2017071000100119,2017년 7월 10일 08시,월요일,충청북도 청주시 서원구 수곡동,중상사고,0,1,0,0,차대사람 - 횡단중,보행자보호의무위반,건조,맑음,교차로 - 교차로횡단보도내,승합,남,57세,상해없음,보행자,남,9세,중상
2017071000100149,2017년 7월 10일 09시,월요일,충청북도 청주시 청원구 내덕동,경상사고,0,0,1,0,차대사람 - 횡단중,안전운전불이행,젖음/습기,비,단일로 - 기타,승용,여,64세,상해없음,보행자,여,44세,경상
2017071000100150,2017년 7월 10일 09시,월요일,충청북도 제천시 흑석동,경상사고,0,0,1,0,차량단독 - 공작물충돌,안전거리미확보,젖음/습기,비,단일로 - 기타,화물,남,35세,경상,,,,
2017071000100239,2017년 7월 10일 12시,월요일,충청북도 청주시 청원구 북이면,경상사고,0,0,1,0,차대차 - 정면충돌,안전운전불이행,젖음/습기,흐림,단일로 - 기타,화물,남,66세,상해없음,화물,남,33세,경상
2017071000100240,2017년 7월 10일 12시,월요일,충청북도 제천시 중앙로2가,경상사고,0,0,1,0,차대차 - 추돌,안전운전불이행,젖음/습기,비,교차로 - 교차로안,승용,남,54세,상해없음,승용,여,50세,경상
2017071000100272,2017년 7월 10일 13시,월요일,충청북도 청주시 상당구 영동,중상사고,0,1,3,0,차대차 - 정면충돌,직진우회전진행방해,젖음/습기,맑음,교차로 - 교차로안,승용,여,73세,상해없음,승합,여,38세,경상
2017071000100273,2017년 7월 10일 13시,월요일,충청북도 제천시 수산면,경상사고,0,0,1,0,차대차 - 측면충돌,중앙선침범,젖음/습기,비,단일로 - 기타,승용,남,58세,상해없음,승용,여,48세,상해없음
2017071000100296,2017년 7월 10일 14시,월요일,충청북도 충주시 봉방동,경상사고,0,0,2,0,차대차 - 측면충돌,안전운전불이행,젖음/습기,비,교차로 - 교차로안,승용,남,66세,상해없음,승용,남,51세,경상
2017071000100330,2017년 7월 10일 15시,월요일,충청북도 제천시 봉양읍,경상사고,0,0,3,0,차대차 - 기타,중앙선침범,젖음/습기,비,교차로 - 교차로안,화물,남,49세,상해없음,승용,남,53세,경상
2017071000100331,2017년 7월 10일 15시,월요일,충청북도 청주시 흥덕구 가경동,경상사고,0,0,1,0,차대사람 - 횡단중,보행자보호의무위반,건조,흐림,교차로 - 교차로횡단보도내,승용,여,44세,상해없음,보행자,남,70세,경상
2017071000100366,2017년 7월 10일 16시,월요일,충청북도 청주시 흥덕구 강서동,중상사고,0,2,3,0,차대사람 - 기타,안전운전불이행,건조,맑음,기타 - 기타,승용,여,55세,상해없음,보행자,여,33세,중상
2017071000100434,2017년 7월 10일 18시,월요일,충청북도 청주시 청원구 오창읍,경상사고,0,0,1,0,차대차 - 기타,차로위반,젖음/습기,비,교차로 - 교차로부근,승용,여,43세,상해없음,이륜,남,26세,경상
2017071000100435,2017년 7월 10일 18시,월요일,충청북도 충주시 금릉동,중상사고,0,1,1,0,차대차 - 측면충돌,안전운전불이행,젖음/습기,비,단일로 - 기타,화물,남,38세,경상,승용,남,48세,중상
2017071000100436,2017년 7월 10일 18시,월요일,충청북도 청주시 흥덕구 상신동,경상사고,0,0,1,0,차대차 - 측면충돌,신호위반,젖음/습기,비,교차로 - 교차로안,승용,남,52세,상해없음,승용,여,54세,경상
2017071000100437,2017년 7월 10일 18시,월요일,충청북도 청주시 상당구 용암동,경상사고,0,0,1,0,차대차 - 추돌,안전운전불이행,건조,맑음,단일로 - 기타,승용,남,40세,상해없음,승용,남,52세,경상