사고번호,사고일시,요일,시군구,사고내용,사망자수,중상자수,경상자수,부상신고자수,사고유형,법규위반,노면상태,기상상태,도로형태,가해운전자 차종,가해운전자 성별,가해운전자 연령,가해운전자 상해정도,피해운전자 차종,피해운전자 성별,피해운전자 연령,피해운전자 상해정도
2017071600100040,2017년 7월 16일 01시,일요일,충청북도 청주시 서원구 수곡동,경상사고,0,0,1,0,차대차 - 추돌,안전운전불이행,젖음/습기,흐림,교차로 - 교차로안,승용,남,45세,상해없음,승용,남,38세,경상
2017071600100099,2017년 7월 16일 05시,일요일,충청북도 제천시 화산동,중상사고,0,1,0,0,차대차 - 정면충돌,중앙선침범,젖음/습기,비,교차로 - 교차로부근,이륜,남,59세,중상,승용,여,54세,상해없음
2017071600100100,2017년 7월 16일 05시,일요일,충청북도 음성군 금왕읍,경상사고,0,0,4,0,차대차 - 추돌,안전운전불이행,젖음/습기,비,기타 - 기타,승용,남,25세,상해없음,승용,남,23세,경상
2017071600100129,2017년 7월 16일 08시,일요일,충청북도 진천군 초평면,사망사고,2,0,0,0,차량단독 - 공작물충돌,안전운전불이행,젖음/습기,비,단일로 - 기타,승용,남,37세,사망,,,,
2017071600100163,2017년 7월 16일 10시,일요일,충청북도 청주시 청원구 오창읍,경상사고,0,0,1,0,차대사람 - 횡단중,보행자보호의무위반,젖음/습기,비,교차로 - 교차로안,승용,남,30세,상해없음,보행자,남,27세,경상
2017071600100213,2017년 7월 16일 12시,일요일,충청북도 괴산군 감물면,경상사고,0,0,1,0,차대차 - 기타,안전운전불이행,젖음/습기,비,단일로 - 교량,화물,남,56세,상해없음,승용,남,68세,경상
2017071600100214,2017년 7월 16일 12시,일요일,충청북도 음성군 감곡면,경상사고,0,0,3,0,차대차 - 추돌,안전운전불이행,건조,맑음,단일로 - 기타,화물,남,57세,상해없음,승용,남,37세,경상
2017071600100215,2017년 7월 16일 12시,일요일,충청북도 옥천군 안내면,중상사고,0,1,0,0,차대차 - 기타,중앙선침범,건조,맑음,단일로 - 기타,승용,남,62세,상해없음,화물,남,55세,중상
2017071600100241,2017년 7월 16일 13시,일요일,충청북도 제천시 중앙로1가,경상사고,0,0,1,0,차대사람 - 횡단중,안전운전불이행,건조,맑음,단일로 - 기타,승용,여,52세,상해없음,보행자,여,62세,경상
2017071600100242,2017년 7월 16일 13시,일요일,충청북도 청주시 상당구 운동동,중상사고,0,1,0,0,차대차 - 측면충돌,교차로운행방법위반,젖음/습기,흐림,교차로 - 교차로안,승용,여,59세,상해없음,이륜,남,72세,중상
2017071600100262,2017년 7월 16일 14시,일요일,충청북도 청주시 서원구 사창동,경상사고,0,0,1,0,차대차 - 기타,안전거리미확보,건조,맑음,교차로 - 교차로부근,승용,남,26세,상해없음,승용,남,65세,경상
2017071600100263,2017년 7월 16일 14시,일요일,충청북도 증평군 증평읍,중상사고,0,1,1,0,차대차 - 측면충돌,교차로운행방법위반,건조,흐림,교차로 - 교차로안,승용,남,37세,경상,승용,여,54세,중상
2017071600100293,2017년 7월 16일 15시,일요일,충청북도 괴산군 불정면,경상사고,0,0,1,0,차대차 - 측면충돌,안전운전불이행,건조,맑음,단일로 - 기타,이륜,남,69세,경상,화물,남,49세,상해없음
2017071600100294,2017년 7월 16일 15시,일요일,충청북도 충주시 대소원면,사망사고,1,2,6,0,차대차 - 추돌,안전운전불이행,젖음/습기,흐림,단일로 - 기타,승용,여,36세,상해없음,승용,남,58세,중상
2017071600100329,2017년 7월 16일 16시,일요일,충청북도 제천시 영천동,중상사고,0,1,1,0,차대차 - 정면충돌,중앙선침범,건조,맑음,교차로 - 교차로안,승용,남,46세,경상,승용,여,42세,중상
2017071600100330,2017년 7월 16일 16시,일요일,충청북도 청주시 상당구 용암동,경상사고,0,0,1,0,차대차 - 측면충돌,안전운전불이행,건조,맑음,교차로 - 교차로안,승합,남,48세,상해없음,자전거,남,18세,경상
2017071600100384,2017년 7월 16일 18시,일요일,충청북도 청주시 흥덕구 가경동,경상사고,0,0,2,0,차대차 - 측면충돌,교차로운행방법위반,건조,맑음,교차로 - 교차로안,승용,남,21세,상해없음,승용,남,61세,경상
2017071600100385,2017년 7월 16일 18시,일요일,충청북도 청주시 상당구 용암동,경상사고,0,0,1,0,차대차 - 측면충돌,안전운전불이행,건조,맑음,단일로 - 기타,승용,여,21세,상해없음,승용,남,49세,기타불명
2017071600100408,2017년 7월 16일 19시,일요일,충청북도 청주시 서원구 분평동,경상사고,0,0,1,0,차대차 - 기타,안전운전불이행,건조,맑음,단일로 - 기타,승용,남,45세,상해없음,원동기,남,49세,경상
2017071600100439,2017년 7월 16일 20시,일요일,충청북도 청주시 청원구 오창읍,중상사고,0,1,0,0,차대차 - 측면충돌,직진우회전진행방해,건조,맑음,교차로 - 교차로안,승용,남,27세,상해없음,승용,남,30세,중상
2017071600100440,2017년 7월 16일 20시,일요일,충청북도 청주시 서원구 현도면,경상사고,0,0,1,0,차대차 - 기타,안전운전불이행,건조,맑음,교차로 - 교차로부근,화물,남,60세,상해없음,승용,남,25세,경상
2017071600100492,2017년 7월 16일 22시,일요일,충청북도 제천시 남천동,중상사고,0,1,0,0,차대사람 - 횡단중,보행자보호의무위반,건조,맑음,교차로 - 교차로횡단보도내,승용,여,54세,상해없음,보행자,남,70세,중상
2017071600100493,2017년 7월 16일 22시,일요일,충청북도 청주시 상당구 명암동,경상사고,0,0,2,0,차량단독 - 전도전복,안전운전불이행,젖음/습기,비,단일로 - 기타,승용,남,59세,상해없음,미분류,미분류,미분류,미분류
2017071600100494,2017년 7월 16일 22시,일요일,충청북도 청주시 상당구 미원면,경상사고,0,0,1,0,차대차 - 추돌,안전운전불이행,건조,맑음,단일로 - 기타,승용,여,56세,상해없음,특수,남,44세,경상
2017071700100045,2017년 7월 17일 02시,월요일,충청북도 청주시 청원구 내덕동,중상사고,0,1,0,0,차대차 - 측면충돌,신호위반,건조,맑음,교차로 - 교차로안,기타불명,기타불명,미분류,기타불명,이륜,남,21세,중상
2017071700100092,2017년 7월 17일 07시,월요일,충청북도 충주시 금릉동,경상사고,0,0,2,0,차대차 - 기타,안전운전불이행,건조,흐림,교차로 - 교차로부근,승용,남,35세,상해없음,승용,남,58세,경상
2017071700100093,2017년 7월 17일 07시,월요일,충청북도 청주시 상당구 명암동,중상사고,0,1,1,0,차대차 - 측면충돌,중앙선침범,젖음/습기,흐림,단일로 - 기타,승용,여,49세,상해없음,승용,여,39세,상해없음
2017071700100130,2017년 7월 17일 08시,월요일,충청북도 제천시 영천동,경상사고,0,0,1,0,차대차 - 추돌,안전운전불이행,건조,맑음,교차로 - 교차로부근,승용,남,31세,상해없음,승용,여,41세,경상
2017071700100268,2017년 7월 17일 12시,월요일,충청북도 충주시 금릉동,경상사고,0,0,3,1,차대차 - 측면충돌,안전운전불이행,건조,맑음,기타 - 기타,승용,남,41세,부상신고,승용,남,49세,경상
2017071700100286,2017년 7월 17일 13시,월요일,충청북도 진천군 진천읍,경상사고,0,0,2,0,차대차 - 측면충돌,직진우회전진행방해,건조,맑음,교차로 - 교차로안,승용,여,76세,기타불명,승용,여,56세,경상
2017071700100287,2017년 7월 17일 13시,월요일,충청북도 청주시 흥덕구 봉명동,경상사고,0,0,1,0,차대차 - 기타,교차로운행방법위반,건조,맑음,교차로 - 교차로안,승용,남,61세,상해없음,승용,남,46세,상해없음
2017071700100288,2017년 7월 17일 13시,월요일,충청북도 청주시 서원구 분평동,부상신고사고,0,0,0,1,차대차 - 측면충돌,신호위반,건조,맑음,교차로 - 교차로안,이륜,남,34세,부상신고,승용,여,39세,상해없음
2017071700100322,2017년 7월 17일 14시,월요일,충청북도 청주시 흥덕구 오송읍,중상사고,0,1,0,0,차대사람 - 기타,안전운전불이행,건조,맑음,단일로 - 기타,승합,남,37세,상해없음,보행자,여,61세,중상
2017071700100357,2017년 7월 17일 15시,월요일,충청북도 단양군 단양읍,경상사고,0,0,6,0,차대차 - 추돌,안전운전불이행,건조,맑음,단일로 - 기타,화물,남,56세,상해없음,승용,여,59세,경상
2017071700100358,2017년 7월 17일 15시,월요일,충청북도 청주시 흥덕구 강서동,경상사고,0,0,1,1,차대차 - 측면충돌,신호위반,건조,맑음,교차로 - 교차로안,화물,남,67세,기타불명,승용,여,52세,경상
2017071700100390,2017년 7월 17일 16시,월요일,충청북도 청주시 서원구 현도면,경상사고,0,0,4,0,차대차 - 기타,안전운전불이행,건조,맑음,단일로 - 기타,승용,남,30세,상해없음,승합,여,40세,경상
2017071700100428,2017년 7월 17일 17시,월요일,충청북도 청주시 서원구 산남동,경상사고,0,0,1,0,차대차 - 추돌,안전운전불이행,건조,맑음,단일로 - 기타,승용,남,52세,상해없음,승용,남,28세,경상
2017071700100469,2017년 7월 17일 18시,월요일,충청북도 제천시 신월동,경상사고,0,0,3,0,차대차 - 추돌,안전거리미확보,젖음/습기,흐림,기타 - 기타,승용,여,23세,경상,승용,여,24세,경상
2017071700100470,2017년 7월 17일 18시,월요일,충청북도 옥천군 옥천읍,경상사고,0,0,1,0,차대사람 - 차도통행중,안전운전불이행,젖음/습기,비,단일로 - 기타,승용,남,74세,상해없음,보행자,여,41세,경상
2017071700100471,2017년 7월 17일 18시,월요일,충청북도 청주시 흥덕구 복대동,중상사고,0,1,0,0,차대사람 - 횡단중,기타,건조,맑음,단일로 - 기타,원동기,남,51세,상해없음,보행자,남,6세,중상
2017071700100502,2017년 7월 17일 19시,월요일,충청북도 충주시 칠금동,경상사고,0,0,1,1,차대차 - 측면충돌,안전운전불이행,젖음/습기,맑음,교차로 - 교차로부근,승용,남,54세,부상신고,승용,여,38세,경상
2017071700100503,2017년 7월 17일 19시,월요일,충청북도 청주시 서원구 수곡동,경상사고,0,0,1,0,차대사람 - 차도통행중,안전운전불이행,건조,맑음,단일로 - 기타,승합,여,52세,상해없음,보행자,남,22세,경상
2017071700100563,2017년 7월 17일 21시,월요일,충청북도 청주시 청원구 오창읍,중상사고,0,1,0,0,차대사람 - 횡단중,보행자보호의무위반,건조,맑음,교차로 - 교차로안,승용,남,42세,상해없음,보행자,여,47세,중상
2017071700100614,2017년 7월 17일 23시,월요일,충청북도 제천시 청전동,중상사고,0,1,2,0,차대차 - 정면충돌,신호위반,건조,흐림,교차로 - 교차로안,승용,여,29세,경상,승용,남,40세,중상
2017071800100092,2017년 7월 18일 07시,화요일,충청북도 음성군 대소면,경상사고,0,0,1,0,차량단독 - 전도전복,안전운전불이행,건조,맑음,단일로 - 기타,승합,여,39세,경상,미분류,미분류,미분류,미분류
2017071800100113,2017년 7월 18일 08시,화요일,충청북도 충주시 호암동,중상사고,0,1,1,0,차대차 - 정면충돌,중앙선침범,건조,맑음,단일로 - 기타,승용,남,77세,상해없음,승용,남,34세,경상
2017071800100114,2017년 7월 18일 08시,화요일,충청북도 충주시 교현동,경상사고,0,0,1,0,차대차 - 정면충돌,직진우회전진행방해,건조,맑음,교차로 - 교차로안,이륜,남,66세,경상,승용,남,50세,상해없음
2017071800100115,2017년 7월 18일 08시,화요일,충청북도 괴산군 칠성면,경상사고,0,0,2,0,차대차 - 측면충돌,안전운전불이행,건조,맑음,단일로 - 기타,승용,여,56세,경상,승합,여,53세,상해없음
2017071800100116,2017년 7월 18일 08시,화요일,충청북도 괴산군 청안면,경상사고,0,0,1,0,차대차 - 측면충돌,직진우회전진행방해,건조,맑음,교차로 - 교차로안,화물,남,48세,상해없음,승용,남,66세,상해없음
2017071800100117,2017년 7월 18일 08시,화요일,충청북도 진천군 진천읍,경상사고,0,0,1,0,차대차 - 측면충돌,차로위반,건조,맑음,교차로 - 교차로부근,승용,남,70세,상해없음,승용,여,56세,경상
2017071800100145,2017년 7월 18일 09시,화요일,충청북도 제천시 고암동,경상사고,0,0,2,0,차대차 - 추돌,안전운전불이행,건조,맑음,교차로 - 교차로부근,화물,남,61세,상해없음,승용,여,56세,경상
2017071800100146,2017년 7월 18일 09시,화요일,충청북도 제천시 남천동,경상사고,0,0,3,0,차대차 - 측면충돌,교차로운행방법위반,건조,흐림,교차로 - 교차로안,화물,남,57세,상해없음,승용,여,36세,경상
2017071800100147,2017년 7월 18일 09시,화요일,충청북도 음성군 금왕읍,경상사고,0,0,1,0,차대차 - 측면충돌,안전운전불이행,건조,맑음,교차로 - 교차로부근,승합,남,47세,상해없음,승용,남,39세,경상
2017071800100148,2017년 7월 18일 09시,화요일,충청북도 청주시 상당구 문화동,경상사고,0,0,1,0,차대차 - 기타,안전운전불이행,건조,맑음,단일로 - 기타,승용,여,50세,상해없음,자전거,남,55세,경상
2017071800100196,2017년 7월 18일 11시,화요일,충청북도 충주시 금릉동,경상사고,0,0,1,1,차대차 - 측면충돌,중앙선침범,건조,맑음,단일로 - 기타,승용,여,46세,부상신고,승용,남,71세,경상
2017071800100224,2017년 7월 18일 12시,화요일,충청북도 옥천군 옥천읍,사망사고,1,0,0,0,차대차 - 측면충돌,안전운전불이행,건조,맑음,교차로 - 교차로안,원동기,남,81세,사망,승용,남,81세,상해없음
2017071800100254,2017년 7월 18일 13시,화요일,충청북도 제천시 청전동,중상사고,0,1,0,0,차대사람 - 횡단중,안전운전불이행,건조,흐림,교차로 - 교차로안,승용,여,51세,상해없음,보행자,남,57세,중상
2017071800100273,2017년 7월 18일 14시,화요일,충청북도 청주시 흥덕구 가경동,경상사고,0,0,2,0,차대차 - 추돌,안전거리미확보,건조,맑음,교차로 - 교차로부근,승합,남,43세,상해없음,승용,여,49세,경상
2017071800100274,2017년 7월 18일 14시,화요일,충청북도 청주시 흥덕구 비하동,경상사고,0,0,3,0,차대차 - 측면충돌,안전운전불이행,건조,맑음,교차로 - 교차로안,승용,남,57세,상해없음,승합,남,57세,경상
2017071800100275,2017년 7월 18일 14시,화요일,충청북도 청주시 서원구 현도면,사망사고,1,0,0,0,차대차 - 측면충돌,안전운전불이행,건조,흐림,단일로 - 기타,승용,남,35세,상해없음,화물,남,50세,사망
2017071800100306,2017년 7월 18일 15시,화요일,충청북도 옥천군 군북면,중상사고,0,1,1,0,차대차 - 측면충돌,중앙선침범,건조,맑음,단일로 - 기타,승용,남,65세,상해없음,승용,남,42세,경상
2017071800100348,2017년 7월 18일 16시,화요일,충청북도 제천시 신백동,경상사고,0,0,1,0,차대차 - 측면충돌,중앙선침범,건조,맑음,교차로 - 교차로안,승용,여,46세,상해없음,자전거,남,16세,경상
2017071800100373,2017년 7월 18일 17시,화요일,충청북도 청주시 청원구 오창읍,사망사고,1,0,2,0,차대차 - 측면충돌,신호위반,건조,맑음,교차로 - 교차로안,이륜,남,60세,경상,승용,남,40세,경상
2017071800100413,2017년 7월 18일 18시,화요일,충청북도 음성군 금왕읍,중상사고,0,1,0,0,차대차 - 기타,안전운전불이행,건조,맑음,교차로 - 교차로부근,승용,남,58세,상해없음,승용,여,38세,중상
2017071800100414,2017년 7월 18일 18시,화요일,충청북도 진천군 덕산면,경상사고,0,0,1,0,차대차 - 측면충돌,신호위반,건조,맑음,교차로 - 교차로안,승용,남,27세,상해없음,승용,남,26세,경상
2017071800100415,2017년 7월 18일 18시,화요일,충청북도 청주시 흥덕구 봉명동,경상사고,0,0,4,1,차대차 - 측면충돌,교차로운행방법위반,건조,맑음,교차로 - 교차로안,승용,남,51세,경상,승용,여,37세,경상
2017071800100416,2017년 7월 18일 18시,화요일,충청북도 청주시 흥덕구 봉명동,경상사고,0,0,3,0,차대차 - 측면충돌,안전거리미확보,건조,맑음,단일로 - 기타,승용,남,30세,경상,특수,남,40세,경상
2017071800100446,2017년 7월 18일 19시,화요일,충청북도 영동군 영동읍,경상사고,0,0,1,0,차대차 - 기타,안전운전불이행,건조,맑음,교차로 - 교차로안,승용,여,49세,상해없음,승용,남,34세,경상
2017071800100471,2017년 7월 18일 20시,화요일,충청북도 증평군 증평읍,경상사고,0,0,1,0,차대차 - 추돌,안전운전불이행,건조,맑음,단일로 - 기타,승용,남,27세,상해없음,농기계,남,76세,경상
2017071800100472,2017년 7월 18일 20시,화요일,충청북도 진천군 진천읍,경상사고,0,0,2,0,차대차 - 기타,안전운전불이행,건조,맑음,교차로 - 교차로부근,승용,남,34세,상해없음,승용,남,55세,경상
2017071800100507,2017년 7월 18일 21시,화요일,충청북도 충주시 칠금동,중상사고,0,1,0,0,차대차 - 측면충돌,신호위반,건조,흐림,교차로 - 교차로안,승용,남,31세,상해없음,자전거,여,65세,중상
2017071800100527,2017년 7월 18일 22시,화요일,충청북도 제천시 하소동,중상사고,0,1,1,0,차대차 - 측면충돌,신호위반,건조,맑음,교차로 - 교차로안,이륜,남,47세,중상,승용,남,34세,경상
2017071900100053,2017년 7월 19일 01시,수요일,충청북도 청주시 청원구 율량동,중상사고,0,1,0,0,차량단독 - 전도전복 - 전복,안전운전불이행,건조,맑음,단일로 - 고가도로위,승용,남,53세,중상,,,,
2017071900100054,2017년 7월 19일 01시,수요일,충청북도 제천시 고암동,중상사고,0,2,0,0,차대차 - 기타,안전운전불이행,건조,맑음,교차로 - 교차로안,승용,남,15세,상해없음,승용,남,38세,중상
2017071900100071,2017년 7월 19일 03시,수요일,충청북도 청주시 흥덕구 봉명동,중상사고,0,2,0,0,차대차 - 측면충돌,중앙선침범,건조,맑음,단일로 - 기타,승용,남,33세,중상,승용,남,59세,중상
2017071900100127,2017년 7월 19일 08시,수요일,충청북도 청주시 청원구 율량동,경상사고,0,0,2,0,차대차 - 정면충돌,신호위반,건조,맑음,교차로 - 교차로안,승용,남,25세,경상,승용,남,33세,경상
2017071900100226,2017년 7월 19일 11시,수요일,충청북도 음성군 금왕읍,중상사고,0,1,0,0,차대사람 - 횡단중,안전운전불이행,건조,맑음,교차로 - 교차로부근,화물,남,42세,상해없음,보행자,남,71세,중상
2017071900100299,2017년 7월 19일 14시,수요일,충청북도 청주시 서원구 사창동,경상사고,0,0,1,0,차대차 - 측면충돌,안전운전불이행,건조,맑음,교차로 - 교차로부근,승용,남,26세,상해없음,승용,남,44세,경상
2017071900100300,2017년 7월 19일 14시,수요일,충청북도 청주시 서원구 분평동,경상사고,0,0,1,0,차대차 - 정면충돌,신호위반,건조,맑음,단일로 - 기타,승용,남,28세,상해없음,승용,남,34세,경상
2017071900100326,2017년 7월 19일 15시,수요일,충청북도 음성군 음성읍,경상사고,0,0,2,0,차대차 - 측면충돌,기타,건조,맑음,교차로 - 교차로안,이륜,남,49세,경상,승용,남,60세,경상
2017071900100377,2017년 7월 19일 16시,수요일,충청북도 청주시 서원구 수곡동,중상사고,0,1,0,0,차대사람 - 횡단중,안전운전불이행,건조,맑음,단일로 - 기타,승용,여,52세,상해없음,보행자,여,6세,중상
2017071900100422,2017년 7월 19일 17시,수요일,충청북도 충주시 문화동,중상사고,0,1,0,0,차대차 - 기타,안전운전불이행,건조,맑음,교차로 - 교차로횡단보도내,승용,여,40세,상해없음,자전거,남,12세,중상
2017071900100423,2017년 7월 19일 17시,수요일,충청북도 청주시 서원구 산남동,경상사고,0,0,1,0,차대차 - 측면충돌,안전거리미확보,건조,맑음,교차로 - 교차로안,승용,여,49세,상해없음,승용,남,63세,경상
2017071900100465,2017년 7월 19일 18시,수요일,충청북도 청주시 청원구 오창읍,경상사고,0,0,2,0,차대차 - 측면충돌,차로위반,건조,맑음,단일로 - 기타,승용,남,44세,경상,원동기,남,18세,경상
2017071900100466,2017년 7월 19일 18시,수요일,충청북도 청주시 흥덕구 지동동,부상신고사고,0,0,0,1,차량단독 - 전도전복 - 전복,안전운전불이행,건조,맑음,단일로 - 기타,자전거,남,23세,부상신고,,,,
2017071900100503,2017년 7월 19일 19시,수요일,충청북도 청주시 서원구 사창동,경상사고,0,0,1,0,차대차 - 추돌,안전운전불이행,건조,맑음,단일로 - 기타,승용,여,31세,상해없음,승용,여,32세,경상
2017071900100504,2017년 7월 19일 19시,수요일,충청북도 충주시 중앙탑면,경상사고,0,0,2,0,차대차 - 정면충돌,신호위반,건조,맑음,교차로 - 교차로안,화물,남,35세,상해없음,승용,남,71세,경상
2017071900100505,2017년 7월 19일 19시,수요일,충청북도 청주시 흥덕구 지동동,중상사고,0,1,1,0,차대차 - 측면충돌,신호위반,건조,맑음,교차로 - 교차로안,승용,남,36세,경상,승용,여,48세,중상
2017071900100543,2017년 7월 19일 20시,수요일,충청북도 청주시 청원구 내덕동,경상사고,0,0,1,0,차대차 - 측면충돌,안전운전불이행,건조,맑음,단일로 - 기타,승용,여,53세,상해없음,자전거,남,16세,경상
2017071900100544,2017년 7월 19일 20시,수요일,충청북도 청주시 흥덕구 가경동,경상사고,0,0,1,0,차대사람 - 횡단중,보행자보호의무위반,건조,맑음,단일로 - 기타,승용,남,25세,상해없음,보행자,남,66세,경상
2017071900100574,2017년 7월 19일 21시,수요일,충청북도 청주시 청원구 내수읍,경상사고,0,0,2,0,차대차 - 정면충돌,안전운전불이행,건조,맑음,단일로 - 기타,승용,남,55세,상해없음,승용,여,43세,경상
2017071900100575,2017년 7월 19일 21시,수요일,충청북도 청주시 흥덕구 비하동,경상사고,0,0,2,0,차대사람 - 횡단중,신호위반,건조,맑음,교차로 - 교차로횡단보도내,승용,남,46세,상해없음,보행자,여,35세,경상
2017072000100030,2017년 7월 20일 00시,목요일,충청북도 청주시 청원구 주성동,사망사고,1,0,0,0,차대차 - 기타,중앙선침범,건조,맑음,교차로 - 교차로횡단보도내,자전거,남,36세,사망,승용,남,31세,상해없음
2017072000100031,2017년 7월 20일 00시,목요일,충청북도 청주시 상당구 금천동,부상신고사고,0,0,0,1,차대차 - 측면충돌,안전거리미확보,건조,맑음,교차로 - 교차로안,이륜,남,17세,부상신고,승용,여,49세,상해없음
2017072000100074,2017년 7월 20일 05시,목요일,충청북도 충주시 용산동,경상사고,0,0,1,0,차대차 - 측면충돌,안전운전불이행,건조,맑음,교차로 - 교차로안,승용,남,23세,상해없음,승용,여,37세,경상
2017072000100085,2017년 7월 20일 06시,목요일,충청북도 청주시 청원구 오동동,경상사고,0,0,1,0,차대차 - 정면충돌,교차로운행방법위반,건조,맑음,교차로 - 교차로안,건설기계,남,59세,상해없음,승용,남,54세,경상
2017072000100109,2017년 7월 20일 07시,목요일,충청북도 청주시 청원구 내수읍,중상사고,0,1,0,0,차대사람 - 횡단중,안전운전불이행,건조,맑음,단일로 - 기타,화물,남,43세,상해없음,보행자,여,18세,중상
2017072000100139,2017년 7월 20일 08시,목요일,충청북도 증평군 증평읍,중상사고,0,1,0,0,차대차 - 정면충돌,신호위반,건조,맑음,교차로 - 교차로안,승용,남,22세,상해없음,승용,남,26세,중상
2017072000100140,2017년 7월 20일 08시,목요일,충청북도 음성군 감곡면,중상사고,0,5,9,1,차대차 - 측면충돌,중앙선침범,건조,맑음,단일로 - 기타,승용,여,36세,중상,승합,남,54세,경상
2017072000100141,2017년 7월 20일 08시,목요일,충청북도 청주시 흥덕구 복대동,경상사고,0,0,2,0,차대차 - 측면충돌,교차로운행방법위반,건조,맑음,교차로 - 교차로안,승용,여,52세,경상,승용,여,25세,경상
2017072000100200,2017년 7월 20일 10시,목요일,충청북도 청주시 상당구 문화동,중상사고,0,1,0,0,차대차 - 측면충돌,안전운전불이행,건조,맑음,교차로 - 교차로안,승용,남,31세,상해없음,자전거,남,80세,중상
2017072000100201,2017년 7월 20일 10시,목요일,충청북도 청주시 서원구 산남동,경상사고,0,0,1,0,차대차 - 추돌,교차로운행방법위반,건조,맑음,교차로 - 교차로안,승용,남,42세,상해없음,승용,남,63세,경상
2017072000100232,2017년 7월 20일 11시,목요일,충청북도 청주시 서원구 분평동,경상사고,0,0,4,0,차대차 - 기타,중앙선침범,건조,맑음,단일로 - 기타,승용,여,66세,상해없음,승용,남,37세,경상
2017072000100300,2017년 7월 20일 13시,목요일,충청북도 청주시 서원구 개신동,경상사고,0,0,2,0,차대차 - 측면충돌,안전운전불이행,건조,맑음,교차로 - 교차로부근,화물,남,53세,경상,승용,여,48세,경상
2017072000100324,2017년 7월 20일 14시,목요일,충청북도 청주시 서원구 사창동,중상사고,0,1,0,0,차대사람 - 기타,기타,건조,맑음,교차로 - 교차로부근,승합,남,27세,상해없음,보행자,여,48세,중상
2017072000100343,2017년 7월 20일 15시,목요일,충청북도 충주시 연수동,경상사고,0,0,1,0,차대차 - 측면충돌,안전운전불이행,건조,맑음,단일로 - 기타,승용,남,76세,상해없음,승용,여,31세,경상
2017072000100456,2017년 7월 20일 18시,목요일,충청북도 음성군 대소면,경상사고,0,0,1,0,차대사람 - 횡단중,보행자보호의무위반,건조,맑음,교차로 - 교차로안,승합,남,35세,상해없음,보행자,여,54세,경상
2017072000100457,2017년 7월 20일 18시,목요일,충청북도 청주시 흥덕구 가경동,중상사고,0,2,1,0,차대차 - 추돌,안전거리미확보,건조,맑음,교차로 - 교차로부근,승용,남,46세,상해없음,승용,남,24세,중상
2017072000100497,2017년 7월 20일 19시,목요일,충청북도 청주시 청원구 내덕동,경상사고,0,0,1,0,차대차 - 기타,안전운전불이행,건조,맑음,단일로 - 교량,승용,남,54세,상해없음,이륜,남,29세,경상
2017072000100498,2017년 7월 20일 19시,목요일,충청북도 제천시 청전동,중상사고,0,2,1,0,차대차 - 측면충돌,직진우회전진행방해,건조,맑음,교차로 - 교차로안,승용,여,55세,중상,승용,여,43세,경상
2017072000100531,2017년 7월 20일 20시,목요일,충청북도 제천시 강제동,경상사고,0,0,2,0,차대차 - 측면충돌,신호위반,건조,맑음,교차로 - 교차로부근,승용,여,33세,상해없음,화물,남,39세,경상
2017072000100556,2017년 7월 20일 21시,목요일,충청북도 청주시 서원구 모충동,중상사고,0,1,0,0,차대차 - 정면충돌,신호위반,건조,맑음,교차로 - 교차로안,승용,여,24세,상해없음,승용,여,24세,중상
2017072000100583,2017년 7월 20일 22시,목요일,충청북도 제천시 의림동,경상사고,0,0,4,0,차대차 - 측면충돌,직진우회전진행방해,건조,맑음,교차로 - 교차로안,승용,남,23세,경상,승용,남,58세,경상
2017072000100584,2017년 7월 20일 22시,목요일,충청북도 청주시 흥덕구 봉명동,경상사고,0,0,2,0,차대차 - 정면충돌,중앙선침범,건조,맑음,교차로 - 교차로부근,승용,여,36세,상해없음,승용,남,26세,경상
2017072000100585,2017년 7월 20일 22시,목요일,충청북도 청주시 상당구 용암동,경상사고,0,0,1,0,차대사람 - 횡단중,안전운전불이행,건조,맑음,단일로 - 기타,승용,남,52세,상해없음,보행자,남,19세,경상
2017072000100586,2017년 7월 20일 22시,목요일,충청북도 청주시 서원구 미평동,경상사고,0,0,2,0,차대차 - 추돌,안전운전불이행,건조,맑음,교차로 - 교차로부근,승합,남,55세,상해없음,승용,남,37세,경상
2017072000100613,2017년 7월 20일 23시,목요일,충청북도 진천군 이월면,경상사고,0,0,1,0,차대차 - 정면충돌,중앙선침범,건조,기타,교차로 - 교차로안,화물,남,71세,상해없음,승용,남,41세,경상
2017072000100614,2017년 7월 20일 23시,목요일,충청북도 청주시 상당구 석교동,경상사고,0,0,1,0,차대차 - 추돌,안전운전불이행,건조,맑음,교차로 - 교차로부근,승용,남,64세,상해없음,승용,남,43세,경상
2017072100100070,2017년 7월 21일 06시,금요일,충청북도 충주시 엄정면,경상사고,0,0,2,0,차대차 - 측면충돌,안전거리미확보,건조,맑음,단일로 - 기타,건설기계,남,42세,상해없음,승용,남,70세,경상
2017072100100084,2017년 7월 21일 07시,금요일,충청북도 청주시 서원구 개신동,경상사고,0,0,1,0,차대사람 - 횡단중,보행자보호의무위반,건조,맑음,단일로 - 기타,승용,남,67세,상해없음,보행자,여,24세,경상