사고번호,사고일시,요일,시군구,사고내용,사망자수,중상자수,경상자수,부상신고자수,사고유형,법규위반,노면상태,기상상태,도로형태,가해운전자 차종,가해운전자 성별,가해운전자 연령,가해운전자 상해정도,피해운전자 차종,피해운전자 성별,피해운전자 연령,피해운전자 상해정도
2017072100100085,2017년 7월 21일 07시,금요일,충청북도 음성군 생극면,경상사고,0,0,2,0,차대차 - 측면충돌,안전운전불이행,건조,맑음,단일로 - 기타,이륜,남,77세,경상,승합,남,61세,상해없음
2017072100100086,2017년 7월 21일 07시,금요일,충청북도 청주시 서원구 남이면,경상사고,0,0,1,0,차대차 - 측면충돌,안전운전불이행,건조,맑음,교차로 - 교차로안,화물,남,48세,상해없음,승용,여,58세,경상
2017072100100116,2017년 7월 21일 08시,금요일,충청북도 청주시 청원구 율량동,경상사고,0,0,3,0,차대차 - 정면충돌,중앙선침범,건조,맑음,단일로 - 기타,승용,여,34세,상해없음,승용,여,49세,경상
2017072100100149,2017년 7월 21일 09시,금요일,충청북도 영동군 영동읍,중상사고,0,1,0,0,차대사람 - 횡단중,안전운전불이행,건조,맑음,단일로 - 기타,승용,남,50세,상해없음,보행자,남,81세,중상
2017072100100150,2017년 7월 21일 09시,금요일,충청북도 옥천군 옥천읍,경상사고,0,0,1,0,차대차 - 기타,직진우회전진행방해,건조,맑음,교차로 - 교차로안,원동기,남,70세,경상,화물,남,58세,상해없음
2017072100100185,2017년 7월 21일 10시,금요일,충청북도 충주시 주덕읍,경상사고,0,0,1,0,차대차 - 정면충돌,안전거리미확보,건조,맑음,교차로 - 교차로안,승용,남,61세,상해없음,화물,여,61세,경상
2017072100100186,2017년 7월 21일 10시,금요일,충청북도 제천시 하소동,경상사고,0,0,1,0,차대차 - 정면충돌,안전운전불이행,젖음/습기,비,주차장 - 주차장,승용,여,59세,경상,승용,기타불명,미분류,기타불명
2017072100100187,2017년 7월 21일 10시,금요일,충청북도 청주시 흥덕구 송정동,경상사고,0,0,2,0,차대차 - 측면충돌,신호위반,건조,맑음,교차로 - 교차로안,승용,여,70세,상해없음,승용,남,46세,경상
2017072100100219,2017년 7월 21일 11시,금요일,충청북도 보은군 보은읍,경상사고,0,0,1,0,차대차 - 측면충돌,안전운전불이행,건조,맑음,단일로 - 기타,자전거,여,75세,경상,승용,남,74세,상해없음
2017072100100220,2017년 7월 21일 11시,금요일,충청북도 음성군 맹동면,경상사고,0,0,1,0,차대차 - 기타,안전운전불이행,건조,맑음,교차로 - 교차로부근,승용,남,39세,경상,승용,남,68세,상해없음
2017072100100221,2017년 7월 21일 11시,금요일,충청북도 청주시 상당구 석교동,경상사고,0,0,2,0,차대차 - 측면충돌,중앙선침범,건조,맑음,단일로 - 기타,승합,여,56세,상해없음,승용,남,65세,경상
2017072100100282,2017년 7월 21일 13시,금요일,충청북도 충주시 연수동,경상사고,0,0,1,0,차대사람 - 기타,안전운전불이행,건조,맑음,단일로 - 기타,승용,남,49세,상해없음,보행자,남,52세,경상
2017072100100283,2017년 7월 21일 13시,금요일,충청북도 보은군 산외면,중상사고,0,2,1,0,차대차 - 측면충돌,교차로운행방법위반,건조,맑음,교차로 - 교차로안,승용,여,33세,중상,승용,남,54세,중상
2017072100100313,2017년 7월 21일 14시,금요일,충청북도 청주시 상당구 용암동,경상사고,0,0,2,0,차대차 - 기타,안전운전불이행,건조,맑음,교차로 - 교차로안,승용,남,61세,상해없음,화물,남,39세,경상
2017072100100347,2017년 7월 21일 15시,금요일,충청북도 단양군 매포읍,중상사고,0,1,0,0,차대차 - 측면충돌,안전운전불이행,건조,맑음,단일로 - 기타,자전거,남,15세,중상,승용,여,59세,상해없음
2017072100100386,2017년 7월 21일 16시,금요일,충청북도 청주시 흥덕구 봉명동,경상사고,0,0,1,0,차대차 - 기타,불법유턴,건조,맑음,단일로 - 기타,승용,남,59세,상해없음,승용,남,38세,경상
2017072100100387,2017년 7월 21일 16시,금요일,충청북도 청주시 상당구 용암동,중상사고,0,1,0,0,차대차 - 측면충돌,안전운전불이행,건조,맑음,교차로 - 교차로횡단보도내,승용,여,50세,상해없음,자전거,남,10세,중상
2017072100100429,2017년 7월 21일 17시,금요일,충청북도 충주시 칠금동,경상사고,0,0,1,0,차대차 - 측면충돌,직진우회전진행방해,건조,맑음,교차로 - 교차로안,승용,여,45세,상해없음,자전거,남,14세,경상
2017072100100430,2017년 7월 21일 17시,금요일,충청북도 진천군 진천읍,경상사고,0,0,1,0,차대사람 - 보도통행중,안전운전불이행,건조,맑음,단일로 - 기타,자전거,남,26세,상해없음,보행자,여,71세,경상
2017072100100479,2017년 7월 21일 18시,금요일,충청북도 진천군 진천읍,중상사고,0,1,2,0,차대차 - 추돌,안전운전불이행,건조,맑음,단일로 - 기타,화물,남,46세,상해없음,승용,여,34세,경상
2017072100100480,2017년 7월 21일 18시,금요일,충청북도 청주시 흥덕구 복대동,경상사고,0,0,5,0,차대차 - 추돌,안전운전불이행,건조,맑음,단일로 - 기타,화물,남,57세,기타불명,승용,남,34세,경상
2017072100100551,2017년 7월 21일 20시,금요일,충청북도 청주시 흥덕구 복대동,경상사고,0,0,1,0,차대차 - 측면충돌,안전운전불이행,건조,흐림,단일로 - 기타,승용,남,38세,기타불명,승용,남,56세,경상
2017072100100552,2017년 7월 21일 20시,금요일,충청북도 청주시 흥덕구 옥산면,경상사고,0,0,2,0,차대차 - 기타,안전운전불이행,건조,맑음,교차로 - 교차로안,승용,여,42세,경상,승용,여,34세,경상
2017072100100553,2017년 7월 21일 20시,금요일,충청북도 청주시 서원구 분평동,경상사고,0,0,2,0,차대차 - 측면충돌,중앙선침범,건조,맑음,교차로 - 교차로부근,승합,여,55세,상해없음,승용,남,67세,경상
2017072100100653,2017년 7월 21일 23시,금요일,충청북도 청주시 서원구 수곡동,경상사고,0,0,1,0,차대사람 - 보도통행중,기타,건조,맑음,단일로 - 기타,승용,남,69세,상해없음,보행자,남,34세,경상
2017072200100030,2017년 7월 22일 00시,토요일,충청북도 청주시 상당구 방서동,부상신고사고,0,0,0,1,차대차 - 추돌,안전운전불이행,건조,맑음,단일로 - 교량,승용,여,43세,상해없음,승용,남,43세,부상신고
2017072200100051,2017년 7월 22일 01시,토요일,충청북도 청주시 흥덕구 복대동,경상사고,0,0,2,0,차대차 - 측면충돌,안전운전불이행,건조,맑음,단일로 - 기타,승용,기타불명,미분류,기타불명,승용,남,24세,경상
2017072200100093,2017년 7월 22일 04시,토요일,충청북도 청주시 흥덕구 복대동,경상사고,0,0,1,0,차대차 - 정면충돌,기타,건조,맑음,교차로 - 교차로안,승용,남,24세,상해없음,승합,남,55세,경상
2017072200100117,2017년 7월 22일 06시,토요일,충청북도 제천시 강제동,중상사고,0,1,0,0,차대차 - 측면충돌,과속,건조,맑음,교차로 - 교차로부근,승용,남,55세,상해없음,자전거,남,55세,중상
2017072200100137,2017년 7월 22일 07시,토요일,충청북도 청주시 청원구 내수읍,중상사고,0,1,1,0,차대차 - 측면충돌,안전운전불이행,건조,맑음,단일로 - 기타,원동기,남,68세,중상,화물,남,57세,상해없음
2017072200100178,2017년 7월 22일 09시,토요일,충청북도 음성군 대소면,경상사고,0,0,2,0,차대차 - 측면충돌,안전운전불이행,건조,맑음,단일로 - 기타,승용,여,51세,경상,승용,남,34세,경상
2017072200100179,2017년 7월 22일 09시,토요일,충청북도 청주시 상당구 남문로1가동,경상사고,0,0,1,0,차대차 - 기타,안전거리미확보,건조,맑음,교차로 - 교차로부근,승용,남,69세,상해없음,승합,남,56세,상해없음
2017072200100194,2017년 7월 22일 10시,토요일,충청북도 영동군 영동읍,경상사고,0,0,1,0,차대차 - 기타,안전운전불이행,건조,맑음,교차로 - 교차로부근,화물,남,62세,상해없음,승용,남,49세,경상
2017072200100228,2017년 7월 22일 11시,토요일,충청북도 청주시 청원구 주성동,경상사고,0,0,1,0,차대차 - 측면충돌,직진우회전진행방해,건조,맑음,교차로 - 교차로안,원동기,남,60세,경상,승용,여,35세,상해없음
2017072200100229,2017년 7월 22일 11시,토요일,충청북도 영동군 양강면,경상사고,0,0,2,0,차대차 - 정면충돌,안전운전불이행,건조,맑음,단일로 - 기타,화물,남,62세,상해없음,승용,남,47세,경상
2017072200100325,2017년 7월 22일 13시,토요일,충청북도 충주시 칠금동,부상신고사고,0,0,0,1,차대차 - 기타,중앙선침범,건조,흐림,단일로 - 기타,원동기,남,48세,부상신고,승용,여,44세,상해없음
2017072200100326,2017년 7월 22일 13시,토요일,충청북도 음성군 금왕읍,경상사고,0,0,2,0,차대차 - 측면충돌,신호위반,건조,맑음,교차로 - 교차로안,이륜,남,68세,상해없음,승용,여,52세,경상
2017072200100327,2017년 7월 22일 13시,토요일,충청북도 청주시 서원구 수곡동,중상사고,0,1,0,0,차대차 - 측면충돌,안전운전불이행,건조,맑음,교차로 - 교차로부근,이륜,남,47세,중상,승용,남,61세,상해없음
2017072200100359,2017년 7월 22일 14시,토요일,충청북도 충주시 산척면,중상사고,0,1,4,0,차대차 - 추돌,안전운전불이행,건조,맑음,교차로 - 교차로부근,승용,남,60세,상해없음,승용,남,48세,경상
2017072200100398,2017년 7월 22일 15시,토요일,충청북도 괴산군 괴산읍,경상사고,0,0,9,1,차대차 - 측면충돌,교차로운행방법위반,건조,맑음,교차로 - 교차로안,승용,여,25세,경상,승용,여,51세,경상
2017072200100430,2017년 7월 22일 16시,토요일,충청북도 청주시 흥덕구 복대동,경상사고,0,0,1,0,차대차 - 측면충돌,안전운전불이행,건조,맑음,교차로 - 교차로부근,승용,남,49세,상해없음,원동기,남,36세,경상
2017072200100465,2017년 7월 22일 17시,토요일,충청북도 제천시 봉양읍,경상사고,0,0,2,0,차대차 - 추돌,안전운전불이행,건조,맑음,교차로 - 교차로부근,승용,남,53세,상해없음,승용,여,54세,경상
2017072200100466,2017년 7월 22일 17시,토요일,충청북도 음성군 감곡면,중상사고,0,1,0,0,차대사람 - 횡단중,안전운전불이행,건조,맑음,단일로 - 기타,승용,남,59세,상해없음,보행자,남,16세,중상
2017072200100467,2017년 7월 22일 17시,토요일,충청북도 청주시 상당구 미원면,경상사고,0,0,6,0,차대차 - 추돌,안전운전불이행,젖음/습기,흐림,단일로 - 기타,화물,남,49세,상해없음,승용,남,40세,경상
2017072200100508,2017년 7월 22일 18시,토요일,충청북도 충주시 교현동,경상사고,0,0,3,0,차대차 - 기타,안전운전불이행,건조,흐림,교차로 - 교차로부근,승용,남,58세,상해없음,승용,남,23세,경상
2017072200100551,2017년 7월 22일 19시,토요일,충청북도 제천시 백운면,경상사고,0,0,2,0,차대차 - 측면충돌,안전운전불이행,건조,흐림,단일로 - 기타,승용,남,18세,경상,승용,남,43세,경상
2017072200100587,2017년 7월 22일 20시,토요일,충청북도 청주시 서원구 사직동,경상사고,0,0,1,0,차대차 - 측면충돌,직진우회전진행방해,건조,맑음,교차로 - 교차로안,승용,남,36세,상해없음,승용,남,56세,상해없음
2017072200100588,2017년 7월 22일 20시,토요일,충청북도 제천시 화산동,중상사고,0,1,4,0,차대차 - 측면충돌,기타,젖음/습기,비,교차로 - 교차로안,승용,여,56세,경상,승용,남,27세,경상
2017072200100589,2017년 7월 22일 20시,토요일,충청북도 괴산군 청천면,경상사고,0,0,1,0,차대차 - 측면충돌,안전운전불이행,건조,맑음,단일로 - 기타,화물,남,59세,상해없음,승용,남,30세,경상
2017072200100613,2017년 7월 22일 21시,토요일,충청북도 청주시 서원구 사직동,경상사고,0,0,4,0,차대차 - 측면충돌,안전운전불이행,건조,맑음,단일로 - 기타,승용,남,47세,상해없음,승용,남,54세,상해없음
2017072200100655,2017년 7월 22일 23시,토요일,충청북도 충주시 연수동,경상사고,0,0,1,0,차대차 - 기타,신호위반,건조,맑음,교차로 - 교차로안,승용,남,54세,상해없음,이륜,남,21세,경상
2017072300100040,2017년 7월 23일 01시,일요일,충청북도 청주시 상당구 용암동,경상사고,0,0,2,0,차대차 - 측면충돌,신호위반,건조,맑음,교차로 - 교차로안,화물,남,28세,상해없음,승용,남,23세,경상
2017072300100041,2017년 7월 23일 01시,일요일,충청북도 청주시 서원구 분평동,중상사고,0,2,3,0,차대차 - 측면충돌,신호위반,건조,맑음,교차로 - 교차로안,이륜,남,16세,중상,승용,여,21세,경상
2017072300100081,2017년 7월 23일 04시,일요일,충청북도 청주시 청원구 우암동,경상사고,0,0,1,0,차대사람 - 기타,안전운전불이행,건조,맑음,교차로 - 교차로부근,승용,남,58세,상해없음,보행자,남,63세,경상
2017072300100116,2017년 7월 23일 08시,일요일,충청북도 청주시 서원구 사창동,중상사고,0,1,0,0,차대사람 - 횡단중,안전운전불이행,건조,맑음,단일로 - 기타,승용,남,58세,상해없음,보행자,남,29세,중상
2017072300100133,2017년 7월 23일 09시,일요일,충청북도 제천시 고암동,경상사고,0,0,1,0,차대차 - 측면충돌,직진우회전진행방해,젖음/습기,비,교차로 - 교차로안,승용,남,68세,상해없음,승용,여,61세,경상
2017072300100134,2017년 7월 23일 09시,일요일,충청북도 영동군 양산면,사망사고,1,0,0,0,차량단독 - 도로외이탈 - 기타,안전운전불이행,건조,맑음,단일로 - 기타,승용,여,64세,사망,,,,
2017072300100148,2017년 7월 23일 10시,일요일,충청북도 청주시 흥덕구 비하동,경상사고,0,0,1,0,차대차 - 정면충돌,안전운전불이행,젖음/습기,비,교차로 - 교차로안,승용,여,44세,상해없음,승용,남,61세,경상
2017072300100172,2017년 7월 23일 11시,일요일,충청북도 청주시 청원구 오창읍,경상사고,0,0,1,0,차대차 - 후진중충돌,안전운전불이행,젖음/습기,비,단일로 - 기타,승용,남,64세,상해없음,승용,남,41세,상해없음
2017072300100173,2017년 7월 23일 11시,일요일,충청북도 옥천군 옥천읍,경상사고,0,0,1,0,차대사람 - 기타,안전운전불이행,젖음/습기,비,단일로 - 기타,승용,남,53세,상해없음,보행자,남,41세,경상
2017072300100194,2017년 7월 23일 12시,일요일,충청북도 제천시 영천동,중상사고,0,1,0,0,차대차 - 추돌,안전운전불이행,젖음/습기,비,단일로 - 기타,이륜,남,46세,중상,화물,남,43세,기타불명
2017072300100195,2017년 7월 23일 12시,일요일,충청북도 제천시 영천동,경상사고,0,0,1,0,차대차 - 측면충돌,안전운전불이행,건조,맑음,교차로 - 교차로안,이륜,남,25세,경상,승용,남,34세,상해없음
2017072300100224,2017년 7월 23일 13시,일요일,충청북도 청주시 서원구 사창동,경상사고,0,0,1,0,차대차 - 기타,안전운전불이행,젖음/습기,흐림,단일로 - 기타,이륜,남,32세,경상,승용,남,61세,상해없음
2017072300100225,2017년 7월 23일 13시,일요일,충청북도 충주시 중앙탑면,중상사고,0,1,1,0,차대차 - 정면충돌,중앙선침범,젖음/습기,비,기타 - 기타,승용,남,59세,상해없음,승용,여,34세,중상
2017072300100294,2017년 7월 23일 16시,일요일,충청북도 청주시 청원구 내수읍,경상사고,0,0,1,0,차대차 - 기타,신호위반,건조,맑음,교차로 - 교차로안,화물,남,55세,상해없음,승용,남,25세,경상
2017072300100323,2017년 7월 23일 17시,일요일,충청북도 보은군 삼승면,경상사고,0,0,2,0,차대차 - 측면충돌,신호위반,건조,맑음,교차로 - 교차로안,승용,여,60세,상해없음,승합,남,51세,상해없음
2017072300100324,2017년 7월 23일 17시,일요일,충청북도 청주시 흥덕구 봉명동,부상신고사고,0,0,0,1,차대차 - 측면충돌,안전운전불이행,건조,맑음,단일로 - 기타,자전거,여,54세,부상신고,승용,남,41세,상해없음
2017072300100325,2017년 7월 23일 17시,일요일,충청북도 청주시 흥덕구 가경동,중상사고,0,1,0,0,차대차 - 측면충돌,신호위반,건조,맑음,교차로 - 교차로안,승용,여,58세,상해없음,이륜,남,25세,중상
2017072300100381,2017년 7월 23일 19시,일요일,충청북도 옥천군 군서면,중상사고,0,1,0,0,차대차 - 측면충돌,안전거리미확보,건조,맑음,단일로 - 기타,화물,남,59세,상해없음,이륜,남,50세,중상
2017072300100382,2017년 7월 23일 19시,일요일,충청북도 청주시 흥덕구 비하동,경상사고,0,0,1,0,차대차 - 측면충돌,안전운전불이행,건조,맑음,교차로 - 교차로안,이륜,남,19세,경상,승용,남,29세,상해없음
2017072300100406,2017년 7월 23일 20시,일요일,충청북도 제천시 명동,부상신고사고,0,0,0,1,차대차 - 측면충돌,안전운전불이행,젖음/습기,비,교차로 - 교차로안,이륜,남,17세,부상신고,승용,여,61세,상해없음
2017072300100407,2017년 7월 23일 20시,일요일,충청북도 청주시 상당구 용담동,경상사고,0,0,5,0,차대차 - 추돌,안전운전불이행,건조,맑음,교차로 - 교차로부근,승합,남,46세,상해없음,승용,남,37세,경상
2017072300100433,2017년 7월 23일 21시,일요일,충청북도 옥천군 옥천읍,중상사고,0,1,0,0,차대사람 - 횡단중,보행자보호의무위반,건조,맑음,교차로 - 교차로안,승용,남,45세,상해없음,보행자,여,83세,중상
2017072300100454,2017년 7월 23일 22시,일요일,충청북도 충주시 칠금동,경상사고,0,0,5,0,차대차 - 기타,교차로운행방법위반,건조,흐림,교차로 - 교차로안,승용,남,21세,경상,승합,남,53세,경상
2017072400100061,2017년 7월 24일 03시,월요일,충청북도 제천시 백운면,경상사고,0,0,1,0,차량단독 - 기타,안전운전불이행,젖음/습기,비,단일로 - 기타,승용,여,32세,경상,,,,
2017072400100083,2017년 7월 24일 06시,월요일,충청북도 청주시 상당구 용암동,경상사고,0,0,1,0,차대차 - 기타,안전운전불이행,건조,맑음,교차로 - 교차로안,화물,남,69세,상해없음,승합,남,58세,상해없음
2017072400100120,2017년 7월 24일 08시,월요일,충청북도 괴산군 연풍면,중상사고,0,1,0,0,차대차 - 측면충돌,중앙선침범,건조,맑음,교차로 - 교차로부근,이륜,남,76세,중상,기타불명,기타불명,미분류,기타불명
2017072400100161,2017년 7월 24일 09시,월요일,충청북도 충주시 문화동,중상사고,0,2,0,0,차대차 - 측면충돌,교차로운행방법위반,건조,흐림,교차로 - 교차로안,승용,여,34세,상해없음,원동기,남,81세,중상
2017072400100162,2017년 7월 24일 09시,월요일,충청북도 청주시 흥덕구 신봉동,경상사고,0,0,2,0,차대차 - 측면충돌,안전거리미확보,건조,맑음,단일로 - 기타,승용,남,62세,경상,승용,남,40세,경상
2017072400100194,2017년 7월 24일 10시,월요일,충청북도 충주시 칠금동,중상사고,0,1,0,1,차대차 - 측면충돌,신호위반,젖음/습기,비,교차로 - 교차로안,승용,남,72세,부상신고,화물,남,65세,중상
2017072400100218,2017년 7월 24일 11시,월요일,충청북도 청주시 청원구 율량동,경상사고,0,0,1,0,차대사람 - 횡단중,안전운전불이행,건조,맑음,단일로 - 기타,승용,여,45세,상해없음,보행자,남,47세,경상
2017072400100219,2017년 7월 24일 11시,월요일,충청북도 제천시 대랑동,경상사고,0,0,1,0,차대차 - 추돌,안전거리미확보,젖음/습기,비,단일로 - 기타,건설기계,남,58세,상해없음,승용,남,68세,경상
2017072400100252,2017년 7월 24일 12시,월요일,충청북도 괴산군 괴산읍,경상사고,0,0,2,0,차량단독 - 전도전복 - 전도,안전운전불이행,젖음/습기,흐림,단일로 - 기타,화물,남,32세,경상,,,,
2017072400100253,2017년 7월 24일 12시,월요일,충청북도 청주시 상당구 석교동,중상사고,0,1,0,0,차대사람 - 횡단중,안전운전불이행,건조,맑음,단일로 - 기타,승합,남,52세,상해없음,보행자,여,81세,중상
2017072400100274,2017년 7월 24일 13시,월요일,충청북도 충주시 안림동,부상신고사고,0,0,0,1,차량단독 - 전도전복,안전운전불이행,젖음/습기,비,단일로 - 기타,승용,남,19세,부상신고,미분류,미분류,미분류,미분류
2017072400100275,2017년 7월 24일 13시,월요일,충청북도 충주시 연수동,경상사고,0,0,2,0,차대차 - 정면충돌,안전운전불이행,젖음/습기,비,단일로 - 기타,승용,여,30세,상해없음,승용,여,42세,경상
2017072400100276,2017년 7월 24일 13시,월요일,충청북도 괴산군 청천면,중상사고,0,1,0,0,차대차 - 정면충돌,중앙선침범,젖음/습기,비,단일로 - 기타,승용,여,48세,상해없음,승용,여,51세,중상
2017072400100338,2017년 7월 24일 15시,월요일,충청북도 청주시 서원구 수곡동,경상사고,0,0,1,0,차대차 - 후진중충돌,안전운전불이행,젖음/습기,비,주차장 - 주차장,이륜,남,44세,기타불명,승용,남,54세,경상
2017072400100381,2017년 7월 24일 16시,월요일,충청북도 청주시 서원구 사직동,경상사고,0,0,2,0,차대사람 - 기타,안전운전불이행,건조,맑음,단일로 - 기타,승용,남,69세,상해없음,보행자,여,32세,경상
2017072400100382,2017년 7월 24일 16시,월요일,충청북도 청주시 서원구 사직동,경상사고,0,0,3,0,차대차 - 측면충돌,교차로운행방법위반,건조,맑음,교차로 - 교차로안,승용,여,28세,상해없음,승용,여,46세,경상
2017072400100383,2017년 7월 24일 16시,월요일,충청북도 제천시 백운면,중상사고,0,1,0,0,차량단독 - 전도전복,안전운전불이행,젖음/습기,비,단일로 - 기타,승용,남,45세,중상,미분류,미분류,미분류,미분류
2017072400100384,2017년 7월 24일 16시,월요일,충청북도 청주시 서원구 수곡동,중상사고,0,1,0,0,차량단독 - 전도전복 - 전도,안전운전불이행,건조,맑음,교차로 - 교차로안,승용,여,63세,중상,,,,
2017072400100385,2017년 7월 24일 16시,월요일,충청북도 청주시 상당구 용암동,중상사고,0,1,0,0,차대사람 - 횡단중,기타,건조,맑음,단일로 - 기타,승합,남,54세,상해없음,보행자,여,57세,중상
2017072400100421,2017년 7월 24일 17시,월요일,충청북도 청주시 서원구 사직동,경상사고,0,0,2,0,차대차 - 측면충돌,안전거리미확보,건조,맑음,교차로 - 교차로부근,승용,남,19세,상해없음,승용,남,50세,경상
2017072400100422,2017년 7월 24일 17시,월요일,충청북도 제천시 청전동,경상사고,0,0,1,0,차대차 - 정면충돌,안전운전불이행,젖음/습기,비,단일로 - 기타,원동기,남,17세,상해없음,승용,남,33세,기타불명
2017072400100481,2017년 7월 24일 19시,월요일,충청북도 제천시 장락동,경상사고,0,0,1,0,차대차 - 추돌,안전운전불이행,젖음/습기,비,교차로 - 교차로부근,승용,남,69세,상해없음,이륜,남,56세,경상
2017072400100537,2017년 7월 24일 21시,월요일,충청북도 음성군 금왕읍,중상사고,0,1,0,0,차대사람 - 횡단중,안전운전불이행,젖음/습기,비,단일로 - 기타,승용,남,53세,상해없음,보행자,남,50세,중상
2017072400100589,2017년 7월 24일 23시,월요일,충청북도 충주시 문화동,경상사고,0,0,1,1,차대차 - 기타,신호위반,젖음/습기,비,교차로 - 교차로안,승용,남,42세,부상신고,승용,남,43세,경상
2017072400100590,2017년 7월 24일 23시,월요일,충청북도 진천군 광혜원면,경상사고,0,0,1,0,차대사람 - 횡단중,안전운전불이행,건조,맑음,단일로 - 기타,승용,남,59세,상해없음,보행자,남,24세,경상
2017072400100591,2017년 7월 24일 23시,월요일,충청북도 청주시 흥덕구 봉명동,경상사고,0,0,1,0,차대사람 - 횡단중,교차로운행방법위반,젖음/습기,비,교차로 - 교차로안,승용,남,21세,상해없음,보행자,여,48세,경상
2017072400100592,2017년 7월 24일 23시,월요일,충청북도 청주시 흥덕구 비하동,경상사고,0,0,1,0,차대차 - 정면충돌,불법유턴,젖음/습기,비,교차로 - 교차로안,승용,남,67세,상해없음,이륜,남,19세,경상
2017072500100079,2017년 7월 25일 06시,화요일,충청북도 청주시 청원구 내덕동,중상사고,0,1,1,0,차대차 - 측면충돌,안전운전불이행,젖음/습기,비,단일로 - 기타,승합,남,37세,상해없음,화물,남,55세,중상
2017072500100080,2017년 7월 25일 06시,화요일,충청북도 제천시 강제동,경상사고,0,0,2,0,차대차 - 추돌,안전운전불이행,건조,맑음,단일로 - 기타,화물,남,38세,경상,화물,남,53세,경상
2017072500100099,2017년 7월 25일 07시,화요일,충청북도 충주시 안림동,중상사고,0,2,0,0,차대차 - 측면충돌,신호위반,건조,맑음,교차로 - 교차로안,승용,여,63세,중상,승용,남,40세,중상
2017072500100100,2017년 7월 25일 07시,화요일,충청북도 음성군 대소면,중상사고,0,1,1,0,차대차 - 측면충돌,신호위반,건조,맑음,교차로 - 교차로안,승용,여,37세,경상,승용,여,41세,중상
2017072500100101,2017년 7월 25일 07시,화요일,충청북도 진천군 덕산면,중상사고,0,1,1,0,차대차 - 측면충돌,교차로운행방법위반,건조,맑음,교차로 - 교차로안,승용,남,51세,경상,승용,남,45세,중상
2017072500100138,2017년 7월 25일 08시,화요일,충청북도 청주시 흥덕구 비하동,경상사고,0,0,1,1,차대차 - 기타,신호위반,건조,맑음,단일로 - 기타,승용,남,63세,부상신고,승용,남,32세,경상
2017072500100171,2017년 7월 25일 09시,화요일,충청북도 단양군 단양읍,중상사고,0,1,0,0,차대차 - 기타,직진우회전진행방해,건조,맑음,교차로 - 교차로안,승용,남,81세,상해없음,화물,남,70세,중상
2017072500100200,2017년 7월 25일 10시,화요일,충청북도 청주시 흥덕구 송정동,경상사고,0,0,2,0,차대차 - 측면충돌,교차로운행방법위반,건조,맑음,교차로 - 교차로안,승용,남,22세,경상,화물,남,48세,경상
2017072500100254,2017년 7월 25일 12시,화요일,충청북도 충주시 호암동,경상사고,0,0,1,0,차대차 - 기타,안전운전불이행,건조,맑음,단일로 - 기타,화물,남,63세,상해없음,승합,남,47세,상해없음
2017072500100255,2017년 7월 25일 12시,화요일,충청북도 충주시 교현동,중상사고,0,1,0,0,차대차 - 정면충돌,직진우회전진행방해,건조,맑음,교차로 - 교차로안,승용,남,78세,상해없음,화물,남,60세,중상
2017072500100256,2017년 7월 25일 12시,화요일,충청북도 청주시 흥덕구 복대동,중상사고,0,1,1,0,차대사람 - 횡단중,보행자보호의무위반,건조,맑음,교차로 - 교차로횡단보도내,특수,남,23세,상해없음,보행자,여,6세,중상
2017072500100290,2017년 7월 25일 13시,화요일,충청북도 청주시 흥덕구 강내면,중상사고,0,1,0,0,차대차 - 측면충돌,안전운전불이행,건조,맑음,단일로 - 기타,승합,남,59세,상해없음,이륜,남,76세,중상
2017072500100326,2017년 7월 25일 14시,화요일,충청북도 청주시 청원구 내덕동,중상사고,0,1,0,0,차량단독 - 전도전복 - 전도,안전운전불이행,기타,맑음,교차로 - 교차로안,원동기,남,67세,중상,,,,
2017072500100362,2017년 7월 25일 15시,화요일,충청북도 음성군 맹동면,경상사고,0,0,2,0,차대차 - 측면충돌,교차로운행방법위반,건조,맑음,교차로 - 교차로안,승용,남,57세,경상,승용,남,36세,경상
2017072500100363,2017년 7월 25일 15시,화요일,충청북도 청주시 흥덕구 봉명동,경상사고,0,0,1,0,차대차 - 추돌,안전운전불이행,건조,맑음,교차로 - 교차로부근,승용,여,27세,상해없음,승용,여,51세,경상
2017072500100364,2017년 7월 25일 15시,화요일,충청북도 청주시 상당구 낭성면,경상사고,0,0,1,0,차대차 - 측면충돌,안전운전불이행,건조,맑음,단일로 - 기타,승용,남,61세,상해없음,승용,여,53세,경상
2017072500100408,2017년 7월 25일 16시,화요일,충청북도 청주시 청원구 율량동,경상사고,0,0,1,0,차대차 - 후진중충돌,안전운전불이행,건조,맑음,단일로 - 기타,승용,여,62세,상해없음,이륜,남,36세,경상
2017072500100409,2017년 7월 25일 16시,화요일,충청북도 청주시 청원구 오창읍,경상사고,0,0,1,0,차대차 - 측면충돌,신호위반,건조,맑음,교차로 - 교차로안,승용,남,64세,기타불명,승용,남,52세,경상
2017072500100410,2017년 7월 25일 16시,화요일,충청북도 음성군 금왕읍,중상사고,0,1,0,0,차대사람 - 횡단중,안전운전불이행,건조,맑음,교차로 - 교차로부근,승용,남,53세,상해없음,보행자,여,61세,중상
2017072500100411,2017년 7월 25일 16시,화요일,충청북도 청주시 흥덕구 가경동,경상사고,0,0,1,0,차대차 - 측면충돌,안전거리미확보,건조,맑음,단일로 - 기타,승용,여,42세,상해없음,승용,여,47세,경상