사고번호,사고일시,요일,시군구,사고내용,사망자수,중상자수,경상자수,부상신고자수,사고유형,법규위반,노면상태,기상상태,도로형태,가해운전자 차종,가해운전자 성별,가해운전자 연령,가해운전자 상해정도,피해운전자 차종,피해운전자 성별,피해운전자 연령,피해운전자 상해정도
2017072500100412,2017년 7월 25일 16시,화요일,충청북도 청주시 상당구 용암동,중상사고,0,1,0,0,차대차 - 측면충돌,교차로운행방법위반,건조,맑음,교차로 - 교차로안,승합,남,31세,상해없음,이륜,남,57세,중상
2017072500100413,2017년 7월 25일 16시,화요일,충청북도 청주시 서원구 산남동,경상사고,0,0,3,0,차대차 - 측면충돌,안전거리미확보,건조,맑음,교차로 - 교차로부근,승용,남,57세,상해없음,승용,남,68세,경상
2017072500100448,2017년 7월 25일 17시,화요일,충청북도 청주시 서원구 남이면,경상사고,0,0,3,0,차대차 - 측면충돌,안전거리미확보,건조,맑음,단일로 - 기타,승용,남,53세,경상,화물,남,55세,경상
2017072500100489,2017년 7월 25일 18시,화요일,충청북도 진천군 광혜원면,경상사고,0,0,1,0,차대차 - 기타,신호위반,건조,기타,교차로 - 교차로안,이륜,남,56세,상해없음,승용,남,34세,경상
2017072500100490,2017년 7월 25일 18시,화요일,충청북도 청주시 흥덕구 송정동,경상사고,0,0,2,0,차대차 - 측면충돌,교차로운행방법위반,건조,맑음,교차로 - 교차로안,승용,여,26세,상해없음,승용,남,56세,상해없음
2017072500100525,2017년 7월 25일 19시,화요일,충청북도 청주시 흥덕구 가경동,중상사고,0,1,0,0,차대차 - 측면충돌,안전운전불이행,건조,맑음,교차로 - 교차로안,승용,남,46세,상해없음,승용,여,47세,중상
2017072500100549,2017년 7월 25일 20시,화요일,충청북도 청주시 상당구 문의면,중상사고,0,1,0,0,차대차 - 측면충돌,중앙선침범,건조,맑음,단일로 - 기타,화물,남,60세,상해없음,승합,남,58세,중상
2017072500100550,2017년 7월 25일 20시,화요일,충청북도 청주시 서원구 분평동,경상사고,0,0,2,0,차대차 - 추돌,안전거리미확보,건조,맑음,단일로 - 기타,승용,남,65세,상해없음,승용,남,54세,경상
2017072500100610,2017년 7월 25일 22시,화요일,충청북도 충주시 금릉동,경상사고,0,0,1,0,차대차 - 측면충돌,직진우회전진행방해,건조,맑음,교차로 - 교차로부근,승용,남,45세,상해없음,승용,남,59세,경상
2017072500100611,2017년 7월 25일 22시,화요일,충청북도 청주시 흥덕구 복대동,중상사고,0,1,0,0,차대차 - 기타,중앙선침범,건조,맑음,단일로 - 기타,승용,남,24세,상해없음,이륜,남,47세,중상
2017072500100612,2017년 7월 25일 22시,화요일,충청북도 청주시 흥덕구 가경동,중상사고,0,1,0,0,차대차 - 추돌,안전운전불이행,건조,맑음,단일로 - 기타,승용,남,54세,상해없음,승용,여,56세,중상
2017072500100641,2017년 7월 25일 23시,화요일,충청북도 청주시 서원구 산남동,부상신고사고,0,0,0,1,차대사람 - 횡단중,안전운전불이행,건조,맑음,단일로 - 기타,자전거,남,44세,부상신고,보행자,남,21세,상해없음
2017072600100064,2017년 7월 26일 04시,수요일,충청북도 진천군 광혜원면,중상사고,0,1,0,0,차대차 - 기타,안전운전불이행,건조,맑음,단일로 - 기타,승용,여,39세,상해없음,농기계,남,65세,중상
2017072600100076,2017년 7월 26일 05시,수요일,충청북도 청주시 서원구 산남동,경상사고,0,0,1,0,차량단독 - 공작물충돌,안전운전불이행,건조,맑음,단일로 - 기타,화물,남,42세,경상,,,,
2017072600100108,2017년 7월 26일 07시,수요일,충청북도 청주시 청원구 내수읍,경상사고,0,0,1,0,차대차 - 측면충돌,안전운전불이행,건조,맑음,교차로 - 교차로안,승용,남,69세,상해없음,승용,남,57세,경상
2017072600100109,2017년 7월 26일 07시,수요일,충청북도 충주시 연수동,경상사고,0,0,1,0,차대사람 - 횡단중,보행자보호의무위반,건조,맑음,교차로 - 교차로횡단보도내,승용,남,45세,상해없음,보행자,여,43세,경상
2017072600100131,2017년 7월 26일 08시,수요일,충청북도 청주시 서원구 개신동,경상사고,0,0,1,0,차대차 - 기타,안전거리미확보,건조,맑음,교차로 - 교차로부근,승합,남,56세,상해없음,승용,남,35세,경상
2017072600100132,2017년 7월 26일 08시,수요일,충청북도 충주시 금릉동,중상사고,0,3,3,3,차대차 - 측면충돌,교차로운행방법위반,건조,맑음,교차로 - 교차로안,승용,여,48세,상해없음,승합,남,49세,상해없음
2017072600100133,2017년 7월 26일 08시,수요일,충청북도 청주시 서원구 남이면,경상사고,0,0,1,0,차대차 - 기타,안전거리미확보,건조,맑음,단일로 - 기타,승합,남,50세,상해없음,이륜,남,56세,경상
2017072600100134,2017년 7월 26일 08시,수요일,충청북도 청주시 상당구 영운동,경상사고,0,0,1,0,차대차 - 측면충돌,안전운전불이행,건조,맑음,교차로 - 교차로안,승용,남,57세,상해없음,자전거,남,80세,경상
2017072600100138,2017년 7월 26일 08시,수요일,충청북도 영동군 용산면,경상사고,0,0,1,0,차대차 - 기타,안전운전불이행,건조,맑음,단일로 - 기타,화물,남,53세,기타불명,기타불명,기타불명,미분류,기타불명
2017072600100240,2017년 7월 26일 11시,수요일,충청북도 괴산군 괴산읍,경상사고,0,0,1,0,차대차 - 정면충돌,직진우회전진행방해,건조,맑음,교차로 - 교차로안,승용,남,58세,상해없음,승용,남,60세,경상
2017072600100241,2017년 7월 26일 11시,수요일,충청북도 청주시 흥덕구 오송읍,경상사고,0,0,2,0,차대차 - 측면충돌,안전운전불이행,건조,맑음,교차로 - 교차로안,화물,남,52세,경상,승용,남,52세,경상
2017072600100242,2017년 7월 26일 11시,수요일,충청북도 청주시 서원구 성화동,중상사고,0,1,0,0,차대차 - 측면충돌,차로위반,건조,맑음,교차로 - 교차로부근,승용,남,61세,상해없음,승용,남,26세,중상
2017072600100276,2017년 7월 26일 12시,수요일,충청북도 음성군 원남면,경상사고,0,0,1,0,차대차 - 측면충돌,신호위반,건조,맑음,교차로 - 교차로안,승합,남,55세,상해없음,승용,남,18세,경상
2017072600100304,2017년 7월 26일 13시,수요일,충청북도 진천군 이월면,경상사고,0,0,1,0,차대차 - 측면충돌,안전운전불이행,건조,맑음,단일로 - 기타,승용,여,57세,상해없음,이륜,남,63세,경상
2017072600100340,2017년 7월 26일 14시,수요일,충청북도 충주시 교현동,부상신고사고,0,0,0,1,차대차 - 기타,안전거리미확보,건조,맑음,교차로 - 교차로부근,원동기,여,68세,부상신고,승용,여,46세,상해없음
2017072600100341,2017년 7월 26일 14시,수요일,충청북도 청주시 흥덕구 복대동,경상사고,0,0,2,0,차대차 - 기타,안전운전불이행,건조,맑음,단일로 - 기타,승합,남,65세,상해없음,이륜,남,56세,경상
2017072600100366,2017년 7월 26일 15시,수요일,충청북도 청주시 상당구 북문로2가동,경상사고,0,0,2,0,차대차 - 측면충돌,안전운전불이행,건조,맑음,교차로 - 교차로부근,승용,남,62세,상해없음,승용,남,36세,경상
2017072600100367,2017년 7월 26일 15시,수요일,충청북도 청주시 서원구 사창동,경상사고,0,0,1,0,차대차 - 기타,안전거리미확보,건조,맑음,단일로 - 기타,승용,남,57세,상해없음,승용,여,36세,경상
2017072600100368,2017년 7월 26일 15시,수요일,충청북도 충주시 주덕읍,경상사고,0,0,1,0,차대차 - 측면충돌,안전운전불이행,건조,맑음,단일로 - 기타,승용,남,30세,상해없음,승용,여,29세,경상
2017072600100539,2017년 7월 26일 19시,수요일,충청북도 충주시 교현동,중상사고,0,1,0,0,차대사람 - 횡단중,안전운전불이행,건조,맑음,교차로 - 교차로안,승합,남,71세,상해없음,보행자,여,69세,중상
2017072600100540,2017년 7월 26일 19시,수요일,충청북도 보은군 장안면,경상사고,0,0,1,0,차대차 - 기타,안전운전불이행,건조,맑음,단일로 - 기타,승용,여,35세,상해없음,이륜,남,59세,경상
2017072600100541,2017년 7월 26일 19시,수요일,충청북도 진천군 문백면,경상사고,0,0,1,0,차대차 - 기타,안전운전불이행,건조,맑음,교차로 - 교차로안,자전거,남,27세,경상,화물,남,67세,상해없음
2017072600100570,2017년 7월 26일 20시,수요일,충청북도 음성군 금왕읍,중상사고,0,1,0,0,차량단독 - 전도전복 - 전도,안전운전불이행,건조,맑음,교차로 - 교차로부근,자전거,남,40세,중상,,,,
2017072600100571,2017년 7월 26일 20시,수요일,충청북도 청주시 흥덕구 옥산면,경상사고,0,0,1,0,차대차 - 측면충돌,교차로운행방법위반,건조,맑음,교차로 - 교차로안,승용,남,28세,상해없음,승용,남,44세,경상
2017072600100572,2017년 7월 26일 20시,수요일,충청북도 청주시 상당구 탑동,경상사고,0,0,1,0,차대사람 - 횡단중,안전운전불이행,건조,맑음,단일로 - 기타,승합,여,56세,상해없음,보행자,여,60세,경상
2017072600100638,2017년 7월 26일 22시,수요일,충청북도 청주시 청원구 주중동,중상사고,0,1,2,0,차대차 - 정면충돌,안전운전불이행,건조,맑음,교차로 - 교차로부근,승합,남,51세,상해없음,승용,여,48세,중상
2017072600100639,2017년 7월 26일 22시,수요일,충청북도 청주시 흥덕구 복대동,경상사고,0,0,1,0,차대사람 - 횡단중,보행자보호의무위반,건조,맑음,교차로 - 교차로횡단보도내,승용,여,23세,상해없음,보행자,여,17세,경상
2017072600100641,2017년 7월 26일 22시,수요일,충청북도 청주시 흥덕구 석소동,경상사고,0,0,4,0,차대차 - 추돌,안전운전불이행,젖음/습기,비,단일로 - 기타,화물,남,47세,상해없음,승용,남,35세,경상
2017072600100668,2017년 7월 26일 23시,수요일,충청북도 청주시 서원구 사직동,중상사고,0,1,0,0,차대차 - 기타,신호위반,건조,맑음,교차로 - 교차로안,자전거,남,48세,중상,승용,남,27세,상해없음
2017072600100669,2017년 7월 26일 23시,수요일,충청북도 충주시 대소원면,경상사고,0,0,2,0,차대차 - 기타,안전운전불이행,건조,맑음,교차로 - 교차로부근,승용,남,50세,상해없음,승용,남,44세,경상
2017072700100117,2017년 7월 27일 07시,목요일,충청북도 단양군 단양읍,사망사고,2,1,0,0,차대차 - 정면충돌,중앙선침범,건조,맑음,단일로 - 기타,화물,남,43세,사망,건설기계,남,55세,사망
2017072700100118,2017년 7월 27일 07시,목요일,충청북도 청주시 흥덕구 오송읍,경상사고,0,0,1,0,차대차 - 측면충돌,교차로운행방법위반,건조,맑음,교차로 - 교차로안,승용,여,42세,상해없음,승용,남,57세,경상
2017072700100144,2017년 7월 27일 08시,목요일,충청북도 청주시 흥덕구 향정동,중상사고,0,1,0,0,차대차 - 기타,안전운전불이행,건조,맑음,단일로 - 기타,승용,남,74세,상해없음,승용,남,37세,중상
2017072700100182,2017년 7월 27일 09시,목요일,충청북도 진천군 문백면,중상사고,0,1,1,0,차대차 - 추돌,차로위반,건조,맑음,단일로 - 기타,화물,남,53세,경상,승합,남,35세,중상
2017072700100183,2017년 7월 27일 09시,목요일,충청북도 청주시 서원구 개신동,부상신고사고,0,0,0,1,차대차 - 기타,안전운전불이행,건조,맑음,단일로 - 기타,자전거,남,78세,부상신고,승용,여,65세,상해없음
2017072700100209,2017년 7월 27일 10시,목요일,충청북도 충주시 교현동,경상사고,0,0,2,0,차대차 - 측면충돌,교차로운행방법위반,건조,맑음,교차로 - 교차로안,승용,여,23세,상해없음,원동기,남,17세,경상
2017072700100210,2017년 7월 27일 10시,목요일,충청북도 괴산군 청천면,중상사고,0,2,0,0,차대차 - 측면충돌,안전운전불이행,건조,맑음,단일로 - 기타,사륜오토바이(ATV),남,74세,중상,화물,남,65세,상해없음
2017072700100211,2017년 7월 27일 10시,목요일,충청북도 청주시 흥덕구 옥산면,중상사고,0,1,1,0,차대차 - 측면충돌,교차로운행방법위반,건조,맑음,교차로 - 교차로안,승합,남,31세,경상,화물,남,72세,중상
2017072700100233,2017년 7월 27일 11시,목요일,충청북도 제천시 하소동,경상사고,0,0,1,0,차대차 - 측면충돌,안전운전불이행,건조,맑음,교차로 - 교차로안,승합,여,56세,상해없음,승합,남,50세,경상
2017072700100262,2017년 7월 27일 12시,목요일,충청북도 제천시 명동,중상사고,0,1,0,0,차대차 - 측면충돌,안전운전불이행,건조,맑음,교차로 - 교차로안,승용,남,71세,상해없음,자전거,여,52세,중상
2017072700100263,2017년 7월 27일 12시,목요일,충청북도 청주시 서원구 개신동,경상사고,0,0,1,0,차대사람 - 횡단중,보행자보호의무위반,건조,맑음,단일로 - 기타,승용,여,57세,상해없음,보행자,남,18세,경상
2017072700100294,2017년 7월 27일 13시,목요일,충청북도 청주시 청원구 율량동,경상사고,0,0,1,0,차대차 - 정면충돌,안전거리미확보,건조,맑음,교차로 - 교차로부근,이륜,여,44세,경상,승용,여,40세,상해없음
2017072700100368,2017년 7월 27일 15시,목요일,충청북도 청주시 상당구 용암동,중상사고,0,1,0,0,차대사람 - 횡단중,안전운전불이행,건조,맑음,단일로 - 기타,승용,여,54세,상해없음,보행자,여,65세,중상
2017072700100409,2017년 7월 27일 16시,목요일,충청북도 제천시 청전동,중상사고,0,1,0,1,차대차 - 측면충돌,직진우회전진행방해,건조,맑음,교차로 - 교차로안,승합,여,22세,상해없음,승용,여,52세,중상
2017072700100410,2017년 7월 27일 16시,목요일,충청북도 청주시 서원구 수곡동,경상사고,0,0,1,0,차대차 - 기타,안전운전불이행,건조,흐림,단일로 - 기타,승용,여,50세,상해없음,승용,남,48세,경상
2017072700100450,2017년 7월 27일 17시,목요일,충청북도 충주시 대소원면,경상사고,0,0,4,1,차대차 - 추돌,안전운전불이행,건조,맑음,단일로 - 기타,승합,남,62세,상해없음,승용,남,56세,경상
2017072700100451,2017년 7월 27일 17시,목요일,충청북도 제천시 금성면,경상사고,0,0,4,1,차대차 - 측면충돌,중앙선침범,건조,맑음,단일로 - 기타,승용,남,35세,부상신고,승합,남,41세,경상
2017072700100452,2017년 7월 27일 17시,목요일,충청북도 음성군 감곡면,중상사고,0,1,2,0,차대차 - 측면충돌,신호위반,건조,맑음,교차로 - 교차로안,화물,남,57세,상해없음,승용,여,60세,경상
2017072700100534,2017년 7월 27일 19시,목요일,충청북도 청주시 청원구 오창읍,중상사고,0,1,0,0,차대차 - 기타,안전운전불이행,건조,맑음,단일로 - 기타,자전거,남,12세,중상,승용,남,21세,상해없음
2017072700100535,2017년 7월 27일 19시,목요일,충청북도 영동군 학산면,중상사고,0,2,0,0,차대차 - 기타,안전운전불이행,건조,맑음,교차로 - 교차로안,이륜,남,67세,중상,이륜,여,58세,중상
2017072700100536,2017년 7월 27일 19시,목요일,충청북도 청주시 상당구 용암동,경상사고,0,0,1,0,차대사람 - 횡단중,안전운전불이행,건조,맑음,단일로 - 기타,이륜,남,18세,상해없음,보행자,남,67세,경상
2017072700100557,2017년 7월 27일 20시,목요일,충청북도 진천군 문백면,경상사고,0,0,1,0,차량단독 - 전도전복 - 전도,안전운전불이행,건조,맑음,기타 - 기타,이륜,남,53세,경상,,,,
2017072700100583,2017년 7월 27일 21시,목요일,충청북도 음성군 맹동면,중상사고,0,1,2,0,차대차 - 측면충돌,교차로운행방법위반,건조,맑음,교차로 - 교차로안,승용,여,34세,경상,승용,여,37세,중상
2017072700100621,2017년 7월 27일 22시,목요일,충청북도 청주시 흥덕구 강서동,경상사고,0,0,1,0,차대차 - 측면충돌,신호위반,건조,맑음,단일로 - 기타,기타불명,기타불명,미분류,기타불명,승용,여,32세,경상
2017072800100068,2017년 7월 28일 02시,금요일,충청북도 옥천군 옥천읍,중상사고,0,1,0,0,차대차 - 기타,교차로운행방법위반,건조,맑음,교차로 - 교차로안,이륜,남,17세,중상,승용,남,39세,상해없음
2017072800100097,2017년 7월 28일 05시,금요일,충청북도 청주시 흥덕구 옥산면,경상사고,0,0,1,0,차대차 - 추돌,안전운전불이행,건조,맑음,교차로 - 교차로부근,승용,남,26세,상해없음,승용,남,65세,경상
2017072800100134,2017년 7월 28일 07시,금요일,충청북도 청주시 상당구 가덕면,경상사고,0,0,1,0,차대차 - 기타,신호위반,건조,맑음,교차로 - 교차로안,승용,남,70세,상해없음,화물,남,64세,경상
2017072800100162,2017년 7월 28일 08시,금요일,충청북도 충주시 성내동,부상신고사고,0,0,0,1,차대차 - 측면충돌,직진우회전진행방해,젖음/습기,비,교차로 - 교차로안,자전거,남,15세,부상신고,승용,남,25세,상해없음
2017072800100163,2017년 7월 28일 08시,금요일,충청북도 제천시 영천동,경상사고,0,0,3,0,차대차 - 추돌,안전거리미확보,젖음/습기,비,교차로 - 교차로부근,화물,남,61세,상해없음,승용,남,34세,경상
2017072800100164,2017년 7월 28일 08시,금요일,충청북도 제천시 명동,경상사고,0,0,2,0,차대차 - 측면충돌,직진우회전진행방해,젖음/습기,비,교차로 - 교차로안,승용,여,50세,경상,승용,여,50세,경상
2017072800100191,2017년 7월 28일 09시,금요일,충청북도 청주시 흥덕구 가경동,경상사고,0,0,1,0,차대차 - 기타,중앙선침범,건조,맑음,단일로 - 기타,승용,남,65세,상해없음,이륜,남,80세,경상
2017072800100218,2017년 7월 28일 10시,금요일,충청북도 충주시 산척면,중상사고,0,1,2,0,차대차 - 측면충돌,신호위반,젖음/습기,비,교차로 - 교차로안,화물,남,79세,경상,화물,남,69세,중상
2017072800100219,2017년 7월 28일 10시,금요일,충청북도 충주시 문화동,경상사고,0,0,1,0,차대차 - 측면충돌,안전운전불이행,젖음/습기,흐림,단일로 - 기타,승용,남,79세,상해없음,승합,남,44세,상해없음
2017072800100242,2017년 7월 28일 11시,금요일,충청북도 음성군 감곡면,경상사고,0,0,1,0,차대차 - 측면충돌,기타,건조,맑음,교차로 - 교차로안,승용,여,58세,경상,기타불명,기타불명,미분류,기타불명
2017072800100243,2017년 7월 28일 11시,금요일,충청북도 음성군 금왕읍,중상사고,0,2,0,0,차대차 - 측면충돌,신호위반,젖음/습기,비,교차로 - 교차로안,화물,남,54세,중상,승용,남,49세,중상
2017072800100273,2017년 7월 28일 12시,금요일,충청북도 제천시 화산동,경상사고,0,0,3,0,차대차 - 추돌,안전거리미확보,젖음/습기,비,교차로 - 교차로부근,화물,남,71세,경상,승용,여,40세,경상
2017072800100274,2017년 7월 28일 12시,금요일,충청북도 청주시 흥덕구 복대동,경상사고,0,0,1,0,차대차 - 측면충돌,안전거리미확보,건조,맑음,교차로 - 교차로안,승용,여,42세,상해없음,승용,여,34세,경상
2017072800100339,2017년 7월 28일 14시,금요일,충청북도 청주시 상당구 수동,경상사고,0,0,4,0,차대차 - 측면충돌,직진우회전진행방해,건조,흐림,교차로 - 교차로안,승용,여,22세,경상,승용,여,53세,경상
2017072800100340,2017년 7월 28일 14시,금요일,충청북도 보은군 내북면,부상신고사고,0,0,0,1,차대차 - 추돌,안전운전불이행,건조,맑음,단일로 - 기타,이륜,남,53세,부상신고,승용,남,41세,기타불명
2017072800100371,2017년 7월 28일 15시,금요일,충청북도 청주시 청원구 오창읍,중상사고,0,1,0,0,차대사람 - 횡단중,보행자보호의무위반,건조,맑음,단일로 - 기타,승용,남,32세,상해없음,보행자,여,62세,중상
2017072800100372,2017년 7월 28일 15시,금요일,충청북도 청주시 서원구 개신동,중상사고,0,1,2,0,차대차 - 정면충돌,교차로운행방법위반,건조,맑음,교차로 - 교차로안,승용,여,49세,중상,승용,남,25세,경상
2017072800100403,2017년 7월 28일 16시,금요일,충청북도 제천시 남천동,중상사고,0,1,0,0,차대차 - 기타,안전운전불이행,젖음/습기,비,단일로 - 기타,승용,남,25세,상해없음,화물,남,32세,중상
2017072800100443,2017년 7월 28일 17시,금요일,충청북도 단양군 대강면,중상사고,0,2,4,0,차대차 - 추돌,안전운전불이행,젖음/습기,비,단일로 - 터널,화물,남,44세,중상,승합,남,48세,경상
2017072800100444,2017년 7월 28일 17시,금요일,충청북도 청주시 청원구 오창읍,경상사고,0,0,1,0,차대차 - 측면충돌,안전운전불이행,건조,맑음,단일로 - 기타,승용,남,46세,상해없음,이륜,남,16세,경상
2017072800100445,2017년 7월 28일 17시,금요일,충청북도 제천시 하소동,경상사고,0,0,1,0,차대차 - 측면충돌,안전운전불이행,젖음/습기,맑음,단일로 - 기타,승용,남,79세,상해없음,자전거,남,10세,경상
2017072800100446,2017년 7월 28일 17시,금요일,충청북도 청주시 서원구 모충동,경상사고,0,0,2,0,차대차 - 기타,안전운전불이행,건조,맑음,교차로 - 교차로안,승용,남,72세,상해없음,이륜,남,62세,경상
2017072800100483,2017년 7월 28일 18시,금요일,충청북도 보은군 삼승면,중상사고,0,1,0,0,차대차 - 측면충돌,교차로운행방법위반,건조,맑음,교차로 - 교차로안,승용,남,62세,상해없음,농기계,남,79세,중상
2017072800100484,2017년 7월 28일 18시,금요일,충청북도 청주시 흥덕구 봉명동,경상사고,0,0,2,0,차대차 - 측면충돌,교차로운행방법위반,젖음/습기,비,교차로 - 교차로안,승용,남,40세,상해없음,승용,여,30세,경상
2017072800100522,2017년 7월 28일 19시,금요일,충청북도 청주시 흥덕구 복대동,경상사고,0,0,1,0,차대차 - 기타,안전운전불이행,젖음/습기,비,교차로 - 교차로횡단보도내,승용,남,41세,상해없음,승용,남,46세,경상
2017072800100550,2017년 7월 28일 20시,금요일,충청북도 청주시 흥덕구 서촌동,경상사고,0,0,2,0,차대차 - 측면충돌,신호위반,젖음/습기,비,교차로 - 교차로안,승용,여,45세,상해없음,승용,남,47세,경상
2017072800100551,2017년 7월 28일 20시,금요일,충청북도 청주시 서원구 산남동,경상사고,0,0,1,0,차대차 - 측면충돌,안전거리미확보,젖음/습기,비,단일로 - 기타,승용,남,32세,상해없음,승용,남,37세,경상
2017072800100604,2017년 7월 28일 21시,금요일,충청북도 충주시 연수동,경상사고,0,0,1,0,차대차 - 정면충돌,직진우회전진행방해,젖음/습기,비,교차로 - 교차로안,화물,남,69세,상해없음,자전거,남,47세,경상
2017072800100605,2017년 7월 28일 21시,금요일,충청북도 제천시 영천동,중상사고,0,1,0,1,차대사람 - 횡단중,안전운전불이행,건조,맑음,단일로 - 기타,이륜,남,29세,부상신고,보행자,남,55세,중상
2017072800100606,2017년 7월 28일 21시,금요일,충청북도 청주시 상당구 탑동,경상사고,0,0,2,0,차대차 - 측면충돌,신호위반,젖음/습기,비,교차로 - 교차로안,승용,여,58세,상해없음,승용,남,64세,경상
2017072800100635,2017년 7월 28일 22시,금요일,충청북도 충주시 봉방동,경상사고,0,0,1,0,차대차 - 정면충돌,안전운전불이행,젖음/습기,비,단일로 - 기타,이륜,남,20세,경상,승용,여,44세,상해없음
2017072800100636,2017년 7월 28일 22시,금요일,충청북도 음성군 맹동면,경상사고,0,0,1,0,차대사람 - 횡단중,안전운전불이행,젖음/습기,비,교차로 - 교차로횡단보도내,승용,남,38세,상해없음,보행자,남,53세,경상
2017072800100637,2017년 7월 28일 22시,금요일,충청북도 청주시 흥덕구 가경동,중상사고,0,1,0,0,차대차 - 측면충돌,안전운전불이행,젖음/습기,비,단일로 - 기타,승용,남,41세,상해없음,승용,남,37세,중상
2017072800100638,2017년 7월 28일 22시,금요일,충청북도 청주시 서원구 분평동,중상사고,0,1,0,0,차대사람 - 횡단중,보행자보호의무위반,젖음/습기,비,교차로 - 교차로부근,승용,남,52세,상해없음,보행자,남,53세,중상
2017072800100669,2017년 7월 28일 23시,금요일,충청북도 청주시 흥덕구 복대동,경상사고,0,0,1,0,차대차 - 측면충돌,신호위반,건조,맑음,교차로 - 교차로안,이륜,남,24세,상해없음,승용,남,60세,상해없음
2017072800100670,2017년 7월 28일 23시,금요일,충청북도 청주시 상당구 남일면,사망사고,1,0,0,0,차대차 - 추돌,안전운전불이행,젖음/습기,비,단일로 - 기타,특수,남,20세,상해없음,자전거,남,19세,사망
2017072900100026,2017년 7월 29일 00시,토요일,충청북도 청주시 흥덕구 오송읍,경상사고,0,0,3,0,차대차 - 측면충돌,교차로운행방법위반,젖음/습기,비,교차로 - 교차로안,승용,남,25세,상해없음,승용,남,62세,경상
2017072900100048,2017년 7월 29일 01시,토요일,충청북도 충주시 봉방동,사망사고,1,1,0,0,차대차 - 정면충돌,중앙선침범,젖음/습기,비,단일로 - 기타,승용,남,24세,중상,승용,남,39세,사망
2017072900100049,2017년 7월 29일 01시,토요일,충청북도 충주시 연수동,경상사고,0,0,1,0,차대차 - 정면충돌,중앙선침범,젖음/습기,비,교차로 - 교차로부근,승용,남,24세,상해없음,승용,남,50세,경상
2017072900100100,2017년 7월 29일 04시,토요일,충청북도 보은군 회인면,중상사고,0,1,1,0,차대차 - 추돌,안전운전불이행,건조,흐림,단일로 - 기타,화물,남,52세,상해없음,승용,남,47세,경상
2017072900100145,2017년 7월 29일 07시,토요일,충청북도 단양군 매포읍,경상사고,0,0,1,0,차대차 - 추돌,안전거리미확보,젖음/습기,비,단일로 - 기타,승용,남,43세,상해없음,승용,남,41세,경상
2017072900100146,2017년 7월 29일 07시,토요일,충청북도 진천군 덕산면,경상사고,0,0,1,0,차대차 - 측면충돌,교차로운행방법위반,건조,맑음,교차로 - 교차로안,승용,남,25세,상해없음,화물,남,49세,경상
2017072900100163,2017년 7월 29일 08시,토요일,충청북도 충주시 교현동,경상사고,0,0,1,0,차대차 - 기타,안전운전불이행,젖음/습기,흐림,교차로 - 교차로횡단보도내,화물,남,54세,상해없음,자전거,남,26세,경상
2017072900100164,2017년 7월 29일 08시,토요일,충청북도 제천시 백운면,중상사고,0,1,0,0,차대차 - 측면충돌,직진우회전진행방해,젖음/습기,흐림,교차로 - 교차로안,승용,여,73세,중상,화물,남,58세,상해없음
2017072900100165,2017년 7월 29일 08시,토요일,충청북도 진천군 초평면,경상사고,0,0,1,0,차대차 - 추돌,안전운전불이행,건조,맑음,단일로 - 기타,승합,기타불명,미분류,기타불명,승용,여,43세,경상
2017072900100214,2017년 7월 29일 10시,토요일,충청북도 청주시 흥덕구 오송읍,중상사고,0,1,2,0,차대차 - 측면충돌,신호위반,건조,맑음,교차로 - 교차로안,화물,여,58세,경상,화물,남,66세,중상
2017072900100239,2017년 7월 29일 11시,토요일,충청북도 보은군 보은읍,중상사고,0,2,1,0,차대차 - 측면충돌,교차로운행방법위반,건조,맑음,교차로 - 교차로안,승용,여,56세,중상,화물,남,61세,경상
2017072900100275,2017년 7월 29일 12시,토요일,충청북도 청주시 상당구 수동,경상사고,0,0,2,0,차대차 - 측면충돌,교차로운행방법위반,건조,맑음,교차로 - 교차로부근,승용,남,73세,상해없음,승용,남,52세,경상
2017072900100346,2017년 7월 29일 14시,토요일,충청북도 청주시 상당구 낭성면,경상사고,0,0,1,0,차대차 - 추돌,안전운전불이행,젖음/습기,맑음,단일로 - 기타,승용,남,55세,상해없음,이륜,남,51세,경상
2017072900100379,2017년 7월 29일 15시,토요일,충청북도 청주시 상당구 북문로3가동,중상사고,0,1,0,0,차대차 - 추돌,안전운전불이행,건조,맑음,교차로 - 교차로부근,승용,여,53세,상해없음,승용,여,52세,중상
2017072900100380,2017년 7월 29일 15시,토요일,충청북도 청주시 서원구 사직동,경상사고,0,0,1,0,차대차 - 정면충돌,안전운전불이행,건조,맑음,단일로 - 기타,승용,남,59세,경상,화물,남,55세,상해없음
2017072900100381,2017년 7월 29일 15시,토요일,충청북도 청주시 상당구 미원면,부상신고사고,0,0,0,1,차대차 - 측면충돌,안전운전불이행,건조,맑음,단일로 - 기타,농기계,남,72세,부상신고,승용,남,35세,상해없음
2017072900100414,2017년 7월 29일 16시,토요일,충청북도 제천시 고암동,경상사고,0,0,1,0,차대차 - 추돌,안전거리미확보,건조,맑음,교차로 - 교차로부근,승용,남,34세,상해없음,원동기,남,16세,경상