사고번호,사고일시,요일,시군구,사고내용,사망자수,중상자수,경상자수,부상신고자수,사고유형,법규위반,노면상태,기상상태,도로형태,가해운전자 차종,가해운전자 성별,가해운전자 연령,가해운전자 상해정도,피해운전자 차종,피해운전자 성별,피해운전자 연령,피해운전자 상해정도
2017072900100415,2017년 7월 29일 16시,토요일,충청북도 청주시 서원구 현도면,중상사고,0,2,3,1,차대차 - 추돌,안전운전불이행,건조,맑음,교차로 - 교차로부근,화물,남,62세,상해없음,승용,남,30세,경상
2017072900100416,2017년 7월 29일 16시,토요일,충청북도 청주시 상당구 서운동,중상사고,0,2,0,0,차량단독 - 전도전복,안전운전불이행,건조,맑음,단일로 - 기타,승용,여,46세,상해없음,미분류,미분류,미분류,미분류
2017072900100417,2017년 7월 29일 16시,토요일,충청북도 진천군 문백면,경상사고,0,0,3,0,차대차 - 추돌,안전거리미확보,건조,맑음,기타 - 기타,승용,남,53세,상해없음,승용,남,49세,경상
2017072900100453,2017년 7월 29일 17시,토요일,충청북도 보은군 보은읍,경상사고,0,0,1,0,차대차 - 측면충돌,교차로운행방법위반,건조,맑음,교차로 - 교차로안,화물,남,37세,상해없음,자전거,남,73세,경상
2017072900100454,2017년 7월 29일 17시,토요일,충청북도 청주시 상당구 금천동,경상사고,0,0,2,0,차대차 - 측면충돌,교차로운행방법위반,건조,맑음,교차로 - 교차로안,승용,여,54세,경상,승용,남,36세,상해없음
2017072900100488,2017년 7월 29일 18시,토요일,충청북도 충주시 대소원면,경상사고,0,0,1,0,차대차 - 측면충돌,안전운전불이행,건조,맑음,단일로 - 기타,화물,남,60세,상해없음,승용,남,30세,경상
2017072900100489,2017년 7월 29일 18시,토요일,충청북도 음성군 음성읍,중상사고,0,1,0,0,차대차 - 측면충돌,기타,건조,맑음,교차로 - 교차로안,이륜,남,70세,중상,승용,남,77세,상해없음
2017073000100026,2017년 7월 30일 00시,일요일,충청북도 제천시 청전동,경상사고,0,0,1,0,차대사람 - 기타,안전운전불이행,건조,흐림,교차로 - 교차로부근,승용,남,39세,상해없음,보행자,남,42세,경상
2017073000100043,2017년 7월 30일 01시,일요일,충청북도 충주시 대소원면,사망사고,1,6,11,0,차대차 - 추돌,안전운전불이행,건조,맑음,기타 - 기타,화물,남,58세,상해없음,승용,여,33세,중상
2017073000100044,2017년 7월 30일 01시,일요일,충청북도 충주시 대소원면,중상사고,0,3,1,0,차량단독 - 전도전복 - 전도,안전운전불이행,건조,맑음,기타 - 기타,승용,남,21세,경상,,,,
2017073000100081,2017년 7월 30일 04시,일요일,충청북도 옥천군 옥천읍,중상사고,0,2,1,0,차량단독 - 전도전복 - 전도,안전운전불이행,건조,맑음,교차로 - 교차로안,원동기,남,17세,중상,,,,
2017073000100103,2017년 7월 30일 07시,일요일,충청북도 증평군 증평읍,경상사고,0,0,2,0,차대차 - 추돌,안전운전불이행,건조,맑음,단일로 - 기타,승용,남,23세,상해없음,승용,남,59세,상해없음
2017073000100133,2017년 7월 30일 09시,일요일,충청북도 청주시 청원구 오창읍,중상사고,0,1,0,0,차대차 - 정면충돌,중앙선침범,건조,맑음,단일로 - 기타,승용,여,65세,상해없음,승용,여,41세,중상
2017073000100134,2017년 7월 30일 09시,일요일,충청북도 청주시 상당구 수동,경상사고,0,0,1,0,차대사람 - 횡단중,안전운전불이행,건조,맑음,교차로 - 교차로부근,승용,남,48세,상해없음,보행자,남,49세,경상
2017073000100135,2017년 7월 30일 09시,일요일,충청북도 청주시 상당구 낭성면,중상사고,0,1,0,0,차량단독 - 기타,안전운전불이행,건조,맑음,교차로 - 교차로안,승합,남,56세,상해없음,,,,
2017073000100154,2017년 7월 30일 10시,일요일,충청북도 괴산군 청천면,경상사고,0,0,3,0,차대차 - 측면충돌,중앙선침범,건조,맑음,단일로 - 기타,승용,남,59세,상해없음,화물,남,56세,경상
2017073000100175,2017년 7월 30일 11시,일요일,충청북도 괴산군 청천면,경상사고,0,0,2,0,차대차 - 측면충돌,기타,건조,맑음,단일로 - 기타,화물,남,51세,상해없음,승용,남,54세,경상
2017073000100232,2017년 7월 30일 14시,일요일,충청북도 충주시 교현동,경상사고,0,0,2,0,차대차 - 정면충돌,안전운전불이행,건조,맑음,교차로 - 교차로부근,승용,남,27세,상해없음,승용,남,33세,경상
2017073000100258,2017년 7월 30일 15시,일요일,충청북도 충주시 금릉동,경상사고,0,0,1,0,차대차 - 측면충돌,안전운전불이행,건조,맑음,교차로 - 교차로부근,승용,남,54세,상해없음,승용,남,54세,경상
2017073000100261,2017년 7월 30일 15시,일요일,충청북도 청주시 서원구 남이면,경상사고,0,0,1,0,차대차 - 추돌,안전운전불이행,건조,맑음,단일로 - 기타,승용,남,33세,상해없음,승용,남,42세,경상
2017073000100283,2017년 7월 30일 16시,일요일,충청북도 청주시 서원구 사창동,경상사고,0,0,2,0,차대차 - 기타,안전거리미확보,건조,맑음,단일로 - 기타,승용,남,60세,상해없음,이륜,남,16세,경상
2017073000100284,2017년 7월 30일 16시,일요일,충청북도 청주시 상당구 남일면,경상사고,0,0,1,0,차대차 - 추돌,안전운전불이행,건조,맑음,단일로 - 기타,승용,남,42세,상해없음,승용,남,36세,상해없음
2017073000100309,2017년 7월 30일 17시,일요일,충청북도 충주시 목행동,경상사고,0,0,1,0,차대차 - 정면충돌,중앙선침범,건조,맑음,단일로 - 기타,승용,남,25세,상해없음,화물,남,62세,상해없음
2017073000100363,2017년 7월 30일 19시,일요일,충청북도 제천시 송학면,중상사고,0,7,2,0,차대차 - 정면충돌,중앙선침범,건조,맑음,단일로 - 기타,승용,남,73세,경상,승합,남,49세,중상
2017073000100394,2017년 7월 30일 20시,일요일,충청북도 제천시 영천동,중상사고,0,1,1,0,차대차 - 측면충돌,안전운전불이행,건조,맑음,교차로 - 교차로안,승용,남,60세,상해없음,승합,여,57세,중상
2017073000100438,2017년 7월 30일 22시,일요일,충청북도 충주시 연수동,경상사고,0,0,1,0,차대차 - 정면충돌,차로위반,건조,맑음,교차로 - 교차로부근,승용,남,58세,상해없음,이륜,남,20세,경상
2017073000100439,2017년 7월 30일 22시,일요일,충청북도 청주시 흥덕구 복대동,경상사고,0,0,1,0,차대차 - 정면충돌,안전운전불이행,건조,맑음,단일로 - 기타,화물,남,66세,상해없음,승용,여,57세,경상
2017073100100101,2017년 7월 31일 08시,월요일,충청북도 충주시 봉방동,경상사고,0,0,2,0,차대차 - 기타,교차로운행방법위반,젖음/습기,흐림,교차로 - 교차로안,승용,여,48세,경상,승용,남,63세,경상
2017073100100102,2017년 7월 31일 08시,월요일,충청북도 진천군 덕산면,경상사고,0,0,2,0,차대차 - 기타,교차로운행방법위반,건조,맑음,교차로 - 교차로안,화물,남,63세,상해없음,승용,여,51세,경상
2017073100100133,2017년 7월 31일 09시,월요일,충청북도 청주시 청원구 사천동,경상사고,0,0,1,0,차대차 - 정면충돌,안전운전불이행,젖음/습기,비,단일로 - 기타,승용,남,18세,상해없음,승용,남,24세,경상
2017073100100150,2017년 7월 31일 10시,월요일,충청북도 충주시 중앙탑면,경상사고,0,0,2,0,차대차 - 측면충돌,안전운전불이행,젖음/습기,비,단일로 - 기타,승용,남,53세,상해없음,화물,남,66세,경상
2017073100100151,2017년 7월 31일 10시,월요일,충청북도 옥천군 이원면,중상사고,0,1,0,0,차대사람 - 길가장자리구역통행중,안전운전불이행,젖음/습기,비,교차로 - 교차로부근,화물,남,59세,상해없음,보행자,여,58세,중상
2017073100100194,2017년 7월 31일 11시,월요일,충청북도 청주시 청원구 사천동,경상사고,0,0,1,0,차대차 - 정면충돌,교차로운행방법위반,젖음/습기,흐림,교차로 - 교차로안,승용,남,50세,상해없음,이륜,남,19세,경상
2017073100100195,2017년 7월 31일 11시,월요일,충청북도 단양군 단양읍,중상사고,0,1,5,0,차대차 - 추돌,안전거리미확보,젖음/습기,비,단일로 - 기타,화물,남,43세,상해없음,승용,남,38세,경상
2017073100100196,2017년 7월 31일 11시,월요일,충청북도 청주시 흥덕구 봉명동,경상사고,0,0,3,0,차대차 - 측면충돌,안전운전불이행,젖음/습기,비,단일로 - 기타,승용,여,67세,경상,화물,남,59세,경상
2017073100100197,2017년 7월 31일 11시,월요일,충청북도 청주시 상당구 영운동,경상사고,0,0,2,0,차대차 - 측면충돌,교차로운행방법위반,건조,맑음,교차로 - 교차로안,승용,남,53세,경상,승용,남,50세,경상
2017073100100236,2017년 7월 31일 12시,월요일,충청북도 청주시 청원구 내수읍,경상사고,0,0,2,0,차대차 - 기타,신호위반,젖음/습기,비,교차로 - 교차로안,승용,남,62세,경상,승합,여,41세,경상
2017073100100237,2017년 7월 31일 12시,월요일,충청북도 증평군 증평읍,경상사고,0,0,1,0,차대사람 - 횡단중,보행자보호의무위반,젖음/습기,비,교차로 - 교차로횡단보도내,화물,남,63세,상해없음,보행자,여,40세,경상
2017073100100238,2017년 7월 31일 12시,월요일,충청북도 증평군 증평읍,중상사고,0,1,0,0,차대사람 - 횡단중,보행자보호의무위반,젖음/습기,비,교차로 - 교차로안,승용,남,60세,상해없음,보행자,여,68세,중상
2017073100100264,2017년 7월 31일 13시,월요일,충청북도 옥천군 옥천읍,경상사고,0,0,2,0,차대차 - 측면충돌,안전운전불이행,젖음/습기,비,단일로 - 기타,승합,남,49세,경상,승용,남,44세,경상
2017073100100289,2017년 7월 31일 14시,월요일,충청북도 청주시 청원구 율량동,경상사고,0,0,2,0,차대차 - 기타,교차로운행방법위반,젖음/습기,비,교차로 - 교차로안,승용,여,23세,상해없음,승용,남,47세,경상
2017073100100290,2017년 7월 31일 14시,월요일,충청북도 제천시 하소동,경상사고,0,0,5,0,차대차 - 측면충돌,직진우회전진행방해,젖음/습기,비,교차로 - 교차로안,승용,여,52세,경상,승용,남,21세,경상
2017073100100291,2017년 7월 31일 14시,월요일,충청북도 제천시 청풍면,경상사고,0,0,1,0,차대차 - 추돌,안전거리미확보,젖음/습기,비,단일로 - 기타,승용,남,26세,상해없음,승용,남,57세,경상
2017073100100325,2017년 7월 31일 15시,월요일,충청북도 제천시 청풍면,경상사고,0,0,1,0,차대차 - 측면충돌,직진우회전진행방해,젖음/습기,비,교차로 - 교차로안,승용,남,55세,상해없음,승용,남,50세,경상
2017073100100326,2017년 7월 31일 15시,월요일,충청북도 제천시 하소동,중상사고,0,1,0,0,차량단독 - 전도전복 - 전도,안전운전불이행,젖음/습기,비,단일로 - 기타,화물,남,63세,중상,,,,
2017073100100327,2017년 7월 31일 15시,월요일,충청북도 청주시 상당구 북문로2가동,경상사고,0,0,1,0,차대차 - 기타,안전운전불이행,건조,흐림,단일로 - 기타,승용,여,43세,상해없음,이륜,남,21세,경상
2017073100100366,2017년 7월 31일 16시,월요일,충청북도 청주시 흥덕구 강서동,부상신고사고,0,0,0,1,차대차 - 측면충돌,안전운전불이행,젖음/습기,비,교차로 - 교차로안,이륜,남,20세,부상신고,승용,남,49세,상해없음
2017073100100367,2017년 7월 31일 16시,월요일,충청북도 청주시 서원구 남이면,경상사고,0,0,2,0,차대차 - 측면충돌,안전운전불이행,건조,맑음,단일로 - 기타,화물,남,47세,상해없음,승용,여,57세,경상
2017073100100398,2017년 7월 31일 17시,월요일,충청북도 청주시 서원구 사창동,경상사고,0,0,2,0,차대차 - 정면충돌,안전운전불이행,건조,흐림,교차로 - 교차로부근,승용,여,46세,경상,승용,남,52세,경상
2017073100100399,2017년 7월 31일 17시,월요일,충청북도 청주시 서원구 산남동,경상사고,0,0,2,0,차대차 - 측면충돌,교차로운행방법위반,젖음/습기,비,교차로 - 교차로안,승합,남,38세,상해없음,승용,여,49세,경상
2017073100100468,2017년 7월 31일 19시,월요일,충청북도 제천시 신백동,경상사고,0,0,2,0,차대차 - 측면충돌,안전운전불이행,젖음/습기,비,교차로 - 교차로안,화물,남,68세,경상,승용,여,58세,경상
2017073100100505,2017년 7월 31일 20시,월요일,충청북도 청주시 흥덕구 옥산면,경상사고,0,0,2,3,차대차 - 측면충돌,안전운전불이행,건조,맑음,교차로 - 교차로부근,승용,남,34세,상해없음,승용,여,38세,경상
2017073100100506,2017년 7월 31일 20시,월요일,충청북도 청주시 서원구 모충동,중상사고,0,1,1,0,차대차 - 추돌,안전운전불이행,건조,맑음,단일로 - 기타,승용,남,51세,상해없음,승용,남,24세,중상
2017073100100532,2017년 7월 31일 21시,월요일,충청북도 제천시 명동,경상사고,0,0,2,0,차대차 - 측면충돌,안전운전불이행,젖음/습기,흐림,교차로 - 교차로안,승용,여,23세,경상,승용,남,45세,경상
2017073100100533,2017년 7월 31일 21시,월요일,충청북도 청주시 상당구 금천동,경상사고,0,0,1,0,차대사람 - 길가장자리구역통행중,안전운전불이행,건조,맑음,단일로 - 기타,승용,여,59세,상해없음,보행자,여,44세,경상
2017073100100534,2017년 7월 31일 21시,월요일,충청북도 청주시 상당구 문의면,경상사고,0,0,3,0,차대차 - 측면충돌,안전운전불이행,건조,흐림,단일로 - 기타,승용,남,48세,상해없음,승용,여,55세,경상
2017073100100565,2017년 7월 31일 22시,월요일,충청북도 제천시 모산동,부상신고사고,0,0,0,1,차량단독 - 전도전복,안전운전불이행,건조,맑음,기타 - 기타,승용,남,28세,부상신고,미분류,미분류,미분류,미분류
2017073100100566,2017년 7월 31일 22시,월요일,충청북도 옥천군 옥천읍,중상사고,0,1,1,0,차대차 - 측면충돌,안전운전불이행,젖음/습기,흐림,교차로 - 교차로안,승용,여,59세,상해없음,승용,남,45세,중상
2017073100100567,2017년 7월 31일 22시,월요일,충청북도 청주시 흥덕구 오송읍,경상사고,0,0,1,0,차대차 - 측면충돌,신호위반,건조,맑음,교차로 - 교차로안,승용,남,37세,상해없음,화물,남,42세,경상
2017073100100594,2017년 7월 31일 23시,월요일,충청북도 청주시 청원구 오동동,경상사고,0,0,1,0,차대차 - 추돌,안전운전불이행,건조,흐림,교차로 - 교차로부근,승용,남,25세,상해없음,승용,여,27세,경상
2017073100100595,2017년 7월 31일 23시,월요일,충청북도 청주시 서원구 남이면,중상사고,0,2,0,0,차대차 - 측면충돌,신호위반,건조,흐림,교차로 - 교차로안,승용,남,33세,상해없음,승용,남,52세,중상
2017080100100026,2017년 8월 1일 00시,화요일,충청북도 청주시 서원구 사창동,부상신고사고,0,0,0,1,차대차 - 기타,안전운전불이행,젖음/습기,비,교차로 - 교차로부근,기타불명,기타불명,미분류,기타불명,이륜,남,16세,부상신고
2017080100100027,2017년 8월 1일 00시,화요일,충청북도 청주시 상당구 용암동,중상사고,0,1,0,0,차대사람 - 횡단중,안전운전불이행,젖음/습기,비,단일로 - 기타,승용,남,62세,상해없음,보행자,남,56세,중상
2017080100100127,2017년 8월 1일 08시,화요일,충청북도 충주시 목행동,경상사고,0,0,1,0,차대차 - 기타,안전운전불이행,건조,맑음,교차로 - 교차로부근,승용,남,60세,상해없음,승용,남,64세,경상
2017080100100128,2017년 8월 1일 08시,화요일,충청북도 제천시 동현동,경상사고,0,0,1,0,차대차 - 측면충돌,안전운전불이행,건조,맑음,교차로 - 교차로안,승용,여,39세,경상,승용,남,58세,상해없음
2017080100100184,2017년 8월 1일 10시,화요일,충청북도 충주시 살미면,중상사고,0,2,0,0,차대차 - 측면충돌,중앙선침범,젖음/습기,흐림,단일로 - 교량,화물,남,66세,상해없음,승용,여,37세,중상
2017080100100185,2017년 8월 1일 10시,화요일,충청북도 괴산군 문광면,경상사고,0,0,2,0,차대차 - 측면충돌,안전운전불이행,젖음/습기,흐림,교차로 - 교차로부근,승합,여,57세,상해없음,화물,남,63세,경상
2017080100100207,2017년 8월 1일 11시,화요일,충청북도 청주시 상당구 낭성면,경상사고,0,0,1,0,차대차 - 측면충돌,안전거리미확보,건조,맑음,교차로 - 교차로부근,승합,남,79세,상해없음,승합,여,53세,경상
2017080100100243,2017년 8월 1일 12시,화요일,충청북도 증평군 증평읍,경상사고,0,0,1,0,차대사람 - 횡단중,안전운전불이행,건조,맑음,단일로 - 기타,기타불명,기타불명,미분류,기타불명,보행자,여,33세,경상
2017080100100244,2017년 8월 1일 12시,화요일,충청북도 진천군 덕산면,경상사고,0,0,1,0,차대차 - 기타,직진우회전진행방해,건조,맑음,교차로 - 교차로안,승용,남,61세,상해없음,승용,여,48세,경상
2017080100100268,2017년 8월 1일 13시,화요일,충청북도 제천시 장락동,경상사고,0,0,2,0,차대차 - 추돌,안전거리미확보,건조,맑음,기타 - 기타,승용,남,77세,경상,승용,여,31세,경상
2017080100100269,2017년 8월 1일 13시,화요일,충청북도 청주시 흥덕구 봉명동,경상사고,0,0,1,0,차대차 - 기타,안전운전불이행,건조,맑음,교차로 - 교차로안,승용,남,46세,상해없음,원동기,남,20세,경상
2017080100100299,2017년 8월 1일 14시,화요일,충청북도 제천시 중앙로1가,중상사고,0,1,0,0,차대사람 - 횡단중,중앙선침범,건조,맑음,단일로 - 기타,승용,남,77세,상해없음,보행자,여,60세,중상
2017080100100334,2017년 8월 1일 15시,화요일,충청북도 청주시 서원구 사창동,중상사고,0,1,0,0,차대차 - 기타,안전운전불이행,건조,맑음,단일로 - 기타,원동기,남,20세,중상,승용,남,57세,상해없음
2017080100100335,2017년 8월 1일 15시,화요일,충청북도 보은군 보은읍,경상사고,0,0,1,0,차대차 - 측면충돌,교차로운행방법위반,건조,맑음,교차로 - 교차로안,이륜,남,68세,경상,승용,남,59세,상해없음
2017080100100364,2017년 8월 1일 16시,화요일,충청북도 충주시 달천동,중상사고,0,1,0,0,차대차 - 정면충돌,안전거리미확보,건조,맑음,교차로 - 교차로안,승합,남,51세,상해없음,승용,여,57세,중상
2017080100100365,2017년 8월 1일 16시,화요일,충청북도 청주시 흥덕구 비하동,경상사고,0,0,5,0,차대차 - 기타,안전운전불이행,건조,맑음,단일로 - 기타,승용,남,51세,상해없음,승용,여,64세,경상
2017080100100366,2017년 8월 1일 16시,화요일,충청북도 청주시 상당구 용암동,중상사고,0,1,0,0,차대차 - 측면충돌,안전운전불이행,건조,맑음,교차로 - 교차로안,승용,남,44세,상해없음,이륜,남,48세,중상
2017080100100407,2017년 8월 1일 17시,화요일,충청북도 단양군 매포읍,경상사고,0,0,2,0,차대차 - 추돌,안전거리미확보,건조,맑음,단일로 - 기타,승합,남,25세,상해없음,승용,여,45세,경상
2017080100100408,2017년 8월 1일 17시,화요일,충청북도 청주시 흥덕구 운천동,경상사고,0,0,2,0,차대차 - 기타,안전운전불이행,건조,맑음,단일로 - 기타,승용,남,65세,상해없음,승용,남,48세,경상
2017080100100452,2017년 8월 1일 18시,화요일,충청북도 제천시 송학면,경상사고,0,0,2,0,차대차 - 정면충돌,안전운전불이행,건조,맑음,교차로 - 교차로안,화물,남,65세,경상,승용,여,37세,경상
2017080100100482,2017년 8월 1일 19시,화요일,충청북도 충주시 호암동,경상사고,0,0,1,0,차대차 - 정면충돌,안전운전불이행,건조,맑음,교차로 - 교차로부근,승용,남,58세,상해없음,승용,남,48세,경상
2017080100100483,2017년 8월 1일 19시,화요일,충청북도 청주시 서원구 산남동,경상사고,0,0,1,0,차대차 - 측면충돌,안전운전불이행,건조,맑음,교차로 - 교차로안,승용,남,32세,상해없음,승용,남,34세,경상
2017080100100517,2017년 8월 1일 20시,화요일,충청북도 음성군 금왕읍,중상사고,0,1,0,0,차대차 - 측면충돌,교차로운행방법위반,건조,맑음,교차로 - 교차로안,승용,남,49세,상해없음,이륜,남,26세,중상
2017080100100541,2017년 8월 1일 21시,화요일,충청북도 청주시 흥덕구 복대동,중상사고,0,1,0,0,차대차 - 기타,신호위반,건조,맑음,단일로 - 기타,화물,남,20세,상해없음,자전거,남,53세,중상
2017080100100542,2017년 8월 1일 21시,화요일,충청북도 청주시 흥덕구 가경동,중상사고,0,1,0,0,차대차 - 측면충돌,안전운전불이행,건조,맑음,교차로 - 교차로안,승용,남,53세,상해없음,이륜,남,36세,중상
2017080100100543,2017년 8월 1일 21시,화요일,충청북도 청주시 흥덕구 복대동,경상사고,0,0,3,0,차대차 - 측면충돌,신호위반,건조,맑음,교차로 - 교차로안,승용,여,50세,상해없음,승합,남,48세,경상
2017080200100029,2017년 8월 2일 00시,수요일,충청북도 청주시 청원구 외하동,경상사고,0,0,1,0,차대차 - 기타,신호위반,건조,맑음,교차로 - 교차로안,건설기계,남,48세,상해없음,승합,남,45세,상해없음
2017080200100060,2017년 8월 2일 04시,수요일,충청북도 제천시 하소동,중상사고,0,3,2,0,차대차 - 측면충돌,안전운전불이행,건조,맑음,교차로 - 교차로안,승용,남,19세,중상,승합,남,61세,경상
2017080200100087,2017년 8월 2일 07시,수요일,충청북도 충주시 금가면,부상신고사고,0,0,0,1,차량단독 - 공작물충돌,안전운전불이행,건조,맑음,단일로 - 기타,화물,남,35세,부상신고,,,,
2017080200100123,2017년 8월 2일 09시,수요일,충청북도 충주시 연수동,경상사고,0,0,1,0,차대차 - 기타,안전운전불이행,건조,맑음,단일로 - 기타,승용,여,53세,상해없음,승합,남,37세,경상
2017080200100147,2017년 8월 2일 10시,수요일,충청북도 청주시 흥덕구 복대동,경상사고,0,0,1,0,차대사람 - 횡단중,보행자보호의무위반,건조,맑음,교차로 - 교차로횡단보도내,승용,남,48세,상해없음,보행자,남,53세,경상
2017080200100148,2017년 8월 2일 10시,수요일,충청북도 청주시 상당구 남일면,중상사고,0,1,0,0,차대차 - 추돌,안전운전불이행,건조,맑음,단일로 - 기타,이륜,남,66세,상해없음,승용,여,59세,상해없음
2017080200100178,2017년 8월 2일 11시,수요일,충청북도 음성군 음성읍,경상사고,0,0,1,0,차대차 - 측면충돌,교차로운행방법위반,건조,맑음,교차로 - 교차로안,승용,여,58세,상해없음,원동기,남,77세,경상
2017080200100179,2017년 8월 2일 11시,수요일,충청북도 음성군 감곡면,중상사고,0,1,1,0,차대차 - 측면충돌,중앙선침범,건조,맑음,단일로 - 기타,화물,남,43세,경상,승용,여,35세,중상
2017080200100180,2017년 8월 2일 11시,수요일,충청북도 단양군 단양읍,경상사고,0,0,4,0,차대차 - 추돌,안전운전불이행,건조,맑음,단일로 - 기타,승용,남,38세,상해없음,승용,남,43세,경상
2017080200100214,2017년 8월 2일 12시,수요일,충청북도 청주시 청원구 오창읍,경상사고,0,0,2,0,차대차 - 추돌,안전운전불이행,건조,맑음,교차로 - 교차로부근,승용,남,43세,상해없음,승용,남,52세,상해없음
2017080200100215,2017년 8월 2일 12시,수요일,충청북도 진천군 초평면,중상사고,0,1,1,0,차대차 - 측면충돌,직진우회전진행방해,건조,맑음,교차로 - 교차로안,승용,여,59세,경상,승용,남,65세,중상
2017080200100216,2017년 8월 2일 12시,수요일,충청북도 청주시 상당구 방서동,중상사고,0,1,0,0,차대사람 - 횡단중,안전운전불이행,건조,맑음,기타 - 기타,승용,여,41세,상해없음,보행자,여,71세,중상
2017080200100246,2017년 8월 2일 13시,수요일,충청북도 제천시 의림동,중상사고,0,1,0,0,차대사람 - 길가장자리구역통행중,안전운전불이행,건조,맑음,단일로 - 기타,화물,남,31세,상해없음,보행자,남,28세,중상
2017080200100279,2017년 8월 2일 14시,수요일,충청북도 제천시 동현동,중상사고,0,1,1,0,차대차 - 측면충돌,직진우회전진행방해,건조,맑음,교차로 - 교차로안,승용,남,65세,상해없음,이륜,남,18세,경상
2017080200100280,2017년 8월 2일 14시,수요일,충청북도 청주시 서원구 미평동,경상사고,0,0,1,0,차대차 - 정면충돌,안전운전불이행,건조,맑음,교차로 - 교차로부근,승용,남,57세,상해없음,화물,남,50세,경상
2017080200100281,2017년 8월 2일 14시,수요일,충청북도 청주시 상당구 금천동,경상사고,0,0,1,0,차대차 - 기타,안전운전불이행,건조,맑음,교차로 - 교차로안,승용,여,52세,상해없음,이륜,남,46세,경상
2017080200100322,2017년 8월 2일 15시,수요일,충청북도 제천시 봉양읍,중상사고,0,1,1,0,차대차 - 정면충돌,중앙선침범,건조,맑음,기타 - 기타,승용,여,49세,경상,승용,남,66세,중상
2017080200100403,2017년 8월 2일 17시,수요일,충청북도 제천시 하소동,경상사고,0,0,1,0,차대사람 - 횡단중,보행자보호의무위반,건조,맑음,단일로 - 기타,승용,여,34세,상해없음,보행자,남,5세,경상
2017080200100437,2017년 8월 2일 18시,수요일,충청북도 제천시 중앙로2가,경상사고,0,0,1,0,차대차 - 후진중충돌,안전운전불이행,건조,맑음,교차로 - 교차로안,승용,여,57세,경상,승용,여,62세,상해없음
2017080200100464,2017년 8월 2일 19시,수요일,충청북도 충주시 주덕읍,경상사고,0,0,1,0,차대차 - 정면충돌,직진우회전진행방해,건조,맑음,교차로 - 교차로안,승용,남,59세,상해없음,원동기,남,68세,경상
2017080200100465,2017년 8월 2일 19시,수요일,충청북도 괴산군 청천면,경상사고,0,0,1,0,차대차 - 측면충돌,안전운전불이행,건조,맑음,교차로 - 교차로안,승용,남,53세,상해없음,자전거,남,12세,경상
2017080200100466,2017년 8월 2일 19시,수요일,충청북도 청주시 서원구 죽림동,경상사고,0,0,1,0,차대사람 - 횡단중,보행자보호의무위반,건조,맑음,교차로 - 교차로안,승용,남,21세,상해없음,보행자,남,53세,경상
2017080200100500,2017년 8월 2일 20시,수요일,충청북도 괴산군 청천면,사망사고,1,0,0,0,차대사람 - 횡단중,안전운전불이행,건조,맑음,단일로 - 기타,승용,남,49세,상해없음,보행자,남,73세,사망
2017080200100531,2017년 8월 2일 21시,수요일,충청북도 제천시 봉양읍,중상사고,0,2,1,0,차대차 - 정면충돌,중앙선침범,건조,맑음,단일로 - 기타,승용,여,47세,경상,승용,여,26세,중상
2017080300100042,2017년 8월 3일 02시,목요일,충청북도 제천시 봉양읍,경상사고,0,0,1,0,차량단독 - 전도전복,안전운전불이행,건조,흐림,단일로 - 기타,화물,남,48세,경상,미분류,미분류,미분류,미분류
2017080300100091,2017년 8월 3일 07시,목요일,충청북도 청주시 흥덕구 향정동,경상사고,0,0,1,0,차대차 - 기타,안전운전불이행,건조,맑음,단일로 - 기타,승용,남,31세,상해없음,승용,남,36세,경상
2017080300100126,2017년 8월 3일 08시,목요일,충청북도 청주시 서원구 모충동,경상사고,0,0,3,0,차대차 - 추돌,안전운전불이행,건조,맑음,단일로 - 기타,승용,여,51세,상해없음,승용,남,59세,경상
2017080300100156,2017년 8월 3일 09시,목요일,충청북도 청주시 서원구 분평동,경상사고,0,0,2,0,차대차 - 측면충돌,신호위반,건조,맑음,교차로 - 교차로안,승용,남,43세,상해없음,승용,여,40세,경상
2017080300100200,2017년 8월 3일 10시,목요일,충청북도 제천시 고암동,경상사고,0,0,4,0,차대차 - 추돌,안전운전불이행,건조,맑음,교차로 - 교차로횡단보도내,화물,남,48세,경상,승용,남,49세,경상
2017080300100201,2017년 8월 3일 10시,목요일,충청북도 영동군 영동읍,중상사고,0,1,0,0,차대사람 - 횡단중,안전운전불이행,건조,맑음,교차로 - 교차로부근,승용,남,58세,상해없음,보행자,남,66세,중상
2017080300100202,2017년 8월 3일 10시,목요일,충청북도 청주시 서원구 분평동,경상사고,0,0,1,0,차대차 - 측면충돌,안전운전불이행,건조,맑음,교차로 - 교차로부근,승용,여,34세,상해없음,자전거,남,24세,경상
2017080300100235,2017년 8월 3일 11시,목요일,충청북도 제천시 청풍면,경상사고,0,0,2,0,차대차 - 측면충돌,안전운전불이행,건조,맑음,주차장 - 주차장,승합,남,66세,상해없음,승용,남,64세,경상
2017080300100236,2017년 8월 3일 11시,목요일,충청북도 괴산군 소수면,경상사고,0,0,4,0,차대차 - 추돌,안전운전불이행,건조,맑음,단일로 - 기타,화물,남,55세,상해없음,승용,남,47세,경상
2017080300100280,2017년 8월 3일 12시,목요일,충청북도 충주시 문화동,부상신고사고,0,0,0,1,차대차 - 기타,차로위반,건조,맑음,단일로 - 기타,자전거,남,45세,부상신고,승용,여,43세,상해없음