사고번호,사고일시,요일,시군구,사고내용,사망자수,중상자수,경상자수,부상신고자수,사고유형,법규위반,노면상태,기상상태,도로형태,가해운전자 차종,가해운전자 성별,가해운전자 연령,가해운전자 상해정도,피해운전자 차종,피해운전자 성별,피해운전자 연령,피해운전자 상해정도
2017080700100586,2017년 8월 7일 22시,월요일,충청북도 충주시 대소원면,경상사고,0,0,1,0,차대사람 - 횡단중,안전운전불이행,건조,맑음,단일로 - 기타,승용,남,51세,상해없음,보행자,남,51세,경상
2017080700100604,2017년 8월 7일 23시,월요일,충청북도 청주시 상당구 용암동,경상사고,0,0,1,0,차대차 - 추돌,안전운전불이행,건조,맑음,교차로 - 교차로부근,승용,여,37세,상해없음,승용,남,62세,상해없음
2017080800100052,2017년 8월 8일 05시,화요일,충청북도 청주시 흥덕구 복대동,경상사고,0,0,2,0,차대차 - 측면충돌,안전운전불이행,건조,맑음,교차로 - 교차로부근,승용,남,52세,상해없음,이륜,남,73세,경상
2017080800100062,2017년 8월 8일 06시,화요일,충청북도 증평군 증평읍,경상사고,0,0,1,1,차대차 - 측면충돌,교차로운행방법위반,건조,맑음,교차로 - 교차로안,승용,남,57세,부상신고,화물,남,56세,경상
2017080800100097,2017년 8월 8일 08시,화요일,충청북도 청주시 상당구 낭성면,중상사고,0,1,1,0,차대차 - 측면충돌,교차로운행방법위반,건조,맑음,교차로 - 교차로안,승용,여,28세,중상,승용,남,54세,경상
2017080800100134,2017년 8월 8일 09시,화요일,충청북도 청주시 청원구 율량동,중상사고,0,1,1,0,차대차 - 기타,교차로운행방법위반,건조,맑음,교차로 - 교차로안,승용,여,30세,경상,승용,남,41세,중상
2017080800100135,2017년 8월 8일 09시,화요일,충청북도 충주시 교현동,경상사고,0,0,1,0,차대차 - 정면충돌,중앙선침범,건조,맑음,교차로 - 교차로안,자전거,남,14세,경상,승용,남,36세,상해없음
2017080800100136,2017년 8월 8일 09시,화요일,충청북도 청주시 흥덕구 복대동,경상사고,0,0,1,0,차대사람 - 횡단중,보행자보호의무위반,건조,맑음,교차로 - 교차로부근,승용,여,25세,상해없음,보행자,남,5세,경상
2017080800100170,2017년 8월 8일 10시,화요일,충청북도 음성군 생극면,경상사고,0,0,1,0,차대차 - 측면충돌,안전운전불이행,건조,맑음,교차로 - 교차로부근,화물,남,62세,상해없음,승합,남,53세,상해없음
2017080800100211,2017년 8월 8일 11시,화요일,충청북도 제천시 청전동,중상사고,0,1,0,0,차대사람 - 횡단중,안전운전불이행,건조,맑음,교차로 - 교차로부근,승용,남,78세,상해없음,보행자,남,81세,중상
2017080800100212,2017년 8월 8일 11시,화요일,충청북도 청주시 흥덕구 가경동,경상사고,0,0,1,0,차대사람 - 횡단중,보행자보호의무위반,건조,맑음,교차로 - 교차로부근,승용,남,60세,상해없음,보행자,여,31세,경상
2017080800100245,2017년 8월 8일 12시,화요일,충청북도 음성군 원남면,경상사고,0,0,4,0,차대차 - 기타,안전운전불이행,건조,맑음,단일로 - 기타,승용,남,39세,경상,화물,남,69세,상해없음
2017080800100275,2017년 8월 8일 13시,화요일,충청북도 충주시 문화동,중상사고,0,1,0,0,차대차 - 정면충돌,불법유턴,건조,맑음,단일로 - 기타,자전거,남,78세,상해없음,이륜,남,75세,상해없음
2017080800100318,2017년 8월 8일 14시,화요일,충청북도 청주시 청원구 오창읍,경상사고,0,0,1,0,차대차 - 측면충돌,신호위반,건조,맑음,교차로 - 교차로안,승용,여,59세,상해없음,승용,여,26세,경상
2017080800100319,2017년 8월 8일 14시,화요일,충청북도 청주시 흥덕구 복대동,경상사고,0,0,1,0,차대차 - 기타,안전운전불이행,건조,맑음,교차로 - 교차로안,자전거,남,15세,경상,승용,여,40세,상해없음
2017080800100320,2017년 8월 8일 14시,화요일,충청북도 청주시 상당구 용암동,중상사고,0,1,0,0,차대차 - 정면충돌,중앙선침범,건조,맑음,단일로 - 기타,화물,남,68세,상해없음,승용,여,25세,중상
2017080800100402,2017년 8월 8일 17시,화요일,충청북도 단양군 단양읍,중상사고,0,4,11,1,차대차 - 추돌,안전거리미확보,건조,맑음,단일로 - 기타,승합,남,46세,중상,화물,남,56세,중상
2017080800100432,2017년 8월 8일 18시,화요일,충청북도 충주시 성서동,경상사고,0,0,1,0,차대사람 - 횡단중,안전운전불이행,건조,맑음,단일로 - 기타,승용,남,27세,상해없음,보행자,여,24세,경상
2017080800100501,2017년 8월 8일 20시,화요일,충청북도 옥천군 이원면,경상사고,0,0,1,0,차대사람 - 길가장자리구역통행중,안전운전불이행,건조,맑음,단일로 - 기타,화물,남,58세,상해없음,보행자,남,70세,경상
2017080800100502,2017년 8월 8일 20시,화요일,충청북도 단양군 단양읍,중상사고,0,1,0,0,차대차 - 측면충돌,안전운전불이행,건조,맑음,단일로 - 기타,승용,여,44세,상해없음,화물,남,67세,상해없음
2017080800100503,2017년 8월 8일 20시,화요일,충청북도 청주시 상당구 미원면,경상사고,0,0,2,0,차대차 - 추돌,안전운전불이행,건조,맑음,단일로 - 기타,승용,남,77세,상해없음,농기계,남,58세,경상
2017080800100570,2017년 8월 8일 22시,화요일,충청북도 옥천군 안내면,경상사고,0,0,1,0,차대사람 - 차도통행중,안전운전불이행,건조,맑음,단일로 - 기타,승용,남,35세,상해없음,보행자,남,60세,경상
2017080800100571,2017년 8월 8일 22시,화요일,충청북도 단양군 단양읍,경상사고,0,0,1,0,차대차 - 정면충돌,중앙선침범,건조,맑음,단일로 - 기타,화물,남,44세,기타불명,승용,여,51세,경상
2017080900100105,2017년 8월 9일 07시,수요일,충청북도 청주시 상당구 용정동,경상사고,0,0,1,0,차대차 - 측면충돌,교차로운행방법위반,젖음/습기,비,교차로 - 교차로안,승용,남,59세,상해없음,승용,여,28세,경상
2017080900100135,2017년 8월 9일 08시,수요일,충청북도 보은군 보은읍,중상사고,0,1,0,0,차량단독 - 전도전복 - 전도,안전운전불이행,젖음/습기,비,단일로 - 기타,승용,남,56세,중상,,,,
2017080900100136,2017년 8월 9일 08시,수요일,충청북도 청주시 흥덕구 봉명동,경상사고,0,0,1,0,차대차 - 측면충돌,직진우회전진행방해,젖음/습기,비,교차로 - 교차로안,승용,남,34세,상해없음,승용,남,41세,경상
2017080900100167,2017년 8월 9일 09시,수요일,충청북도 청주시 청원구 율량동,경상사고,0,0,1,0,차대차 - 기타,안전운전불이행,젖음/습기,비,교차로 - 교차로안,승용,여,45세,상해없음,승용,여,28세,상해없음
2017080900100168,2017년 8월 9일 09시,수요일,충청북도 청주시 상당구 용암동,경상사고,0,0,2,0,차대차 - 추돌,안전운전불이행,젖음/습기,비,단일로 - 기타,승용,여,54세,상해없음,기타불명,기타불명,미분류,기타불명
2017080900100203,2017년 8월 9일 10시,수요일,충청북도 제천시 남천동,중상사고,0,1,1,0,차대차 - 측면충돌,기타,젖음/습기,비,교차로 - 교차로안,승용,여,37세,경상,화물,남,51세,중상
2017080900100204,2017년 8월 9일 10시,수요일,충청북도 영동군 황간면,사망사고,1,0,0,0,차량단독 - 기타,안전운전불이행,젖음/습기,흐림,교차로 - 교차로부근,특수,남,28세,사망,,,,
2017080900100205,2017년 8월 9일 10시,수요일,충청북도 청주시 흥덕구 비하동,경상사고,0,0,2,0,차대차 - 측면충돌,안전운전불이행,건조,맑음,교차로 - 교차로안,승용,남,56세,경상,화물,남,61세,경상
2017080900100206,2017년 8월 9일 10시,수요일,충청북도 청주시 흥덕구 봉명동,경상사고,0,0,1,0,차대사람 - 길가장자리구역통행중,안전운전불이행,젖음/습기,비,단일로 - 기타,승용,여,45세,상해없음,보행자,여,17세,경상
2017080900100228,2017년 8월 9일 11시,수요일,충청북도 제천시 신동,경상사고,0,0,1,0,차량단독 - 전도전복,안전운전불이행,젖음/습기,비,단일로 - 기타,화물,남,34세,경상,미분류,미분류,미분류,미분류
2017080900100298,2017년 8월 9일 13시,수요일,충청북도 청주시 상당구 북문로3가동,경상사고,0,0,1,0,차대차 - 기타,안전거리미확보,건조,맑음,단일로 - 기타,승용,남,42세,상해없음,승용,남,72세,경상
2017080900100299,2017년 8월 9일 13시,수요일,충청북도 보은군 회인면,사망사고,1,1,0,0,차대차 - 정면충돌,중앙선침범,젖음/습기,비,단일로 - 기타,화물,남,66세,사망,화물,남,58세,중상
2017080900100334,2017년 8월 9일 14시,수요일,충청북도 영동군 학산면,경상사고,0,0,2,0,차대차 - 측면충돌,중앙선침범,건조,맑음,단일로 - 기타,화물,남,69세,경상,승용,여,67세,상해없음
2017080900100335,2017년 8월 9일 14시,수요일,충청북도 옥천군 옥천읍,경상사고,0,0,2,0,차대차 - 추돌,안전운전불이행,젖음/습기,흐림,교차로 - 교차로부근,승합,남,74세,상해없음,승용,여,37세,경상
2017080900100358,2017년 8월 9일 15시,수요일,충청북도 청주시 청원구 사천동,경상사고,0,0,1,0,차량단독 - 전도전복 - 전도,안전운전불이행,젖음/습기,비,단일로 - 기타,화물,남,33세,경상,,,,
2017080900100359,2017년 8월 9일 15시,수요일,충청북도 청주시 청원구 오창읍,경상사고,0,0,3,0,차대차 - 측면충돌,안전운전불이행,건조,흐림,교차로 - 교차로안,승용,여,25세,상해없음,승용,여,31세,경상
2017080900100360,2017년 8월 9일 15시,수요일,충청북도 충주시 교현동,중상사고,0,1,0,0,차대차 - 측면충돌,안전운전불이행,젖음/습기,비,단일로 - 기타,승용,남,59세,상해없음,승용,남,61세,중상
2017080900100361,2017년 8월 9일 15시,수요일,충청북도 충주시 충의동,부상신고사고,0,0,0,1,차대차 - 측면충돌,안전운전불이행,건조,맑음,단일로 - 기타,승용,여,38세,부상신고,화물,남,51세,상해없음
2017080900100394,2017년 8월 9일 16시,수요일,충청북도 청주시 청원구 오창읍,중상사고,0,1,2,0,차대차 - 정면충돌,교차로운행방법위반,젖음/습기,비,교차로 - 교차로안,승용,남,53세,경상,승용,여,46세,중상
2017080900100395,2017년 8월 9일 16시,수요일,충청북도 청주시 청원구 우암동,중상사고,0,1,0,0,차대사람 - 보도통행중,신호위반,젖음/습기,비,교차로 - 교차로횡단보도내,승용,남,26세,상해없음,보행자,여,87세,중상
2017080900100433,2017년 8월 9일 17시,수요일,충청북도 제천시 명동,경상사고,0,0,3,0,차대차 - 측면충돌,신호위반,젖음/습기,흐림,교차로 - 교차로안,화물,남,69세,상해없음,승용,남,69세,경상
2017080900100434,2017년 8월 9일 17시,수요일,충청북도 청주시 흥덕구 가경동,경상사고,0,0,2,0,차대차 - 측면충돌,신호위반,젖음/습기,비,교차로 - 교차로안,승용,남,27세,기타불명,승용,남,38세,경상
2017080900100461,2017년 8월 9일 18시,수요일,충청북도 청주시 상당구 석교동,중상사고,0,2,5,0,차대차 - 추돌,보행자보호의무위반,건조,맑음,교차로 - 교차로부근,승용,남,72세,상해없음,승용,남,44세,경상
2017080900100503,2017년 8월 9일 19시,수요일,충청북도 충주시 대소원면,경상사고,0,0,1,0,차대사람 - 횡단중,보행자보호의무위반,젖음/습기,비,교차로 - 교차로안,승용,남,36세,상해없음,보행자,남,45세,경상
2017080900100504,2017년 8월 9일 19시,수요일,충청북도 청주시 흥덕구 송정동,경상사고,0,0,1,0,차대사람 - 횡단중,안전운전불이행,건조,맑음,단일로 - 기타,승용,남,52세,상해없음,보행자,여,15세,경상
2017080900100543,2017년 8월 9일 20시,수요일,충청북도 보은군 삼승면,사망사고,1,2,1,0,차대차 - 정면충돌,중앙선침범,젖음/습기,비,단일로 - 기타,승용,남,77세,중상,이륜,남,56세,사망
2017080900100544,2017년 8월 9일 20시,수요일,충청북도 청주시 흥덕구 비하동,경상사고,0,0,1,0,차대차 - 기타,안전운전불이행,젖음/습기,비,교차로 - 교차로횡단보도내,화물,남,48세,상해없음,자전거,남,62세,경상
2017080900100618,2017년 8월 9일 22시,수요일,충청북도 음성군 대소면,중상사고,0,1,0,0,차대사람 - 횡단중,안전운전불이행,젖음/습기,비,단일로 - 기타,승합,남,44세,상해없음,보행자,남,26세,중상
2017080900100619,2017년 8월 9일 22시,수요일,충청북도 청주시 상당구 서운동,경상사고,0,0,3,0,차대차 - 측면충돌,교차로운행방법위반,젖음/습기,비,교차로 - 교차로안,승용,남,27세,경상,승합,남,57세,경상
2017080900100654,2017년 8월 9일 23시,수요일,충청북도 청주시 청원구 오창읍,중상사고,0,1,1,0,차대차 - 정면충돌,교차로운행방법위반,젖음/습기,비,교차로 - 교차로안,승용,남,43세,경상,승용,여,50세,중상
2017081000100034,2017년 8월 10일 00시,목요일,충청북도 청주시 서원구 개신동,경상사고,0,0,1,0,차대차 - 기타,신호위반,젖음/습기,비,교차로 - 교차로안,승용,여,50세,상해없음,승용,남,55세,상해없음
2017081000100076,2017년 8월 10일 04시,목요일,충청북도 청주시 흥덕구 복대동,중상사고,0,1,0,0,차대사람 - 횡단중,보행자보호의무위반,젖음/습기,비,교차로 - 교차로횡단보도내,승합,여,62세,상해없음,보행자,남,74세,중상
2017081000100117,2017년 8월 10일 07시,목요일,충청북도 충주시 주덕읍,중상사고,0,1,2,0,차대차 - 정면충돌,안전거리미확보,건조,맑음,단일로 - 기타,승용,남,63세,중상,승용,여,48세,경상
2017081000100190,2017년 8월 10일 09시,목요일,충청북도 충주시 수안보면,경상사고,0,0,1,0,차대사람 - 횡단중,안전운전불이행,건조,맑음,기타 - 기타,화물,남,54세,상해없음,보행자,여,82세,경상
2017081000100191,2017년 8월 10일 09시,목요일,충청북도 청주시 흥덕구 가경동,중상사고,0,1,0,0,차대차 - 측면충돌,중앙선침범,젖음/습기,비,교차로 - 교차로부근,화물,남,65세,상해없음,승용,여,22세,중상
2017081000100192,2017년 8월 10일 09시,목요일,충청북도 청주시 서원구 모충동,경상사고,0,0,1,0,차대사람 - 횡단중,안전운전불이행,젖음/습기,비,교차로 - 교차로안,화물,남,64세,상해없음,보행자,남,73세,경상
2017081000100252,2017년 8월 10일 11시,목요일,충청북도 음성군 생극면,중상사고,0,1,1,0,차대차 - 측면충돌,중앙선침범,젖음/습기,맑음,교차로 - 교차로안,화물,여,55세,중상,승용,여,37세,경상
2017081000100279,2017년 8월 10일 12시,목요일,충청북도 제천시 강제동,중상사고,0,1,0,0,차대차 - 측면충돌,직진우회전진행방해,건조,맑음,교차로 - 교차로안,승용,남,59세,상해없음,이륜,남,76세,중상
2017081000100280,2017년 8월 10일 12시,목요일,충청북도 증평군 증평읍,경상사고,0,0,1,0,차대차 - 측면충돌,안전운전불이행,건조,맑음,교차로 - 교차로안,승합,남,41세,상해없음,이륜,남,76세,경상
2017081000100313,2017년 8월 10일 13시,목요일,충청북도 제천시 영천동,경상사고,0,0,3,0,차대차 - 측면충돌,안전운전불이행,건조,흐림,교차로 - 교차로안,승용,남,60세,경상,화물,남,61세,상해없음
2017081000100314,2017년 8월 10일 13시,목요일,충청북도 괴산군 괴산읍,중상사고,0,1,1,0,차대차 - 측면충돌,직진우회전진행방해,건조,맑음,교차로 - 교차로안,승합,남,36세,경상,승용,여,39세,중상
2017081000100315,2017년 8월 10일 13시,목요일,충청북도 진천군 진천읍,중상사고,0,1,1,0,차대차 - 기타,신호위반,젖음/습기,비,교차로 - 교차로안,이륜,남,76세,기타불명,승용,여,45세,경상
2017081000100344,2017년 8월 10일 14시,목요일,충청북도 청주시 청원구 우암동,중상사고,0,1,1,0,차대차 - 기타,안전운전불이행,건조,맑음,교차로 - 교차로안,승용,남,61세,경상,승용,남,47세,중상
2017081000100374,2017년 8월 10일 15시,목요일,충청북도 청주시 흥덕구 오송읍,중상사고,0,1,2,0,차대차 - 측면충돌,신호위반,건조,맑음,교차로 - 교차로안,승용,남,23세,상해없음,승용,남,54세,경상
2017081000100375,2017년 8월 10일 15시,목요일,충청북도 청주시 흥덕구 봉명동,경상사고,0,0,2,0,차대차 - 기타,불법유턴,건조,맑음,교차로 - 교차로안,승용,남,25세,상해없음,승용,남,34세,경상
2017081000100418,2017년 8월 10일 16시,목요일,충청북도 제천시 중앙로2가,경상사고,0,0,1,0,차대사람 - 횡단중,안전운전불이행,건조,맑음,교차로 - 교차로안,승용,남,19세,상해없음,보행자,여,52세,경상
2017081000100419,2017년 8월 10일 16시,목요일,충청북도 제천시 의림동,중상사고,0,1,1,0,차대차 - 측면충돌,중앙선침범,건조,맑음,교차로 - 교차로안,승용,남,83세,상해없음,승용,여,47세,중상
2017081000100420,2017년 8월 10일 16시,목요일,충청북도 청주시 상당구 용암동,경상사고,0,0,1,0,차대사람 - 횡단중,안전운전불이행,건조,맑음,단일로 - 기타,승용,여,35세,상해없음,보행자,여,43세,경상
2017081000100459,2017년 8월 10일 17시,목요일,충청북도 충주시 중앙탑면,중상사고,0,2,1,0,차대차 - 추돌,안전거리미확보,젖음/습기,비,단일로 - 기타,승용,남,33세,상해없음,승용,남,63세,중상
2017081000100460,2017년 8월 10일 17시,목요일,충청북도 충주시 중앙탑면,중상사고,0,2,2,0,차대차 - 측면충돌,안전운전불이행,건조,맑음,단일로 - 기타,승용,남,54세,경상,승용,남,49세,상해없음
2017081000100497,2017년 8월 10일 18시,목요일,충청북도 청주시 서원구 사창동,중상사고,0,1,0,0,차대차 - 기타,중앙선침범,건조,맑음,단일로 - 기타,자전거,남,23세,중상,승용,남,41세,상해없음
2017081000100498,2017년 8월 10일 18시,목요일,충청북도 청주시 흥덕구 오송읍,중상사고,0,1,0,0,차대차 - 측면충돌,신호위반,건조,맑음,교차로 - 교차로횡단보도내,승합,남,66세,상해없음,자전거,남,9세,중상
2017081000100499,2017년 8월 10일 18시,목요일,충청북도 청주시 상당구 용정동,경상사고,0,0,3,2,차대차 - 측면충돌,안전운전불이행,건조,맑음,교차로 - 교차로부근,승용,남,57세,경상,승합,남,48세,상해없음
2017081000100564,2017년 8월 10일 20시,목요일,충청북도 청주시 청원구 사천동,중상사고,0,1,1,0,차대차 - 기타,교차로운행방법위반,건조,맑음,교차로 - 교차로안,승용,남,54세,상해없음,승용,남,60세,상해없음
2017081000100596,2017년 8월 10일 21시,목요일,충청북도 충주시 교현동,경상사고,0,0,2,0,차대차 - 추돌,안전운전불이행,건조,맑음,단일로 - 기타,승용,여,52세,상해없음,승용,남,37세,경상
2017081000100674,2017년 8월 10일 23시,목요일,충청북도 음성군 금왕읍,중상사고,0,1,2,0,차대차 - 측면충돌,중앙선침범,건조,맑음,단일로 - 기타,승용,남,53세,경상,승용,남,37세,중상
2017081000100675,2017년 8월 10일 23시,목요일,충청북도 청주시 흥덕구 비하동,경상사고,0,0,1,0,차대차 - 측면충돌,안전운전불이행,건조,맑음,교차로 - 교차로안,승용,남,63세,상해없음,이륜,남,33세,경상
2017081100100031,2017년 8월 11일 00시,금요일,충청북도 청주시 청원구 율량동,중상사고,0,1,0,0,차대사람 - 횡단중,기타,건조,맑음,교차로 - 교차로안,승용,남,58세,상해없음,보행자,여,47세,중상
2017081100100032,2017년 8월 11일 00시,금요일,충청북도 청주시 상당구 용암동,경상사고,0,0,1,0,차대차 - 측면충돌,신호위반,건조,맑음,교차로 - 교차로안,승용,남,57세,상해없음,승용,남,44세,경상
2017081100100058,2017년 8월 11일 02시,금요일,충청북도 제천시 청전동,사망사고,1,0,0,0,차대사람 - 기타,안전운전불이행,젖음/습기,비,교차로 - 교차로부근,승용,남,40세,상해없음,보행자,남,55세,사망
2017081100100085,2017년 8월 11일 05시,금요일,충청북도 영동군 영동읍,중상사고,0,2,0,0,차대차 - 측면충돌,중앙선침범,건조,맑음,단일로 - 기타,승용,남,67세,상해없음,화물,남,62세,중상
2017081100100108,2017년 8월 11일 07시,금요일,충청북도 증평군 증평읍,경상사고,0,0,1,0,차대차 - 측면충돌,안전운전불이행,건조,맑음,교차로 - 교차로안,자전거,여,80세,경상,승용,여,27세,상해없음
2017081100100142,2017년 8월 11일 08시,금요일,충청북도 청주시 흥덕구 송정동,경상사고,0,0,1,0,차대차 - 측면충돌,안전거리미확보,건조,맑음,단일로 - 기타,승용,남,25세,상해없음,승용,남,37세,경상
2017081100100168,2017년 8월 11일 09시,금요일,충청북도 청주시 흥덕구 강내면,경상사고,0,0,1,0,차대차 - 정면충돌,안전운전불이행,건조,맑음,교차로 - 교차로부근,화물,남,34세,상해없음,승용,남,47세,경상
2017081100100195,2017년 8월 11일 10시,금요일,충청북도 제천시 명동,경상사고,0,0,4,0,차대차 - 추돌,안전운전불이행,젖음/습기,흐림,교차로 - 교차로부근,승용,남,36세,상해없음,승용,남,44세,경상
2017081100100196,2017년 8월 11일 10시,금요일,충청북도 증평군 증평읍,경상사고,0,0,1,1,차대차 - 측면충돌,교차로운행방법위반,건조,맑음,교차로 - 교차로안,승용,남,31세,부상신고,승용,남,58세,경상
2017081100100197,2017년 8월 11일 10시,금요일,충청북도 옥천군 옥천읍,경상사고,0,0,1,0,차대사람 - 횡단중,안전운전불이행,건조,맑음,단일로 - 기타,승용,여,36세,상해없음,보행자,남,80세,경상
2017081100100198,2017년 8월 11일 10시,금요일,충청북도 청주시 흥덕구 정봉동,경상사고,0,0,1,0,차대사람 - 기타,안전운전불이행,건조,맑음,단일로 - 기타,승용,여,51세,상해없음,보행자,남,29세,경상
2017081100100199,2017년 8월 11일 10시,금요일,충청북도 충주시 노은면,중상사고,0,1,0,0,차대사람 - 기타,안전운전불이행,건조,맑음,단일로 - 기타,승합,남,64세,상해없음,보행자,남,43세,중상
2017081100100230,2017년 8월 11일 11시,금요일,충청북도 음성군 삼성면,중상사고,0,1,0,0,차대사람 - 횡단중,안전운전불이행,건조,맑음,교차로 - 교차로부근,화물,남,65세,상해없음,보행자,여,69세,중상
2017081100100270,2017년 8월 11일 12시,금요일,충청북도 충주시 교현동,중상사고,0,1,0,0,차대차 - 측면충돌,신호위반,건조,맑음,교차로 - 교차로안,승용,남,59세,상해없음,이륜,남,78세,중상
2017081100100306,2017년 8월 11일 13시,금요일,충청북도 충주시 봉방동,중상사고,0,1,0,0,차대차 - 정면충돌,교차로운행방법위반,건조,맑음,교차로 - 교차로안,건설기계,남,56세,상해없음,화물,남,47세,중상
2017081100100342,2017년 8월 11일 14시,금요일,충청북도 충주시 산척면,중상사고,0,4,0,0,차대차 - 측면충돌,직진우회전진행방해,건조,맑음,교차로 - 교차로안,승용,여,45세,중상,화물,남,48세,상해없음
2017081100100343,2017년 8월 11일 14시,금요일,충청북도 괴산군 사리면,경상사고,0,0,2,0,차대차 - 정면충돌,중앙선침범,건조,맑음,단일로 - 기타,승용,남,78세,상해없음,승용,남,79세,경상
2017081100100344,2017년 8월 11일 14시,금요일,충청북도 청주시 흥덕구 신봉동,경상사고,0,0,1,0,차대차 - 추돌,안전운전불이행,건조,맑음,단일로 - 기타,화물,남,61세,기타불명,화물,남,27세,경상
2017081100100386,2017년 8월 11일 15시,금요일,충청북도 영동군 양산면,중상사고,0,1,0,0,차량단독 - 기타,안전운전불이행,건조,맑음,단일로 - 기타,승용,남,72세,중상,,,,
2017081100100434,2017년 8월 11일 16시,금요일,충청북도 청주시 서원구 성화동,경상사고,0,0,1,0,차대차 - 추돌,안전운전불이행,건조,맑음,교차로 - 교차로부근,승용,남,65세,상해없음,승용,남,39세,상해없음
2017081100100435,2017년 8월 11일 16시,금요일,충청북도 청주시 흥덕구 오송읍,경상사고,0,0,1,0,차대차 - 추돌,신호위반,건조,맑음,단일로 - 기타,승용,여,56세,상해없음,승용,여,30세,경상
2017081100100523,2017년 8월 11일 18시,금요일,충청북도 제천시 강제동,경상사고,0,0,2,0,차대차 - 측면충돌,신호위반,건조,맑음,교차로 - 교차로안,이륜,남,56세,경상,승용,남,43세,경상
2017081100100524,2017년 8월 11일 18시,금요일,충청북도 영동군 심천면,중상사고,0,1,0,0,차대차 - 기타,안전운전불이행,건조,맑음,교차로 - 교차로안,이륜,남,56세,중상,승용,남,56세,상해없음
2017081100100525,2017년 8월 11일 18시,금요일,충청북도 보은군 보은읍,중상사고,0,1,0,0,차대차 - 측면충돌,교차로운행방법위반,건조,맑음,교차로 - 교차로안,승용,남,37세,상해없음,이륜,남,79세,중상
2017081100100526,2017년 8월 11일 18시,금요일,충청북도 옥천군 이원면,경상사고,0,0,1,1,차대차 - 측면충돌,중앙선침범,건조,맑음,단일로 - 기타,승용,여,52세,상해없음,승용,남,36세,경상
2017081100100569,2017년 8월 11일 19시,금요일,충청북도 청주시 청원구 오창읍,경상사고,0,0,4,0,차대차 - 정면충돌,안전운전불이행,건조,흐림,단일로 - 기타,승용,남,32세,경상,승용,여,25세,경상
2017081100100570,2017년 8월 11일 19시,금요일,충청북도 청주시 흥덕구 비하동,경상사고,0,0,1,0,차대차 - 측면충돌,안전거리미확보,건조,맑음,단일로 - 기타,승용,여,43세,상해없음,승용,남,25세,경상
2017081100100571,2017년 8월 11일 19시,금요일,충청북도 청주시 서원구 수곡동,경상사고,0,0,1,0,차대차 - 측면충돌,안전운전불이행,건조,맑음,교차로 - 교차로부근,승용,남,34세,상해없음,이륜,남,21세,경상
2017081100100615,2017년 8월 11일 20시,금요일,충청북도 음성군 음성읍,중상사고,0,1,4,0,차대차 - 추돌,안전거리미확보,건조,맑음,단일로 - 기타,승용,남,53세,경상,승용,남,31세,경상
2017081100100616,2017년 8월 11일 20시,금요일,충청북도 진천군 덕산면,중상사고,0,1,0,0,차대사람 - 기타,안전운전불이행,젖음/습기,흐림,교차로 - 교차로안,승용,여,32세,상해없음,보행자,여,25세,중상
2017081100100617,2017년 8월 11일 20시,금요일,충청북도 청주시 흥덕구 가경동,경상사고,0,0,1,0,차대차 - 측면충돌,신호위반,건조,맑음,교차로 - 교차로안,승용,남,36세,상해없음,승용,남,29세,경상
2017081100100710,2017년 8월 11일 23시,금요일,충청북도 충주시 주덕읍,경상사고,0,0,1,1,차대차 - 측면충돌,안전운전불이행,건조,맑음,단일로 - 기타,승용,남,28세,부상신고,승용,남,29세,경상
2017081200100037,2017년 8월 12일 00시,토요일,충청북도 청주시 흥덕구 석소동,경상사고,0,0,1,0,차대차 - 측면충돌,교차로운행방법위반,건조,맑음,교차로 - 교차로안,승용,남,61세,기타불명,승용,여,37세,경상
2017081200100051,2017년 8월 12일 01시,토요일,충청북도 진천군 광혜원면,경상사고,0,0,1,0,차대차 - 기타,교차로운행방법위반,건조,기타,교차로 - 교차로안,승용,남,50세,상해없음,승용,남,37세,경상
2017081200100093,2017년 8월 12일 04시,토요일,충청북도 청주시 흥덕구 복대동,경상사고,0,0,2,0,차대차 - 추돌,안전운전불이행,건조,맑음,교차로 - 교차로부근,승용,남,44세,경상,승용,여,34세,경상
2017081200100105,2017년 8월 12일 05시,토요일,충청북도 청주시 서원구 모충동,경상사고,0,0,2,0,차대차 - 측면충돌,신호위반,건조,맑음,교차로 - 교차로안,승용,여,35세,경상,승용,여,30세,경상
2017081200100119,2017년 8월 12일 06시,토요일,충청북도 충주시 안림동,경상사고,0,0,1,0,차대차 - 정면충돌,안전거리미확보,건조,맑음,교차로 - 교차로부근,승용,여,28세,상해없음,승용,여,39세,경상
2017081200100138,2017년 8월 12일 07시,토요일,충청북도 청주시 흥덕구 옥산면,중상사고,0,1,0,0,차대차 - 추돌,안전운전불이행,건조,맑음,교차로 - 교차로부근,화물,남,37세,상해없음,승용,남,39세,중상
2017081200100161,2017년 8월 12일 08시,토요일,충청북도 청주시 청원구 사천동,경상사고,0,0,1,0,차대차 - 측면충돌,신호위반,건조,맑음,교차로 - 교차로안,승합,남,64세,상해없음,승용,남,52세,경상
2017081200100162,2017년 8월 12일 08시,토요일,충청북도 청주시 서원구 성화동,경상사고,0,0,1,0,차대차 - 측면충돌,안전운전불이행,건조,맑음,교차로 - 교차로안,자전거,여,49세,경상,승용,여,34세,상해없음