사고번호,사고일시,요일,시군구,사고내용,사망자수,중상자수,경상자수,부상신고자수,사고유형,법규위반,노면상태,기상상태,도로형태,가해운전자 차종,가해운전자 성별,가해운전자 연령,가해운전자 상해정도,피해운전자 차종,피해운전자 성별,피해운전자 연령,피해운전자 상해정도
2017081700100047,2017년 8월 17일 01시,목요일,충청북도 청주시 상당구 용암동,경상사고,0,0,1,0,차대차 - 기타,안전거리미확보,젖음/습기,비,단일로 - 기타,승용,남,24세,상해없음,승용,여,54세,경상
2017081700100088,2017년 8월 17일 05시,목요일,충청북도 충주시 문화동,경상사고,0,0,1,1,차대차 - 측면충돌,직진우회전진행방해,건조,맑음,교차로 - 교차로안,승용,여,54세,부상신고,승용,남,50세,경상
2017081700100089,2017년 8월 17일 05시,목요일,충청북도 충주시 목행동,경상사고,0,0,1,0,차대차 - 정면충돌,안전거리미확보,젖음/습기,비,단일로 - 기타,승용,남,62세,상해없음,승용,남,31세,경상
2017081700100140,2017년 8월 17일 08시,목요일,충청북도 청주시 상당구 수동,중상사고,0,1,0,0,차대차 - 측면충돌,교차로운행방법위반,건조,맑음,교차로 - 교차로안,승용,남,27세,상해없음,승용,남,72세,상해없음
2017081700100141,2017년 8월 17일 08시,목요일,충청북도 청주시 청원구 오창읍,중상사고,0,1,0,0,차대사람 - 횡단중,안전운전불이행,건조,맑음,교차로 - 교차로부근,승용,여,32세,상해없음,보행자,남,16세,중상
2017081700100195,2017년 8월 17일 10시,목요일,충청북도 옥천군 옥천읍,경상사고,0,0,1,0,차대차 - 측면충돌,교차로운행방법위반,건조,맑음,교차로 - 교차로안,화물,남,62세,상해없음,이륜,남,58세,경상
2017081700100249,2017년 8월 17일 12시,목요일,충청북도 제천시 하소동,중상사고,0,1,1,0,차대차 - 측면충돌,신호위반,건조,흐림,교차로 - 교차로안,승합,남,38세,경상,승용,여,51세,중상
2017081700100250,2017년 8월 17일 12시,목요일,충청북도 진천군 문백면,경상사고,0,0,2,0,차대차 - 추돌,안전운전불이행,건조,맑음,기타 - 기타,승용,남,42세,상해없음,승용,여,57세,경상
2017081700100278,2017년 8월 17일 13시,목요일,충청북도 청주시 청원구 우암동,중상사고,0,1,0,0,차대차 - 측면충돌,안전운전불이행,건조,맑음,교차로 - 교차로안,화물,남,40세,상해없음,자전거,여,67세,중상
2017081700100279,2017년 8월 17일 13시,목요일,충청북도 충주시 연수동,경상사고,0,0,1,0,차대차 - 기타,안전거리미확보,건조,맑음,교차로 - 교차로부근,승용,남,41세,상해없음,승용,여,50세,상해없음
2017081700100280,2017년 8월 17일 13시,목요일,충청북도 제천시 하소동,경상사고,0,0,1,0,차대차 - 추돌,안전거리미확보,건조,맑음,교차로 - 교차로부근,화물,남,44세,상해없음,화물,남,55세,상해없음
2017081700100335,2017년 8월 17일 15시,목요일,충청북도 충주시 문화동,경상사고,0,0,2,1,차대차 - 측면충돌,안전운전불이행,건조,맑음,교차로 - 교차로안,화물,남,70세,부상신고,승용,여,57세,경상
2017081700100336,2017년 8월 17일 15시,목요일,충청북도 청주시 상당구 남일면,중상사고,0,1,0,0,차대사람 - 길가장자리구역통행중,안전운전불이행,건조,맑음,단일로 - 기타,승용,여,59세,상해없음,보행자,남,82세,중상
2017081700100372,2017년 8월 17일 16시,목요일,충청북도 청주시 상당구 영동,경상사고,0,0,1,0,차대차 - 측면충돌,안전운전불이행,건조,맑음,교차로 - 교차로안,자전거,남,71세,경상,승용,여,40세,상해없음
2017081700100373,2017년 8월 17일 16시,목요일,충청북도 충주시 교현동,경상사고,0,0,1,0,차대차 - 측면충돌,안전운전불이행,건조,맑음,교차로 - 교차로부근,승용,여,40세,상해없음,이륜,남,71세,경상
2017081700100374,2017년 8월 17일 16시,목요일,충청북도 진천군 진천읍,경상사고,0,0,1,0,차대차 - 추돌,안전거리미확보,건조,맑음,단일로 - 기타,승용,남,54세,상해없음,승용,남,51세,경상
2017081700100413,2017년 8월 17일 17시,목요일,충청북도 청주시 청원구 오창읍,경상사고,0,0,1,0,차대차 - 측면충돌,안전운전불이행,건조,맑음,교차로 - 교차로안,화물,남,54세,상해없음,승용,여,45세,경상
2017081700100457,2017년 8월 17일 18시,목요일,충청북도 청주시 청원구 내덕동,경상사고,0,0,2,0,차대차 - 측면충돌,교차로운행방법위반,건조,맑음,교차로 - 교차로안,승용,여,50세,상해없음,승용,남,25세,경상
2017081700100458,2017년 8월 17일 18시,목요일,충청북도 충주시 성내동,경상사고,0,0,1,0,차대차 - 측면충돌,직진우회전진행방해,건조,맑음,교차로 - 교차로안,승용,여,33세,상해없음,이륜,남,33세,경상
2017081700100486,2017년 8월 17일 19시,목요일,충청북도 증평군 증평읍,중상사고,0,1,0,0,차대차 - 측면충돌,신호위반,건조,맑음,교차로 - 교차로안,승용,남,50세,상해없음,화물,남,53세,중상
2017081700100487,2017년 8월 17일 19시,목요일,충청북도 청주시 흥덕구 운천동,경상사고,0,0,3,0,차대차 - 측면충돌,안전운전불이행,건조,맑음,단일로 - 기타,승용,여,54세,경상,승용,남,32세,경상
2017081700100518,2017년 8월 17일 20시,목요일,충청북도 청주시 흥덕구 운천동,경상사고,0,0,1,0,차대차 - 측면충돌,안전운전불이행,건조,맑음,단일로 - 기타,승용,여,46세,상해없음,이륜,남,54세,경상
2017081700100545,2017년 8월 17일 21시,목요일,충청북도 제천시 모산동,경상사고,0,0,1,0,차대사람 - 보도통행중,기타,건조,맑음,단일로 - 기타,자전거,남,46세,상해없음,보행자,여,50세,경상
2017081700100546,2017년 8월 17일 21시,목요일,충청북도 청주시 상당구 용암동,경상사고,0,0,1,0,차대차 - 정면충돌,중앙선침범,건조,맑음,교차로 - 교차로부근,이륜,남,32세,상해없음,승용,여,57세,경상
2017081700100574,2017년 8월 17일 22시,목요일,충청북도 청주시 청원구 우암동,경상사고,0,0,3,0,차대차 - 추돌,안전운전불이행,건조,맑음,교차로 - 교차로부근,승용,남,20세,상해없음,승용,여,53세,경상
2017081700100602,2017년 8월 17일 23시,목요일,충청북도 청주시 청원구 오창읍,중상사고,0,1,0,0,차대차 - 추돌,안전운전불이행,건조,맑음,교차로 - 교차로부근,승용,남,36세,상해없음,승용,남,46세,중상
2017081700100603,2017년 8월 17일 23시,목요일,충청북도 청주시 서원구 수곡동,중상사고,0,1,0,0,차대차 - 측면충돌,신호위반,젖음/습기,비,교차로 - 교차로안,승용,남,51세,상해없음,승용,여,43세,중상
2017081800100020,2017년 8월 18일 00시,금요일,충청북도 충주시 연수동,중상사고,0,1,0,1,차대차 - 기타,신호위반,건조,맑음,교차로 - 교차로안,화물,남,41세,부상신고,이륜,남,19세,중상
2017081800100059,2017년 8월 18일 05시,금요일,충청북도 청주시 흥덕구 강내면,경상사고,0,0,4,0,차대차 - 추돌,안전운전불이행,건조,맑음,교차로 - 교차로부근,화물,남,47세,상해없음,화물,남,65세,경상
2017081800100086,2017년 8월 18일 07시,금요일,충청북도 청주시 서원구 사직동,중상사고,0,1,0,0,차대차 - 기타,안전운전불이행,건조,맑음,교차로 - 교차로안,승용,남,52세,상해없음,자전거,남,13세,중상
2017081800100117,2017년 8월 18일 08시,금요일,충청북도 청주시 청원구 우암동,경상사고,0,0,2,0,차대차 - 측면충돌,신호위반,건조,맑음,교차로 - 교차로안,승용,남,48세,경상,승용,여,28세,경상
2017081800100118,2017년 8월 18일 08시,금요일,충청북도 충주시 엄정면,중상사고,0,2,1,0,차대차 - 정면충돌,신호위반,건조,맑음,교차로 - 교차로안,승용,남,39세,경상,승용,남,79세,중상
2017081800100119,2017년 8월 18일 08시,금요일,충청북도 음성군 삼성면,경상사고,0,0,1,0,차대차 - 측면충돌,안전운전불이행,건조,흐림,단일로 - 기타,승용,남,45세,상해없음,자전거,남,11세,경상
2017081800100155,2017년 8월 18일 09시,금요일,충청북도 청주시 서원구 사직동,중상사고,0,1,0,0,차대차 - 기타,교차로운행방법위반,건조,맑음,교차로 - 교차로안,승합,남,39세,상해없음,원동기,남,73세,중상
2017081800100156,2017년 8월 18일 09시,금요일,충청북도 증평군 증평읍,부상신고사고,0,0,0,1,차대차 - 측면충돌,안전운전불이행,건조,맑음,교차로 - 교차로부근,이륜,남,81세,부상신고,승용,남,74세,상해없음
2017081800100180,2017년 8월 18일 10시,금요일,충청북도 충주시 목행동,중상사고,0,1,2,0,차대차 - 측면충돌,신호위반,건조,맑음,교차로 - 교차로안,승합,남,53세,상해없음,승용,남,60세,중상
2017081800100206,2017년 8월 18일 11시,금요일,충청북도 충주시 종민동,부상신고사고,0,0,0,1,차량단독 - 전도전복 - 전도,안전운전불이행,건조,맑음,단일로 - 기타,원동기,남,77세,부상신고,,,,
2017081800100243,2017년 8월 18일 12시,금요일,충청북도 청주시 서원구 사창동,중상사고,0,1,0,0,차대차 - 기타,안전운전불이행,젖음/습기,비,단일로 - 기타,승용,남,62세,상해없음,이륜,남,45세,중상
2017081800100244,2017년 8월 18일 12시,금요일,충청북도 청주시 청원구 율량동,경상사고,0,0,1,0,차대사람 - 기타,안전운전불이행,건조,맑음,단일로 - 기타,승용,남,61세,상해없음,보행자,여,30세,경상
2017081800100245,2017년 8월 18일 12시,금요일,충청북도 제천시 신동,경상사고,0,0,1,1,차대차 - 측면충돌,직진우회전진행방해,건조,맑음,교차로 - 교차로부근,건설기계,남,58세,경상,화물,남,41세,부상신고
2017081800100246,2017년 8월 18일 12시,금요일,충청북도 음성군 삼성면,중상사고,0,1,0,0,차대차 - 측면충돌,신호위반,건조,맑음,교차로 - 교차로안,승용,남,29세,상해없음,이륜,남,76세,중상
2017081800100275,2017년 8월 18일 13시,금요일,충청북도 증평군 증평읍,중상사고,0,1,0,0,차대차 - 측면충돌,기타,건조,맑음,교차로 - 교차로안,이륜,남,48세,중상,승용,여,64세,상해없음
2017081800100276,2017년 8월 18일 13시,금요일,충청북도 옥천군 옥천읍,중상사고,0,1,0,0,차대차 - 기타,교차로운행방법위반,건조,맑음,교차로 - 교차로안,기타불명,기타불명,미분류,기타불명,자전거,남,49세,중상
2017081800100304,2017년 8월 18일 14시,금요일,충청북도 청주시 흥덕구 봉명동,중상사고,0,1,0,0,차대사람 - 횡단중,안전운전불이행,건조,맑음,교차로 - 교차로안,승용,남,53세,상해없음,보행자,여,57세,중상
2017081800100377,2017년 8월 18일 16시,금요일,충청북도 청주시 서원구 미평동,경상사고,0,0,1,0,차대차 - 후진중충돌,안전운전불이행,건조,맑음,교차로 - 교차로안,화물,남,60세,상해없음,승용,여,56세,경상
2017081800100521,2017년 8월 18일 20시,금요일,충청북도 청주시 청원구 사천동,경상사고,0,0,1,0,차대사람 - 기타,안전운전불이행,건조,맑음,단일로 - 기타,승용,여,58세,상해없음,보행자,여,41세,상해없음
2017081800100522,2017년 8월 18일 20시,금요일,충청북도 청주시 상당구 금천동,경상사고,0,0,1,0,차대사람 - 횡단중,안전운전불이행,건조,맑음,교차로 - 교차로안,승용,남,63세,상해없음,보행자,남,46세,경상
2017081800100523,2017년 8월 18일 20시,금요일,충청북도 음성군 삼성면,중상사고,0,2,1,0,차대차 - 추돌,안전운전불이행,건조,맑음,기타 - 기타,승용,남,36세,상해없음,승용,남,45세,중상
2017081800100551,2017년 8월 18일 21시,금요일,충청북도 충주시 성내동,경상사고,0,0,1,0,차대차 - 측면충돌,안전운전불이행,젖음/습기,비,단일로 - 기타,승용,남,72세,상해없음,승용,남,48세,경상
2017081800100552,2017년 8월 18일 21시,금요일,충청북도 충주시 교현동,중상사고,0,1,0,0,차대사람 - 기타,안전운전불이행,건조,맑음,교차로 - 교차로부근,승용,남,22세,상해없음,보행자,남,44세,중상
2017081800100553,2017년 8월 18일 21시,금요일,충청북도 제천시 하소동,경상사고,0,0,2,0,차대차 - 추돌,안전운전불이행,건조,맑음,교차로 - 교차로부근,승용,남,52세,경상,승용,남,38세,경상
2017081900100059,2017년 8월 19일 02시,토요일,충청북도 청주시 흥덕구 복대동,경상사고,0,0,1,0,차대사람 - 기타,신호위반,건조,맑음,교차로 - 교차로안,승용,남,52세,상해없음,보행자,여,49세,경상
2017081900100060,2017년 8월 19일 02시,토요일,충청북도 충주시 앙성면,경상사고,0,0,1,0,차대차 - 측면충돌,안전운전불이행,건조,맑음,단일로 - 터널,특수,남,51세,상해없음,승용,남,48세,상해없음
2017081900100083,2017년 8월 19일 04시,토요일,충청북도 충주시 칠금동,경상사고,0,0,3,1,차대차 - 기타,차로위반,건조,맑음,단일로 - 기타,화물,남,38세,상해없음,승용,여,44세,경상
2017081900100095,2017년 8월 19일 05시,토요일,충청북도 음성군 감곡면,경상사고,0,0,1,0,차대차 - 측면충돌,교차로운행방법위반,젖음/습기,흐림,교차로 - 교차로안,승용,남,40세,상해없음,승용,여,26세,경상
2017081900100138,2017년 8월 19일 08시,토요일,충청북도 충주시 봉방동,사망사고,1,0,0,0,차대사람 - 횡단중,안전운전불이행,건조,맑음,교차로 - 교차로안,화물,남,43세,상해없음,보행자,남,83세,사망
2017081900100176,2017년 8월 19일 10시,토요일,충청북도 충주시 교현동,경상사고,0,0,1,0,차대차 - 기타,안전운전불이행,건조,맑음,단일로 - 기타,승용,남,65세,상해없음,자전거,여,75세,경상
2017081900100209,2017년 8월 19일 11시,토요일,충청북도 옥천군 옥천읍,경상사고,0,0,1,0,차대차 - 측면충돌,교차로운행방법위반,건조,맑음,교차로 - 교차로안,화물,남,67세,상해없음,승용,여,29세,경상
2017081900100241,2017년 8월 19일 12시,토요일,충청북도 충주시 대소원면,경상사고,0,0,8,0,차대차 - 추돌,안전운전불이행,건조,맑음,교차로 - 교차로부근,승용,남,43세,상해없음,승용,남,37세,경상
2017081900100242,2017년 8월 19일 12시,토요일,충청북도 음성군 음성읍,중상사고,0,3,0,0,차대차 - 측면충돌,교차로운행방법위반,건조,맑음,교차로 - 교차로안,승용,여,42세,중상,승합,남,58세,중상
2017081900100243,2017년 8월 19일 12시,토요일,충청북도 청주시 흥덕구 봉명동,경상사고,0,0,1,0,차대사람 - 기타,보행자보호의무위반,건조,맑음,교차로 - 교차로안,승용,남,31세,상해없음,보행자,남,63세,경상
2017081900100244,2017년 8월 19일 12시,토요일,충청북도 청주시 서원구 남이면,경상사고,0,0,1,0,차대차 - 기타,중앙선침범,건조,맑음,단일로 - 기타,화물,남,44세,상해없음,승용,남,48세,경상
2017081900100271,2017년 8월 19일 13시,토요일,충청북도 충주시 금릉동,경상사고,0,0,2,0,차대차 - 측면충돌,안전운전불이행,건조,맑음,교차로 - 교차로안,이륜,남,59세,경상,승용,여,30세,경상
2017081900100272,2017년 8월 19일 13시,토요일,충청북도 제천시 한수면,경상사고,0,0,1,0,차대차 - 측면충돌,안전운전불이행,젖음/습기,비,교차로 - 교차로부근,이륜,남,80세,경상,승용,여,48세,상해없음
2017081900100273,2017년 8월 19일 13시,토요일,충청북도 진천군 진천읍,중상사고,0,2,0,0,차대차 - 추돌,안전운전불이행,건조,맑음,단일로 - 기타,화물,남,79세,상해없음,승용,여,57세,중상
2017081900100301,2017년 8월 19일 14시,토요일,충청북도 진천군 덕산면,중상사고,0,1,0,0,차대차 - 측면충돌,직진우회전진행방해,건조,맑음,교차로 - 교차로안,화물,남,60세,상해없음,이륜,남,47세,중상
2017081900100321,2017년 8월 19일 15시,토요일,충청북도 청주시 상당구 문의면,중상사고,0,1,0,0,차대차 - 기타,안전운전불이행,건조,맑음,교차로 - 교차로안,승용,남,55세,상해없음,자전거,남,60세,중상
2017081900100377,2017년 8월 19일 17시,토요일,충청북도 충주시 교현동,경상사고,0,0,2,0,차대차 - 측면충돌,직진우회전진행방해,건조,맑음,교차로 - 교차로안,승용,남,56세,상해없음,화물,남,39세,경상
2017081900100378,2017년 8월 19일 17시,토요일,충청북도 충주시 달천동,경상사고,0,0,2,0,차대차 - 추돌,신호위반,건조,맑음,교차로 - 교차로안,화물,남,53세,경상,승용,남,56세,경상
2017081900100379,2017년 8월 19일 17시,토요일,충청북도 음성군 맹동면,경상사고,0,0,4,0,차대차 - 측면충돌,교차로운행방법위반,젖음/습기,비,교차로 - 교차로안,승용,남,53세,상해없음,승용,남,36세,경상
2017081900100419,2017년 8월 19일 18시,토요일,충청북도 음성군 맹동면,중상사고,0,1,2,0,차대차 - 측면충돌,교차로운행방법위반,젖음/습기,비,교차로 - 교차로안,승용,남,56세,경상,건설기계,남,68세,중상
2017081900100420,2017년 8월 19일 18시,토요일,충청북도 음성군 맹동면,중상사고,0,1,0,0,차대차 - 측면충돌,교차로운행방법위반,젖음/습기,비,교차로 - 교차로안,승용,남,36세,상해없음,이륜,남,26세,중상
2017081900100455,2017년 8월 19일 19시,토요일,충청북도 청주시 흥덕구 복대동,경상사고,0,0,2,0,차대차 - 기타,안전운전불이행,건조,맑음,단일로 - 기타,승용,여,45세,상해없음,승용,남,32세,상해없음
2017081900100491,2017년 8월 19일 20시,토요일,충청북도 청주시 서원구 사창동,경상사고,0,0,1,0,차대차 - 기타,안전운전불이행,건조,맑음,단일로 - 기타,이륜,남,47세,경상,승용,남,54세,상해없음
2017081900100492,2017년 8월 19일 20시,토요일,충청북도 충주시 교현동,중상사고,0,1,0,0,차대차 - 기타,안전운전불이행,젖음/습기,흐림,교차로 - 교차로안,승용,남,48세,상해없음,승용,남,39세,중상
2017081900100493,2017년 8월 19일 20시,토요일,충청북도 영동군 황간면,경상사고,0,0,1,0,차대차 - 기타,안전운전불이행,건조,흐림,단일로 - 기타,이륜,남,70세,경상,화물,남,78세,상해없음
2017081900100494,2017년 8월 19일 20시,토요일,충청북도 청주시 서원구 성화동,경상사고,0,0,1,0,차대차 - 추돌,안전운전불이행,젖음/습기,비,교차로 - 교차로부근,승용,남,56세,상해없음,승용,남,69세,경상
2017081900100522,2017년 8월 19일 21시,토요일,충청북도 청주시 서원구 개신동,중상사고,0,1,0,0,차대사람 - 횡단중,신호위반,젖음/습기,비,교차로 - 교차로횡단보도내,승용,남,25세,상해없음,보행자,여,12세,중상
2017081900100547,2017년 8월 19일 22시,토요일,충청북도 청주시 청원구 내수읍,중상사고,0,1,1,0,차량단독 - 공작물충돌,안전운전불이행,젖음/습기,비,단일로 - 기타,승용,남,36세,경상,,,,
2017081900100586,2017년 8월 19일 23시,토요일,충청북도 청주시 흥덕구 운천동,경상사고,0,0,1,0,차대차 - 측면충돌,안전운전불이행,젖음/습기,비,단일로 - 기타,승용,남,36세,상해없음,이륜,남,35세,경상
2017082000100063,2017년 8월 20일 01시,일요일,충청북도 청주시 흥덕구 복대동,경상사고,0,0,1,0,차대차 - 측면충돌,신호위반,건조,맑음,교차로 - 교차로안,이륜,남,35세,상해없음,승용,남,57세,경상
2017082000100141,2017년 8월 20일 06시,일요일,충청북도 옥천군 옥천읍,경상사고,0,0,1,0,차대차 - 측면충돌,안전운전불이행,젖음/습기,비,단일로 - 기타,승용,여,62세,경상,승용,남,22세,상해없음
2017082000100160,2017년 8월 20일 08시,일요일,충청북도 충주시 단월동,중상사고,0,2,0,0,차량단독 - 전도전복,안전운전불이행,젖음/습기,비,단일로 - 기타,승용,남,51세,중상,미분류,미분류,미분류,미분류
2017082000100161,2017년 8월 20일 08시,일요일,충청북도 충주시 중앙탑면,사망사고,1,0,1,0,차대차 - 추돌,안전운전불이행,젖음/습기,비,단일로 - 기타,승용,남,57세,상해없음,승용,남,29세,경상
2017082000100170,2017년 8월 20일 09시,일요일,충청북도 충주시 연수동,중상사고,0,1,0,0,차대차 - 기타,안전운전불이행,건조,맑음,단일로 - 기타,기타불명,기타불명,미분류,기타불명,이륜,남,78세,중상
2017082000100190,2017년 8월 20일 10시,일요일,충청북도 청주시 청원구 율량동,경상사고,0,0,1,0,차대사람 - 기타,기타,건조,맑음,단일로 - 기타,승합,남,44세,상해없음,보행자,여,63세,경상
2017082000100191,2017년 8월 20일 10시,일요일,충청북도 음성군 원남면,중상사고,0,1,0,0,차대차 - 추돌,안전운전불이행,젖음/습기,비,단일로 - 기타,화물,남,40세,상해없음,이륜,여,56세,중상
2017082000100192,2017년 8월 20일 10시,일요일,충청북도 단양군 매포읍,경상사고,0,0,1,0,차량단독 - 전도전복 - 전복,안전운전불이행,젖음/습기,비,단일로 - 기타,승용,남,67세,상해없음,,,,
2017082000100193,2017년 8월 20일 10시,일요일,충청북도 청주시 흥덕구 가경동,경상사고,0,0,1,0,차대차 - 기타,안전운전불이행,젖음/습기,비,교차로 - 교차로부근,승용,남,60세,상해없음,승용,여,52세,경상
2017082000100215,2017년 8월 20일 11시,일요일,충청북도 청주시 청원구 내수읍,중상사고,0,1,0,0,차량단독 - 공작물충돌,안전운전불이행,건조,맑음,단일로 - 기타,승용,여,66세,기타불명,,,,
2017082000100216,2017년 8월 20일 11시,일요일,충청북도 청주시 청원구 내덕동,중상사고,0,1,0,0,차대차 - 측면충돌,교차로운행방법위반,건조,흐림,교차로 - 교차로안,화물,남,61세,상해없음,원동기,남,82세,중상
2017082000100217,2017년 8월 20일 11시,일요일,충청북도 음성군 맹동면,경상사고,0,0,1,0,차대차 - 측면충돌,교차로운행방법위반,젖음/습기,비,교차로 - 교차로안,승용,남,61세,상해없음,이륜,남,48세,경상
2017082000100254,2017년 8월 20일 13시,일요일,충청북도 충주시,경상사고,0,0,1,0,차대차 - 기타,교차로운행방법위반,건조,맑음,교차로 - 교차로안,승용,남,40세,상해없음,승용,여,64세,경상
2017082000100255,2017년 8월 20일 13시,일요일,충청북도 제천시 신월동,경상사고,0,0,3,0,차대차 - 추돌,안전운전불이행,젖음/습기,비,교차로 - 교차로부근,화물,남,65세,상해없음,승용,남,38세,경상
2017082000100256,2017년 8월 20일 13시,일요일,충청북도 청주시 상당구 용암동,경상사고,0,0,1,0,차대차 - 기타,안전거리미확보,젖음/습기,흐림,교차로 - 교차로부근,승용,여,57세,상해없음,승용,남,62세,경상
2017082000100282,2017년 8월 20일 14시,일요일,충청북도 음성군 감곡면,중상사고,0,1,0,0,차대차 - 기타,안전운전불이행,건조,맑음,단일로 - 기타,화물,남,46세,상해없음,승용,여,57세,중상
2017082000100283,2017년 8월 20일 14시,일요일,충청북도 진천군 초평면,사망사고,1,0,0,0,차량단독 - 전도전복,안전운전불이행,건조,맑음,단일로 - 기타,승용,남,59세,상해없음,미분류,미분류,미분류,미분류
2017082000100327,2017년 8월 20일 16시,일요일,충청북도 청주시 상당구 가덕면,경상사고,0,0,2,0,차대차 - 기타,안전운전불이행,건조,맑음,단일로 - 기타,화물,남,48세,상해없음,승용,여,64세,경상
2017082000100375,2017년 8월 20일 18시,일요일,충청북도 청주시 청원구 오창읍,경상사고,0,0,2,0,차대차 - 측면충돌,신호위반,건조,맑음,교차로 - 교차로안,승용,여,32세,경상,승용,남,27세,경상
2017082000100376,2017년 8월 20일 18시,일요일,충청북도 제천시 백운면,중상사고,0,1,1,0,차대차 - 기타,중앙선침범,건조,맑음,단일로 - 기타,승용,여,19세,경상,화물,남,47세,중상
2017082000100379,2017년 8월 20일 18시,일요일,충청북도 청주시 서원구 현도면,경상사고,0,0,1,0,차대사람 - 기타,안전운전불이행,건조,흐림,단일로 - 기타,화물,남,60세,상해없음,보행자,남,29세,경상
2017082000100424,2017년 8월 20일 20시,일요일,충청북도 제천시 중앙로2가,경상사고,0,0,3,0,차대차 - 기타,안전거리미확보,젖음/습기,흐림,단일로 - 기타,승용,여,61세,경상,승용,남,63세,경상
2017082000100425,2017년 8월 20일 20시,일요일,충청북도 음성군 대소면,중상사고,0,3,0,0,차대차 - 측면충돌,중앙선침범,젖음/습기,비,교차로 - 교차로부근,승용,여,51세,중상,승용,남,26세,중상
2017082000100487,2017년 8월 20일 22시,일요일,충청북도 청주시 청원구 우암동,경상사고,0,0,1,0,차대차 - 측면충돌,신호위반,건조,맑음,교차로 - 교차로안,승용,남,26세,상해없음,승용,남,20세,경상
2017082000100511,2017년 8월 20일 23시,일요일,충청북도 청주시 흥덕구 봉명동,경상사고,0,0,1,0,차대차 - 측면충돌,안전운전불이행,건조,맑음,교차로 - 교차로부근,화물,남,67세,상해없음,승용,여,52세,경상
2017082100100019,2017년 8월 21일 00시,월요일,충청북도 청주시 상당구 용담동,경상사고,0,0,2,0,차대차 - 기타,안전운전불이행,건조,맑음,교차로 - 교차로부근,승용,남,51세,상해없음,승용,여,51세,경상
2017082100100020,2017년 8월 21일 00시,월요일,충청북도 청주시 상당구 용암동,중상사고,0,1,0,0,차대차 - 기타,신호위반,건조,맑음,교차로 - 교차로안,원동기,남,19세,중상,화물,남,21세,상해없음
2017082100100057,2017년 8월 21일 04시,월요일,충청북도 청주시 서원구 사직동,중상사고,0,1,1,0,차대차 - 기타,교차로운행방법위반,건조,맑음,교차로 - 교차로안,승용,여,37세,경상,승용,여,57세,중상
2017082100100098,2017년 8월 21일 07시,월요일,충청북도 청주시 청원구 오창읍,중상사고,0,1,3,0,차대차 - 정면충돌,신호위반,젖음/습기,비,교차로 - 교차로안,승용,남,30세,경상,승용,남,33세,경상
2017082100100099,2017년 8월 21일 07시,월요일,충청북도 제천시 고암동,중상사고,0,1,0,0,차대차 - 측면충돌,안전운전불이행,젖음/습기,비,기타 - 기타,화물,남,73세,상해없음,승용,여,65세,중상
2017082100100100,2017년 8월 21일 07시,월요일,충청북도 청주시 흥덕구 내곡동,경상사고,0,0,4,0,차대차 - 추돌,안전운전불이행,건조,맑음,단일로 - 기타,승용,여,33세,상해없음,승용,남,52세,경상
2017082100100137,2017년 8월 21일 08시,월요일,충청북도 제천시 청전동,중상사고,0,1,1,0,차대차 - 기타,안전운전불이행,건조,맑음,단일로 - 기타,승용,남,57세,상해없음,이륜,남,69세,경상
2017082100100138,2017년 8월 21일 08시,월요일,충청북도 청주시 흥덕구 가경동,중상사고,0,2,0,0,차대차 - 측면충돌,신호위반,건조,맑음,교차로 - 교차로안,승용,남,56세,중상,승용,남,30세,중상
2017082100100180,2017년 8월 21일 09시,월요일,충청북도 청주시 청원구 오동동,중상사고,0,2,1,0,차대차 - 기타,기타,젖음/습기,비,교차로 - 교차로안,승용,남,49세,상해없음,승용,여,35세,중상
2017082100100181,2017년 8월 21일 09시,월요일,충청북도 진천군 진천읍,경상사고,0,0,1,0,차대차 - 측면충돌,차로위반,건조,맑음,단일로 - 교량,승용,남,37세,상해없음,승합,남,45세,경상
2017082100100203,2017년 8월 21일 10시,월요일,충청북도 청주시 서원구 사직동,중상사고,0,1,0,0,차대차 - 측면충돌,안전운전불이행,젖음/습기,흐림,교차로 - 교차로안,승용,남,26세,상해없음,자전거,남,81세,중상
2017082100100204,2017년 8월 21일 10시,월요일,충청북도 충주시 충의동,중상사고,0,1,0,0,차대차 - 기타,안전운전불이행,건조,맑음,단일로 - 기타,승용,남,54세,상해없음,승합,남,57세,상해없음
2017082100100205,2017년 8월 21일 10시,월요일,충청북도 진천군 문백면,경상사고,0,0,1,0,차대차 - 추돌,안전거리미확보,건조,맑음,단일로 - 기타,화물,남,42세,상해없음,화물,남,58세,경상
2017082100100206,2017년 8월 21일 10시,월요일,충청북도 청주시 흥덕구 봉명동,경상사고,0,0,1,0,차대차 - 추돌,안전운전불이행,건조,맑음,교차로 - 교차로부근,화물,남,26세,상해없음,승용,남,25세,경상
2017082100100233,2017년 8월 21일 11시,월요일,충청북도 청주시 청원구 내덕동,경상사고,0,0,5,0,차대차 - 추돌,안전운전불이행,건조,맑음,단일로 - 기타,승용,여,35세,경상,승용,남,26세,경상
2017082100100234,2017년 8월 21일 11시,월요일,충청북도 청주시 상당구 금천동,부상신고사고,0,0,0,1,차대차 - 기타,중앙선침범,건조,맑음,단일로 - 기타,자전거,여,58세,부상신고,화물,남,36세,상해없음