사고번호,사고일시,요일,시군구,사고내용,사망자수,중상자수,경상자수,부상신고자수,사고유형,법규위반,노면상태,기상상태,도로형태,가해운전자 차종,가해운전자 성별,가해운전자 연령,가해운전자 상해정도,피해운전자 차종,피해운전자 성별,피해운전자 연령,피해운전자 상해정도
2017090300100227,2017년 9월 3일 13시,일요일,충청북도 청주시 서원구 사창동,중상사고,0,1,0,0,차대차 - 측면충돌,신호위반,건조,맑음,교차로 - 교차로안,승용,여,32세,상해없음,이륜,남,39세,중상
2017090300100281,2017년 9월 3일 15시,일요일,충청북도 청주시 청원구 사천동,경상사고,0,0,1,0,차대차 - 측면충돌,안전운전불이행,건조,맑음,교차로 - 교차로안,승용,남,34세,상해없음,자전거,남,14세,경상
2017090300100282,2017년 9월 3일 15시,일요일,충청북도 청주시 청원구 내덕동,중상사고,0,1,0,0,차대차 - 추돌,안전거리미확보,건조,맑음,단일로 - 기타,승용,남,33세,상해없음,이륜,남,34세,중상
2017090300100283,2017년 9월 3일 15시,일요일,충청북도 제천시 백운면,경상사고,0,0,1,0,차대차 - 측면충돌,직진우회전진행방해,건조,맑음,교차로 - 교차로안,승용,여,59세,상해없음,승합,남,52세,상해없음
2017090300100284,2017년 9월 3일 15시,일요일,충청북도 괴산군 괴산읍,경상사고,0,0,1,0,차대사람 - 기타,안전운전불이행,건조,맑음,단일로 - 기타,기타불명,기타불명,미분류,기타불명,보행자,남,24세,경상
2017090300100347,2017년 9월 3일 17시,일요일,충청북도 괴산군 괴산읍,부상신고사고,0,0,0,1,차대차 - 측면충돌,안전운전불이행,건조,맑음,교차로 - 교차로안,농기계,남,85세,부상신고,승용,여,61세,상해없음
2017090300100406,2017년 9월 3일 19시,일요일,충청북도 청주시 청원구 오창읍,경상사고,0,0,2,0,차대차 - 측면충돌,차로위반,건조,맑음,교차로 - 교차로부근,승용,여,55세,경상,승합,남,47세,경상
2017090300100407,2017년 9월 3일 19시,일요일,충청북도 영동군 추풍령면,중상사고,0,1,0,0,차대차 - 기타,안전운전불이행,건조,맑음,단일로 - 기타,화물,남,58세,상해없음,농기계,남,74세,중상
2017090300100408,2017년 9월 3일 19시,일요일,충청북도 청주시 흥덕구 복대동,경상사고,0,0,1,0,차대차 - 측면충돌,안전거리미확보,건조,맑음,단일로 - 기타,승용,남,24세,상해없음,승용,남,26세,경상
2017090300100409,2017년 9월 3일 19시,일요일,충청북도 청주시 서원구 분평동,중상사고,0,1,0,0,차대차 - 측면충돌,불법유턴,건조,맑음,단일로 - 기타,화물,남,74세,상해없음,이륜,남,18세,중상
2017090300100410,2017년 9월 3일 19시,일요일,충청북도 청주시 서원구 모충동,사망사고,1,0,0,0,차대차 - 측면충돌,신호위반,건조,맑음,교차로 - 교차로횡단보도내,승용,남,33세,상해없음,자전거,남,78세,사망
2017090300100413,2017년 9월 3일 19시,일요일,충청북도 청주시 흥덕구 강내면,중상사고,0,3,7,0,차대차 - 측면충돌,안전운전불이행,건조,맑음,단일로 - 기타,승용,남,29세,상해없음,승합,남,44세,상해없음
2017090300100448,2017년 9월 3일 20시,일요일,충청북도 청주시 서원구 수곡동,경상사고,0,0,1,0,차대사람 - 횡단중,기타,건조,맑음,단일로 - 기타,원동기,남,19세,상해없음,보행자,남,7세,경상
2017090300100469,2017년 9월 3일 21시,일요일,충청북도 청주시 흥덕구 가경동,경상사고,0,0,1,0,차대차 - 추돌,안전운전불이행,건조,맑음,단일로 - 기타,승합,남,58세,상해없음,승용,남,43세,경상
2017090300100488,2017년 9월 3일 22시,일요일,충청북도 청주시 흥덕구 가경동,중상사고,0,1,0,0,차대차 - 측면충돌,신호위반,건조,맑음,교차로 - 교차로안,승용,남,43세,상해없음,승용,남,33세,중상
2017090300100489,2017년 9월 3일 22시,일요일,충청북도 청주시 상당구 금천동,경상사고,0,0,1,0,차대차 - 기타,교차로운행방법위반,건조,맑음,교차로 - 교차로부근,원동기,남,25세,상해없음,원동기,남,20세,경상
2017090400100031,2017년 9월 4일 01시,월요일,충청북도 충주시 용탄동,중상사고,0,1,1,0,차대차 - 측면충돌,안전운전불이행,건조,맑음,단일로 - 기타,승용,남,30세,상해없음,화물,남,55세,경상
2017090400100089,2017년 9월 4일 07시,월요일,충청북도 충주시 달천동,경상사고,0,0,4,0,차대차 - 정면충돌,안전운전불이행,건조,맑음,단일로 - 기타,승용,남,46세,경상,승용,남,51세,경상
2017090400100090,2017년 9월 4일 07시,월요일,충청북도 음성군 금왕읍,경상사고,0,0,1,0,차대차 - 기타,신호위반,건조,맑음,교차로 - 교차로안,승용,남,59세,상해없음,승용,여,45세,경상
2017090400100126,2017년 9월 4일 08시,월요일,충청북도 청주시 서원구 남이면,경상사고,0,0,1,0,차대사람 - 기타,안전운전불이행,건조,맑음,교차로 - 교차로부근,승합,남,59세,상해없음,보행자,남,65세,경상
2017090400100127,2017년 9월 4일 08시,월요일,충청북도 청주시 서원구 분평동,경상사고,0,0,1,0,차대차 - 추돌,안전운전불이행,건조,맑음,교차로 - 교차로부근,승용,여,48세,상해없음,승용,남,45세,경상
2017090400100165,2017년 9월 4일 09시,월요일,충청북도 음성군 음성읍,경상사고,0,0,1,0,차량단독 - 공작물충돌,안전운전불이행,건조,맑음,단일로 - 기타,이륜,남,69세,경상,,,,
2017090400100166,2017년 9월 4일 09시,월요일,충청북도 청주시 상당구 용담동,중상사고,0,3,1,0,차대차 - 측면충돌,신호위반,건조,맑음,교차로 - 교차로안,승용,남,26세,상해없음,승용,여,59세,중상
2017090400100189,2017년 9월 4일 10시,월요일,충청북도 충주시 대소원면,경상사고,0,0,1,0,차대차 - 정면충돌,중앙선침범,건조,맑음,단일로 - 기타,승용,남,24세,상해없음,화물,남,47세,경상
2017090400100190,2017년 9월 4일 10시,월요일,충청북도 청주시 상당구 남일면,경상사고,0,0,1,0,차대차 - 측면충돌,안전거리미확보,건조,맑음,교차로 - 교차로부근,건설기계,남,42세,상해없음,승용,여,59세,경상
2017090400100219,2017년 9월 4일 11시,월요일,충청북도 청주시 청원구 내덕동,경상사고,0,0,1,0,차대차 - 추돌,안전운전불이행,건조,맑음,단일로 - 기타,승용,남,64세,기타불명,승용,남,28세,경상
2017090400100220,2017년 9월 4일 11시,월요일,충청북도 충주시 칠금동,중상사고,0,1,0,0,차대차 - 측면충돌,직진우회전진행방해,건조,맑음,교차로 - 교차로안,승용,여,46세,상해없음,자전거,여,60세,중상
2017090400100221,2017년 9월 4일 11시,월요일,충청북도 진천군 광혜원면,사망사고,1,0,0,0,차대차 - 측면충돌,교차로운행방법위반,건조,맑음,교차로 - 교차로안,승용,남,58세,상해없음,이륜,남,82세,사망
2017090400100222,2017년 9월 4일 11시,월요일,충청북도 청주시 흥덕구 석소동,중상사고,0,1,1,0,차대차 - 측면충돌,안전운전불이행,건조,맑음,교차로 - 교차로부근,승용,남,54세,상해없음,승용,남,26세,중상
2017090400100246,2017년 9월 4일 12시,월요일,충청북도 영동군 영동읍,경상사고,0,0,1,0,차대차 - 추돌,안전운전불이행,건조,맑음,단일로 - 기타,원동기,남,86세,경상,승용,남,21세,상해없음
2017090400100247,2017년 9월 4일 12시,월요일,충청북도 보은군 회인면,사망사고,1,0,0,0,차대차 - 측면충돌,신호위반,건조,맑음,교차로 - 교차로안,승용,남,28세,상해없음,승용,남,57세,사망
2017090400100248,2017년 9월 4일 12시,월요일,충청북도 단양군 단양읍,경상사고,0,0,1,0,차대차 - 측면충돌,안전운전불이행,건조,맑음,교차로 - 교차로안,화물,남,66세,상해없음,승용,여,52세,경상
2017090400100273,2017년 9월 4일 13시,월요일,충청북도 옥천군 옥천읍,경상사고,0,0,2,0,차대차 - 측면충돌,중앙선침범,건조,맑음,교차로 - 교차로부근,승용,남,38세,상해없음,화물,남,56세,상해없음
2017090400100274,2017년 9월 4일 13시,월요일,충청북도 청주시 흥덕구 봉명동,경상사고,0,0,1,0,차대사람 - 보도통행중,기타,건조,맑음,단일로 - 기타,승용,남,69세,상해없음,보행자,여,26세,경상
2017090400100310,2017년 9월 4일 14시,월요일,충청북도 제천시 봉양읍,경상사고,0,0,1,0,차대차 - 측면충돌,안전운전불이행,건조,맑음,단일로 - 기타,화물,남,66세,상해없음,승용,남,49세,경상
2017090400100335,2017년 9월 4일 15시,월요일,충청북도 청주시 흥덕구 봉명동,경상사고,0,0,1,0,차대차 - 기타,안전운전불이행,건조,맑음,교차로 - 교차로안,승용,여,33세,상해없음,화물,남,61세,경상
2017090400100336,2017년 9월 4일 15시,월요일,충청북도 괴산군 연풍면,사망사고,1,0,0,0,차대차 - 추돌,안전운전불이행,건조,맑음,단일로 - 기타,승용,남,45세,상해없음,화물,남,59세,상해없음
2017090400100372,2017년 9월 4일 16시,월요일,충청북도 청주시 흥덕구 옥산면,경상사고,0,0,2,0,차대차 - 기타,불법유턴,건조,맑음,기타 - 기타,승용,남,60세,상해없음,승용,여,30세,경상
2017090400100423,2017년 9월 4일 17시,월요일,충청북도 청주시 흥덕구 석소동,경상사고,0,0,1,0,차대차 - 추돌,안전운전불이행,건조,맑음,단일로 - 기타,승용,여,30세,상해없음,승용,남,18세,경상
2017090400100424,2017년 9월 4일 17시,월요일,충청북도 청주시 흥덕구 가경동,경상사고,0,0,1,0,차대차 - 측면충돌,안전거리미확보,건조,맑음,교차로 - 교차로부근,승용,남,60세,상해없음,승용,남,39세,경상
2017090400100453,2017년 9월 4일 18시,월요일,충청북도 청주시 흥덕구 봉명동,경상사고,0,0,1,0,차대차 - 기타,안전운전불이행,건조,맑음,단일로 - 기타,승용,남,61세,상해없음,승용,여,35세,경상
2017090400100490,2017년 9월 4일 19시,월요일,충청북도 진천군 문백면,부상신고사고,0,0,0,1,차량단독 - 기타,안전운전불이행,건조,맑음,기타 - 기타,승용,남,26세,부상신고,,,,
2017090400100491,2017년 9월 4일 19시,월요일,충청북도 청주시 서원구 분평동,부상신고사고,0,0,0,2,차대차 - 정면충돌,안전운전불이행,건조,맑음,교차로 - 교차로횡단보도내,이륜,남,77세,부상신고,자전거,남,9세,부상신고
2017090400100526,2017년 9월 4일 20시,월요일,충청북도 충주시 달천동,경상사고,0,0,2,1,차대차 - 정면충돌,신호위반,건조,맑음,교차로 - 교차로안,화물,남,65세,부상신고,승용,남,24세,경상
2017090500100035,2017년 9월 5일 01시,화요일,충청북도 충주시 노은면,경상사고,0,0,2,0,차대차 - 추돌,안전운전불이행,건조,맑음,단일로 - 기타,화물,남,55세,상해없음,화물,남,63세,경상
2017090500100095,2017년 9월 5일 07시,화요일,충청북도 청주시 흥덕구 옥산면,경상사고,0,0,1,0,차대사람 - 횡단중,안전운전불이행,건조,맑음,단일로 - 기타,승용,여,36세,상해없음,보행자,남,51세,경상
2017090500100124,2017년 9월 5일 08시,화요일,충청북도 청주시 청원구 사천동,경상사고,0,0,6,0,차대차 - 추돌,안전운전불이행,젖음/습기,흐림,단일로 - 기타,화물,남,64세,경상,승용,여,23세,경상
2017090500100125,2017년 9월 5일 08시,화요일,충청북도 충주시 용산동,경상사고,0,0,1,0,차대차 - 측면충돌,교차로운행방법위반,건조,맑음,교차로 - 교차로안,승용,남,58세,상해없음,자전거,남,16세,경상
2017090500100126,2017년 9월 5일 08시,화요일,충청북도 청주시 흥덕구 강내면,경상사고,0,0,6,0,차대차 - 기타,안전운전불이행,건조,맑음,단일로 - 기타,승용,여,28세,경상,승용,남,58세,경상
2017090500100127,2017년 9월 5일 08시,화요일,충청북도 청주시 흥덕구 지동동,경상사고,0,0,1,0,차대차 - 기타,안전운전불이행,건조,맑음,단일로 - 기타,승용,남,54세,상해없음,승용,여,34세,경상
2017090500100167,2017년 9월 5일 09시,화요일,충청북도 청주시 청원구 내덕동,중상사고,0,1,0,0,차대차 - 기타,안전운전불이행,건조,맑음,단일로 - 기타,승용,여,54세,상해없음,승합,남,52세,상해없음
2017090500100168,2017년 9월 5일 09시,화요일,충청북도 증평군 증평읍,중상사고,0,1,0,0,차대차 - 측면충돌,교차로운행방법위반,건조,맑음,교차로 - 교차로안,승합,남,48세,상해없음,원동기,남,85세,중상
2017090500100194,2017년 9월 5일 10시,화요일,충청북도 영동군 영동읍,중상사고,0,1,0,0,차량단독 - 전도전복 - 전도,안전운전불이행,건조,맑음,단일로 - 기타,이륜,남,48세,중상,,,,
2017090500100195,2017년 9월 5일 10시,화요일,충청북도 청주시 흥덕구 신봉동,경상사고,0,0,2,0,차대차 - 기타,안전운전불이행,건조,맑음,단일로 - 기타,이륜,남,26세,경상,승용,남,28세,경상
2017090500100196,2017년 9월 5일 10시,화요일,충청북도 청주시 서원구 모충동,경상사고,0,0,1,0,차대사람 - 기타,안전운전불이행,건조,맑음,교차로 - 교차로횡단보도내,자전거,남,87세,경상,보행자,남,51세,상해없음
2017090500100226,2017년 9월 5일 11시,화요일,충청북도 음성군 생극면,경상사고,0,0,2,0,차대차 - 측면충돌,안전운전불이행,건조,맑음,단일로 - 기타,승용,남,59세,상해없음,이륜,남,68세,경상
2017090500100227,2017년 9월 5일 11시,화요일,충청북도 옥천군 이원면,중상사고,0,2,2,0,차대차 - 측면충돌,직진우회전진행방해,건조,맑음,교차로 - 교차로안,화물,남,65세,상해없음,승합,남,57세,경상
2017090500100260,2017년 9월 5일 12시,화요일,충청북도 제천시 명동,경상사고,0,0,2,0,차대사람 - 차도통행중,안전운전불이행,건조,흐림,단일로 - 기타,화물,남,58세,상해없음,보행자,남,80세,경상
2017090500100261,2017년 9월 5일 12시,화요일,충청북도 단양군 매포읍,경상사고,0,0,2,0,차대차 - 추돌,안전운전불이행,건조,맑음,단일로 - 기타,화물,여,65세,상해없음,승용,남,57세,경상
2017090500100309,2017년 9월 5일 14시,화요일,충청북도 충주시 교현동,경상사고,0,0,1,0,차대차 - 측면충돌,교차로운행방법위반,건조,맑음,교차로 - 교차로안,화물,남,46세,상해없음,이륜,남,17세,경상
2017090500100310,2017년 9월 5일 14시,화요일,충청북도 보은군 회남면,경상사고,0,0,2,0,차대차 - 정면충돌,중앙선침범,건조,맑음,단일로 - 기타,화물,남,62세,상해없음,승용,남,67세,경상
2017090500100341,2017년 9월 5일 15시,화요일,충청북도 충주시 금가면,경상사고,0,0,1,0,차량단독 - 기타,안전운전불이행,건조,맑음,교차로 - 교차로부근,화물,남,40세,경상,,,,
2017090500100342,2017년 9월 5일 15시,화요일,충청북도 제천시 봉양읍,경상사고,0,0,1,0,차량단독 - 기타,안전운전불이행,건조,맑음,단일로 - 기타,이륜,남,80세,경상,,,,
2017090500100343,2017년 9월 5일 15시,화요일,충청북도 진천군 광혜원면,경상사고,0,0,1,0,차대차 - 기타,안전운전불이행,건조,맑음,교차로 - 교차로안,이륜,남,56세,경상,건설기계,남,51세,상해없음
2017090500100414,2017년 9월 5일 17시,화요일,충청북도 영동군 영동읍,중상사고,0,1,0,0,차대차 - 기타,신호위반,건조,맑음,교차로 - 교차로안,화물,남,53세,상해없음,화물,남,59세,중상
2017090500100415,2017년 9월 5일 17시,화요일,충청북도 진천군 진천읍,경상사고,0,0,1,0,차대사람 - 횡단중,기타,건조,맑음,단일로 - 기타,자전거,남,46세,상해없음,보행자,남,46세,경상
2017090500100416,2017년 9월 5일 17시,화요일,충청북도 청주시 상당구 석교동,경상사고,0,0,1,0,차대차 - 기타,안전운전불이행,건조,맑음,단일로 - 기타,승합,남,60세,상해없음,승합,남,54세,상해없음
2017090500100485,2017년 9월 5일 19시,화요일,충청북도 청주시 흥덕구 문암동,경상사고,0,0,3,0,차대차 - 정면충돌,중앙선침범,건조,맑음,단일로 - 기타,이륜,남,63세,경상,승용,남,25세,경상
2017090500100486,2017년 9월 5일 19시,화요일,충청북도 청주시 서원구 개신동,중상사고,0,1,3,0,차량단독 - 공작물충돌,안전운전불이행,건조,맑음,단일로 - 기타,승합,남,29세,상해없음,,,,
2017090500100513,2017년 9월 5일 20시,화요일,충청북도 음성군 음성읍,중상사고,0,1,0,0,차대차 - 추돌,안전운전불이행,건조,맑음,단일로 - 기타,화물,남,55세,상해없음,승용,남,45세,기타불명
2017090500100514,2017년 9월 5일 20시,화요일,충청북도 음성군 금왕읍,경상사고,0,0,1,0,차대차 - 측면충돌,안전운전불이행,건조,맑음,교차로 - 교차로부근,이륜,남,16세,경상,승용,남,35세,상해없음
2017090500100546,2017년 9월 5일 21시,화요일,충청북도 청주시 청원구 율량동,중상사고,0,1,0,0,차대사람 - 횡단중,신호위반,젖음/습기,비,교차로 - 교차로횡단보도내,기타불명,기타불명,미분류,기타불명,보행자,여,24세,중상
2017090500100589,2017년 9월 5일 23시,화요일,충청북도 청주시 서원구 산남동,경상사고,0,0,1,0,차대차 - 측면충돌,직진우회전진행방해,젖음/습기,비,교차로 - 교차로안,승용,여,41세,상해없음,승용,남,32세,경상
2017090500100590,2017년 9월 5일 23시,화요일,충청북도 청주시 상당구 용암동,경상사고,0,0,1,0,차대차 - 추돌,안전운전불이행,건조,맑음,단일로 - 기타,승용,남,53세,상해없음,승용,남,36세,상해없음
2017090600100029,2017년 9월 6일 00시,수요일,충청북도 충주시 연수동,중상사고,0,1,4,0,차대차 - 기타,신호위반,건조,맑음,교차로 - 교차로안,승용,남,53세,상해없음,승용,남,39세,경상
2017090600100116,2017년 9월 6일 08시,수요일,충청북도 청주시 청원구 오동동,경상사고,0,0,3,0,차대차 - 기타,교차로운행방법위반,건조,맑음,교차로 - 교차로안,승용,여,38세,경상,승용,남,33세,경상
2017090600100153,2017년 9월 6일 09시,수요일,충청북도 충주시 용산동,경상사고,0,0,1,0,차대차 - 측면충돌,안전운전불이행,건조,맑음,단일로 - 기타,승용,남,45세,상해없음,승용,남,33세,상해없음
2017090600100187,2017년 9월 6일 10시,수요일,충청북도 충주시 성서동,중상사고,0,1,0,0,차대차 - 측면충돌,직진우회전진행방해,건조,맑음,교차로 - 교차로안,화물,남,54세,상해없음,자전거,남,77세,중상
2017090600100188,2017년 9월 6일 10시,수요일,충청북도 청주시 상당구 용암동,경상사고,0,0,1,0,차대차 - 기타,안전운전불이행,건조,맑음,단일로 - 기타,건설기계,남,62세,상해없음,승용,여,38세,경상
2017090600100213,2017년 9월 6일 11시,수요일,충청북도 증평군 증평읍,경상사고,0,0,3,0,차대차 - 추돌,안전운전불이행,건조,맑음,교차로 - 교차로부근,승용,여,46세,경상,승용,남,69세,경상
2017090600100214,2017년 9월 6일 11시,수요일,충청북도 괴산군 청천면,중상사고,0,1,0,0,차량단독 - 전도전복 - 전도,안전운전불이행,건조,맑음,단일로 - 기타,이륜,여,58세,중상,,,,
2017090600100215,2017년 9월 6일 11시,수요일,충청북도 청주시 상당구 금천동,경상사고,0,0,1,0,차대차 - 추돌,안전운전불이행,건조,맑음,교차로 - 교차로부근,건설기계,남,38세,상해없음,승용,남,54세,경상
2017090600100216,2017년 9월 6일 11시,수요일,충청북도 충주시 노은면,중상사고,0,1,1,0,차대차 - 추돌,안전운전불이행,건조,흐림,단일로 - 기타,화물,남,37세,상해없음,승용,남,59세,중상
2017090600100264,2017년 9월 6일 13시,수요일,충청북도 괴산군 괴산읍,경상사고,0,0,1,0,차대차 - 측면충돌,신호위반,건조,맑음,교차로 - 교차로안,화물,남,50세,상해없음,승용,여,36세,경상
2017090600100265,2017년 9월 6일 13시,수요일,충청북도 음성군 생극면,경상사고,0,0,1,0,차대차 - 정면충돌,중앙선침범,건조,맑음,단일로 - 기타,화물,남,60세,상해없음,승용,여,43세,경상
2017090600100266,2017년 9월 6일 13시,수요일,충청북도 청주시 흥덕구 복대동,경상사고,0,0,5,0,차대차 - 추돌,안전운전불이행,건조,맑음,교차로 - 교차로부근,승용,여,26세,상해없음,승용,남,73세,경상
2017090600100267,2017년 9월 6일 13시,수요일,충청북도 청주시 상당구 남주동,경상사고,0,0,1,0,차대차 - 측면충돌,안전운전불이행,건조,맑음,단일로 - 기타,원동기,남,61세,경상,화물,남,31세,상해없음
2017090600100298,2017년 9월 6일 14시,수요일,충청북도 청주시 청원구 사천동,경상사고,0,0,1,0,차대차 - 측면충돌,안전운전불이행,건조,맑음,교차로 - 교차로부근,승용,남,56세,상해없음,승용,남,52세,경상
2017090600100299,2017년 9월 6일 14시,수요일,충청북도 청주시 흥덕구 운천동,경상사고,0,0,1,0,차대차 - 측면충돌,안전운전불이행,건조,맑음,교차로 - 교차로안,승용,여,67세,상해없음,자전거,남,61세,경상
2017090600100300,2017년 9월 6일 14시,수요일,충청북도 청주시 상당구 남일면,경상사고,0,0,1,0,차대차 - 측면충돌,안전운전불이행,건조,맑음,교차로 - 교차로부근,화물,남,56세,상해없음,승용,남,60세,경상
2017090600100333,2017년 9월 6일 15시,수요일,충청북도 제천시 의림동,중상사고,0,1,0,0,차대사람 - 횡단중,보행자보호의무위반,건조,맑음,교차로 - 교차로횡단보도내,승용,남,79세,상해없음,보행자,여,18세,중상
2017090600100334,2017년 9월 6일 15시,수요일,충청북도 청주시 상당구 용암동,경상사고,0,0,1,0,차대사람 - 기타,안전운전불이행,건조,맑음,단일로 - 기타,화물,남,44세,상해없음,보행자,남,43세,경상
2017090600100335,2017년 9월 6일 15시,수요일,충청북도 청주시 상당구 용암동,경상사고,0,0,1,0,차대차 - 측면충돌,안전운전불이행,건조,맑음,단일로 - 기타,화물,남,56세,상해없음,승용,남,30세,경상
2017090600100408,2017년 9월 6일 17시,수요일,충청북도 제천시 장락동,경상사고,0,0,1,0,차대차 - 기타,중앙선침범,젖음/습기,비,단일로 - 기타,승용,남,53세,상해없음,승용,남,47세,경상
2017090600100454,2017년 9월 6일 18시,수요일,충청북도 청주시 청원구 외남동,경상사고,0,0,2,0,차대차 - 추돌,안전운전불이행,젖음/습기,비,교차로 - 교차로부근,승용,여,30세,상해없음,승용,남,36세,경상
2017090600100510,2017년 9월 6일 19시,수요일,충청북도 충주시 칠금동,경상사고,0,0,1,0,차대사람 - 기타,안전운전불이행,건조,맑음,교차로 - 교차로안,승용,여,27세,상해없음,보행자,여,24세,경상
2017090600100511,2017년 9월 6일 19시,수요일,충청북도 청주시 상당구 석교동,경상사고,0,0,1,0,차대차 - 추돌,안전운전불이행,젖음/습기,비,교차로 - 교차로부근,승용,남,61세,상해없음,승용,여,55세,경상
2017090600100512,2017년 9월 6일 19시,수요일,충청북도 청주시 상당구 금천동,경상사고,0,0,1,0,차대차 - 측면충돌,교차로운행방법위반,건조,맑음,교차로 - 교차로안,승용,남,58세,기타불명,승용,남,50세,상해없음
2017090600100555,2017년 9월 6일 20시,수요일,충청북도 음성군 대소면,경상사고,0,0,9,0,차대차 - 추돌,안전운전불이행,젖음/습기,비,단일로 - 기타,승합,남,62세,상해없음,승용,남,63세,경상
2017090600100556,2017년 9월 6일 20시,수요일,충청북도 청주시 흥덕구 복대동,경상사고,0,0,1,0,차대사람 - 기타,보행자보호의무위반,건조,맑음,교차로 - 교차로안,이륜,남,18세,상해없음,보행자,남,49세,경상
2017090600100557,2017년 9월 6일 20시,수요일,충청북도 청주시 서원구 모충동,경상사고,0,0,1,0,차대차 - 기타,교차로운행방법위반,젖음/습기,비,교차로 - 교차로안,화물,남,59세,상해없음,승용,남,52세,경상
2017090600100589,2017년 9월 6일 21시,수요일,충청북도 제천시 하소동,경상사고,0,0,1,0,차대차 - 추돌,안전운전불이행,젖음/습기,비,교차로 - 교차로부근,화물,남,24세,상해없음,승용,남,36세,경상
2017090600100590,2017년 9월 6일 21시,수요일,충청북도 음성군 대소면,경상사고,0,0,1,0,차대차 - 추돌,안전운전불이행,건조,맑음,단일로 - 기타,화물,남,49세,상해없음,승용,남,42세,상해없음
2017090600100653,2017년 9월 6일 23시,수요일,충청북도 청주시 서원구 분평동,중상사고,0,2,3,0,차대차 - 기타,신호위반,건조,맑음,교차로 - 교차로안,승용,남,25세,경상,승용,남,34세,상해없음
2017090700100071,2017년 9월 7일 04시,목요일,충청북도 증평군 증평읍,사망사고,1,1,0,0,차량단독 - 공작물충돌,안전운전불이행,건조,맑음,단일로 - 기타,승용,남,16세,사망,,,,
2017090700100072,2017년 9월 7일 04시,목요일,충청북도 청주시 흥덕구 봉명동,경상사고,0,0,5,0,차대차 - 추돌,안전운전불이행,건조,맑음,교차로 - 교차로부근,승용,남,54세,상해없음,화물,남,61세,경상
2017090700100079,2017년 9월 7일 05시,목요일,충청북도 제천시 하소동,경상사고,0,0,1,0,차대차 - 측면충돌,신호위반,건조,맑음,교차로 - 교차로안,자전거,남,75세,경상,승용,여,52세,상해없음
2017090700100080,2017년 9월 7일 05시,목요일,충청북도 청주시 상당구 남주동,중상사고,0,1,0,0,차량단독 - 기타,안전운전불이행,건조,맑음,단일로 - 기타,이륜,남,25세,중상,,,,
2017090700100093,2017년 9월 7일 06시,목요일,충청북도 청주시 흥덕구 향정동,중상사고,0,1,7,0,차대차 - 측면충돌,안전운전불이행,건조,맑음,교차로 - 교차로안,승합,남,37세,경상,승용,남,25세,경상
2017090700100107,2017년 9월 7일 07시,목요일,충청북도 청주시 흥덕구 운천동,중상사고,0,1,2,0,차대차 - 측면충돌,교차로운행방법위반,건조,맑음,단일로 - 기타,승용,여,25세,경상,승용,남,58세,중상
2017090700100132,2017년 9월 7일 08시,목요일,충청북도 청주시 청원구 내수읍,중상사고,0,1,1,0,차대차 - 기타,과속,건조,맑음,단일로 - 기타,승용,여,30세,경상,특수,남,32세,중상
2017090700100133,2017년 9월 7일 08시,목요일,충청북도 제천시 영천동,중상사고,0,1,0,0,차대차 - 기타,신호위반,건조,맑음,교차로 - 교차로안,화물,남,53세,상해없음,승용,남,70세,중상
2017090700100176,2017년 9월 7일 09시,목요일,충청북도 청주시 흥덕구 옥산면,경상사고,0,0,1,0,차대차 - 측면충돌,안전운전불이행,건조,맑음,기타 - 기타,승용,여,58세,상해없음,이륜,남,74세,경상
2017090700100196,2017년 9월 7일 10시,목요일,충청북도 청주시 청원구 우암동,중상사고,0,2,0,0,차대차 - 후진중충돌,안전운전불이행,건조,맑음,단일로 - 기타,승용,여,39세,상해없음,화물,남,71세,중상
2017090700100197,2017년 9월 7일 10시,목요일,충청북도 제천시 신백동,경상사고,0,0,1,0,차대차 - 기타,중앙선침범,건조,맑음,단일로 - 기타,승용,여,51세,상해없음,승용,여,22세,상해없음
2017090700100238,2017년 9월 7일 12시,목요일,충청북도 보은군 보은읍,경상사고,0,0,3,0,차대차 - 추돌,안전운전불이행,건조,맑음,단일로 - 기타,승용,여,63세,상해없음,승용,남,56세,경상
2017090700100303,2017년 9월 7일 14시,목요일,충청북도 청주시 청원구 내덕동,중상사고,0,1,0,0,차대차 - 측면충돌,안전운전불이행,건조,맑음,주차장 - 주차장,승용,남,40세,상해없음,이륜,남,74세,중상
2017090700100304,2017년 9월 7일 14시,목요일,충청북도 제천시 청전동,경상사고,0,0,1,0,차대차 - 측면충돌,안전운전불이행,건조,맑음,교차로 - 교차로부근,이륜,남,58세,경상,승용,여,68세,상해없음
2017090700100337,2017년 9월 7일 15시,목요일,충청북도 청주시 청원구 내덕동,경상사고,0,0,1,0,차대차 - 기타,교차로운행방법위반,건조,맑음,교차로 - 교차로안,승용,여,49세,상해없음,이륜,남,64세,경상
2017090700100338,2017년 9월 7일 15시,목요일,충청북도 영동군 용산면,경상사고,0,0,1,0,차량단독 - 전도전복 - 전도,안전운전불이행,건조,맑음,단일로 - 기타,승용,남,27세,경상,,,,
2017090700100339,2017년 9월 7일 15시,목요일,충청북도 청주시 흥덕구 송절동,경상사고,0,0,1,0,차대차 - 측면충돌,교차로운행방법위반,건조,맑음,교차로 - 교차로안,승용,남,58세,상해없음,승용,남,50세,경상