사고번호,사고일시,요일,시군구,사고내용,사망자수,중상자수,경상자수,부상신고자수,사고유형,법규위반,노면상태,기상상태,도로형태,가해운전자 차종,가해운전자 성별,가해운전자 연령,가해운전자 상해정도,피해운전자 차종,피해운전자 성별,피해운전자 연령,피해운전자 상해정도
2017090700100370,2017년 9월 7일 16시,목요일,충청북도 청주시 서원구 사창동,중상사고,0,2,0,0,차대차 - 측면충돌,중앙선침범,건조,맑음,단일로 - 기타,화물,남,53세,상해없음,승용,남,57세,중상
2017090700100371,2017년 9월 7일 16시,목요일,충청북도 충주시 앙성면,사망사고,1,0,0,2,차대차 - 기타,안전운전불이행,건조,맑음,교차로 - 교차로안,이륜,남,57세,부상신고,승용,여,65세,부상신고
2017090700100372,2017년 9월 7일 16시,목요일,충청북도 제천시 봉양읍,중상사고,0,1,3,0,차대차 - 측면충돌,중앙선침범,건조,맑음,단일로 - 기타,승용,남,23세,경상,건설기계,남,43세,경상
2017090700100373,2017년 9월 7일 16시,목요일,충청북도 청주시 흥덕구 강서동,경상사고,0,0,1,0,차대사람 - 횡단중,보행자보호의무위반,건조,맑음,교차로 - 교차로횡단보도내,화물,남,48세,상해없음,보행자,남,70세,경상
2017090700100415,2017년 9월 7일 17시,목요일,충청북도 제천시 청전동,경상사고,0,0,1,1,차대차 - 추돌,안전거리미확보,건조,맑음,교차로 - 교차로부근,승용,남,43세,부상신고,승용,여,29세,경상
2017090700100416,2017년 9월 7일 17시,목요일,충청북도 청주시 흥덕구 옥산면,중상사고,0,1,0,0,차대차 - 측면충돌,신호위반,건조,맑음,교차로 - 교차로안,화물,남,54세,상해없음,승용,여,39세,중상
2017090700100458,2017년 9월 7일 18시,목요일,충청북도 음성군 맹동면,경상사고,0,0,2,0,차대차 - 측면충돌,차로위반,건조,맑음,단일로 - 기타,승용,여,33세,상해없음,승합,남,51세,경상
2017090700100484,2017년 9월 7일 19시,목요일,충청북도 청주시 청원구 율량동,경상사고,0,0,1,0,차대차 - 측면충돌,안전거리미확보,건조,맑음,단일로 - 기타,승용,남,44세,상해없음,이륜,남,23세,경상
2017090700100485,2017년 9월 7일 19시,목요일,충청북도 충주시 교현동,경상사고,0,0,2,0,차대차 - 기타,기타,건조,맑음,교차로 - 교차로안,기타불명,기타불명,미분류,기타불명,승용,여,39세,경상
2017090700100486,2017년 9월 7일 19시,목요일,충청북도 충주시 안림동,중상사고,0,1,0,0,차대차 - 기타,안전운전불이행,젖음/습기,비,교차로 - 교차로안,승용,남,35세,상해없음,이륜,남,51세,중상
2017090700100487,2017년 9월 7일 19시,목요일,충청북도 괴산군 소수면,중상사고,0,1,0,0,차대사람 - 기타,안전운전불이행,건조,흐림,단일로 - 기타,승용,남,50세,상해없음,보행자,여,22세,중상
2017090700100488,2017년 9월 7일 19시,목요일,충청북도 음성군 음성읍,중상사고,0,1,0,0,차대차 - 추돌,안전운전불이행,건조,맑음,단일로 - 기타,승용,남,61세,상해없음,농기계,남,39세,중상
2017090700100564,2017년 9월 7일 21시,목요일,충청북도 청주시 상당구 영운동,경상사고,0,0,1,0,차대차 - 측면충돌,신호위반,건조,맑음,교차로 - 교차로안,승용,남,47세,상해없음,이륜,남,25세,경상
2017090700100610,2017년 9월 7일 23시,목요일,충청북도 제천시 강제동,중상사고,0,2,0,0,차대차 - 측면충돌,안전운전불이행,건조,맑음,교차로 - 교차로안,승용,여,56세,상해없음,승용,남,37세,중상
2017090700100611,2017년 9월 7일 23시,목요일,충청북도 제천시 중앙로2가,경상사고,0,0,1,0,차대차 - 추돌,안전운전불이행,건조,맑음,단일로 - 기타,승용,남,24세,경상,화물,여,62세,기타불명
2017090800100056,2017년 9월 8일 02시,금요일,충청북도 제천시 신월동,부상신고사고,0,0,0,1,차대차 - 측면충돌,안전운전불이행,건조,맑음,교차로 - 교차로부근,승용,남,23세,부상신고,특수,남,44세,기타불명
2017090800100075,2017년 9월 8일 05시,금요일,충청북도 청주시 청원구 오창읍,경상사고,0,0,1,0,차대차 - 기타,신호위반,건조,맑음,교차로 - 교차로안,승용,남,33세,상해없음,승용,남,28세,경상
2017090800100142,2017년 9월 8일 08시,금요일,충청북도 청주시 청원구 오창읍,중상사고,0,1,1,0,차대차 - 정면충돌,안전운전불이행,건조,맑음,교차로 - 교차로부근,승용,여,57세,중상,승용,여,26세,경상
2017090800100143,2017년 9월 8일 08시,금요일,충청북도 음성군 대소면,중상사고,0,2,6,0,차대차 - 측면충돌,안전운전불이행,건조,맑음,교차로 - 교차로안,승합,남,36세,상해없음,화물,남,53세,경상
2017090800100144,2017년 9월 8일 08시,금요일,충청북도 단양군 매포읍,중상사고,0,1,0,0,차대사람 - 횡단중,안전운전불이행,건조,맑음,단일로 - 기타,건설기계,남,31세,상해없음,보행자,여,17세,중상
2017090800100145,2017년 9월 8일 08시,금요일,충청북도 청주시 흥덕구 신봉동,경상사고,0,0,1,0,차대차 - 추돌,안전운전불이행,건조,맑음,교차로 - 교차로부근,승용,여,45세,상해없음,승용,남,27세,경상
2017090800100182,2017년 9월 8일 09시,금요일,충청북도 청주시 서원구 죽림동,경상사고,0,0,1,0,차대차 - 기타,안전운전불이행,건조,맑음,교차로 - 교차로부근,승용,남,74세,상해없음,승용,여,21세,경상
2017090800100215,2017년 9월 8일 10시,금요일,충청북도 증평군 증평읍,경상사고,0,0,1,0,차대차 - 기타,안전운전불이행,건조,맑음,교차로 - 교차로안,승용,남,67세,상해없음,승용,남,49세,경상
2017090800100244,2017년 9월 8일 11시,금요일,충청북도 충주시 교현동,경상사고,0,0,1,0,차대차 - 기타,안전운전불이행,건조,맑음,단일로 - 기타,승용,여,43세,상해없음,자전거,여,30세,경상
2017090800100274,2017년 9월 8일 12시,금요일,충청북도 제천시 봉양읍,경상사고,0,0,2,0,차대차 - 추돌,안전거리미확보,건조,맑음,단일로 - 기타,화물,남,52세,경상,건설기계,남,53세,경상
2017090800100275,2017년 9월 8일 12시,금요일,충청북도 진천군 이월면,경상사고,0,0,3,0,차대차 - 추돌,안전거리미확보,건조,맑음,단일로 - 기타,승용,남,50세,경상,승용,남,33세,경상
2017090800100304,2017년 9월 8일 13시,금요일,충청북도 충주시 용산동,경상사고,0,0,2,0,차대차 - 측면충돌,안전운전불이행,건조,맑음,단일로 - 기타,승용,여,44세,상해없음,이륜,남,16세,경상
2017090800100341,2017년 9월 8일 14시,금요일,충청북도 충주시 앙성면,경상사고,0,0,1,0,차량단독 - 공작물충돌,안전운전불이행,건조,맑음,교차로 - 교차로안,화물,남,71세,경상,,,,
2017090800100342,2017년 9월 8일 14시,금요일,충청북도 옥천군 옥천읍,중상사고,0,1,0,0,차대사람 - 횡단중,안전운전불이행,건조,맑음,단일로 - 기타,승용,남,58세,상해없음,보행자,남,77세,중상
2017090800100343,2017년 9월 8일 14시,금요일,충청북도 청주시 청원구 오창읍,중상사고,0,1,1,0,차대차 - 추돌,안전운전불이행,건조,맑음,단일로 - 기타,화물,남,55세,중상,건설기계,남,44세,경상
2017090800100374,2017년 9월 8일 15시,금요일,충청북도 충주시 연수동,중상사고,0,1,0,0,차대차 - 기타,안전운전불이행,건조,맑음,교차로 - 교차로횡단보도내,승용,여,56세,상해없음,자전거,여,60세,중상
2017090800100375,2017년 9월 8일 15시,금요일,충청북도 청주시 상당구 문화동,중상사고,0,1,2,0,차대차 - 측면충돌,안전운전불이행,건조,맑음,교차로 - 교차로안,승용,여,65세,상해없음,승합,남,56세,중상
2017090800100416,2017년 9월 8일 16시,금요일,충청북도 음성군 감곡면,중상사고,0,1,1,0,차대차 - 기타,안전운전불이행,건조,맑음,교차로 - 교차로안,화물,남,59세,중상,승용,남,46세,경상
2017090800100417,2017년 9월 8일 16시,금요일,충청북도 청주시 흥덕구 복대동,부상신고사고,0,0,0,1,차대차 - 측면충돌,교차로운행방법위반,건조,맑음,교차로 - 교차로안,승용,남,76세,부상신고,승합,남,55세,상해없음
2017090800100418,2017년 9월 8일 16시,금요일,충청북도 청주시 상당구 용암동,중상사고,0,1,0,0,차대사람 - 기타,안전운전불이행,건조,맑음,교차로 - 교차로안,승용,여,28세,상해없음,보행자,남,67세,중상
2017090800100419,2017년 9월 8일 16시,금요일,충청북도 충주시 노은면,사망사고,1,1,1,0,차대차 - 추돌,안전운전불이행,건조,맑음,단일로 - 기타,화물,남,59세,사망,화물,남,61세,경상
2017090800100463,2017년 9월 8일 17시,금요일,충청북도 청주시 청원구 내덕동,경상사고,0,0,1,0,차대사람 - 횡단중,안전운전불이행,건조,맑음,단일로 - 기타,화물,남,72세,상해없음,보행자,남,7세,경상
2017090800100464,2017년 9월 8일 17시,금요일,충청북도 단양군 단양읍,중상사고,0,1,1,0,차대차 - 측면충돌,신호위반,건조,맑음,교차로 - 교차로안,화물,여,58세,상해없음,승용,여,39세,중상
2017090800100465,2017년 9월 8일 17시,금요일,충청북도 청주시 흥덕구 송정동,경상사고,0,0,1,0,차대차 - 측면충돌,교차로운행방법위반,건조,맑음,교차로 - 교차로부근,승용,남,29세,상해없음,승용,남,36세,경상
2017090800100508,2017년 9월 8일 18시,금요일,충청북도 청주시 흥덕구 봉명동,경상사고,0,0,1,0,차대차 - 정면충돌,기타,건조,맑음,단일로 - 기타,승용,남,62세,상해없음,이륜,남,19세,경상
2017090800100509,2017년 9월 8일 18시,금요일,충청북도 진천군 광혜원면,중상사고,0,1,0,0,차대사람 - 보도통행중,안전운전불이행,건조,맑음,교차로 - 교차로안,승합,남,62세,상해없음,보행자,남,10세,중상
2017090800100510,2017년 9월 8일 18시,금요일,충청북도 청주시 흥덕구 가경동,중상사고,0,1,0,0,차대차 - 측면충돌,안전운전불이행,건조,맑음,교차로 - 교차로안,이륜,남,60세,중상,승용,여,34세,상해없음
2017090800100552,2017년 9월 8일 19시,금요일,충청북도 청주시 청원구 내덕동,경상사고,0,0,1,0,차대차 - 측면충돌,신호위반,건조,맑음,교차로 - 교차로안,승용,여,40세,상해없음,승용,남,55세,경상
2017090800100553,2017년 9월 8일 19시,금요일,충청북도 충주시 금가면,경상사고,0,0,1,0,차대차 - 기타,안전운전불이행,건조,맑음,교차로 - 교차로안,승용,남,39세,상해없음,승용,남,32세,경상
2017090800100554,2017년 9월 8일 19시,금요일,충청북도 영동군 영동읍,경상사고,0,0,1,0,차대차 - 측면충돌,신호위반,건조,맑음,교차로 - 교차로안,승용,남,35세,상해없음,승용,남,23세,경상
2017090800100555,2017년 9월 8일 19시,금요일,충청북도 청주시 흥덕구 원평동,경상사고,0,0,1,0,차대차 - 추돌,차로위반,건조,맑음,단일로 - 기타,승용,여,39세,기타불명,화물,남,39세,경상
2017090800100613,2017년 9월 8일 20시,금요일,충청북도 음성군 음성읍,중상사고,0,1,9,0,차대차 - 측면충돌,과속,건조,맑음,교차로 - 교차로안,승용,남,25세,중상,승합,남,46세,경상
2017090800100645,2017년 9월 8일 21시,금요일,충청북도 충주시 연수동,경상사고,0,0,1,0,차대사람 - 횡단중,안전운전불이행,건조,맑음,교차로 - 교차로안,이륜,남,23세,상해없음,보행자,남,52세,경상
2017090800100646,2017년 9월 8일 21시,금요일,충청북도 충주시 수안보면,중상사고,0,4,10,0,차대차 - 기타,교차로운행방법위반,건조,맑음,교차로 - 교차로안,승용,여,53세,경상,승합,남,59세,경상
2017090800100685,2017년 9월 8일 22시,금요일,충청북도 단양군 매포읍,경상사고,0,0,1,0,차대차 - 기타,중앙선침범,건조,맑음,단일로 - 기타,특수,남,62세,상해없음,승용,남,52세,경상
2017090800100686,2017년 9월 8일 22시,금요일,충청북도 청주시 흥덕구 복대동,경상사고,0,0,1,0,차대차 - 측면충돌,안전운전불이행,건조,맑음,교차로 - 교차로부근,이륜,남,16세,상해없음,자전거,남,15세,경상
2017090800100709,2017년 9월 8일 23시,금요일,충청북도 청주시 청원구 오창읍,경상사고,0,0,1,0,차대차 - 측면충돌,안전운전불이행,건조,맑음,단일로 - 기타,승용,남,38세,상해없음,승용,여,24세,경상
2017090800100710,2017년 9월 8일 23시,금요일,충청북도 청주시 청원구 사천동,경상사고,0,0,3,0,차대차 - 기타,안전거리미확보,건조,맑음,단일로 - 기타,승용,여,44세,경상,승용,남,45세,경상
2017090900100082,2017년 9월 9일 04시,토요일,충청북도 청주시 서원구 사창동,경상사고,0,0,2,0,차대차 - 정면충돌,교차로운행방법위반,건조,맑음,교차로 - 교차로안,승용,남,58세,상해없음,승용,남,23세,경상
2017090900100083,2017년 9월 9일 04시,토요일,충청북도 청주시 서원구 산남동,경상사고,0,0,1,0,차대차 - 추돌,안전운전불이행,건조,맑음,교차로 - 교차로부근,승용,남,56세,상해없음,화물,남,42세,경상
2017090900100154,2017년 9월 9일 08시,토요일,충청북도 청주시 흥덕구 정봉동,경상사고,0,0,1,0,차대차 - 측면충돌,안전거리미확보,건조,맑음,단일로 - 기타,화물,남,61세,상해없음,승용,남,47세,경상
2017090900100180,2017년 9월 9일 09시,토요일,충청북도 충주시 살미면,경상사고,0,0,1,0,차대차 - 정면충돌,안전거리미확보,건조,맑음,단일로 - 기타,승용,남,55세,상해없음,이륜,남,42세,경상
2017090900100181,2017년 9월 9일 09시,토요일,충청북도 제천시 장락동,경상사고,0,0,1,0,차대사람 - 횡단중,안전운전불이행,건조,맑음,교차로 - 교차로안,승용,여,54세,기타불명,보행자,여,55세,경상
2017090900100182,2017년 9월 9일 09시,토요일,충청북도 영동군 영동읍,경상사고,0,0,1,0,차대차 - 기타,안전운전불이행,건조,맑음,교차로 - 교차로안,이륜,여,60세,경상,승용,남,74세,상해없음
2017090900100183,2017년 9월 9일 09시,토요일,충청북도 음성군 삼성면,경상사고,0,0,3,0,차대차 - 측면충돌,교차로운행방법위반,건조,맑음,교차로 - 교차로안,화물,남,61세,경상,화물,남,51세,경상
2017090900100184,2017년 9월 9일 09시,토요일,충청북도 단양군 단성면,경상사고,0,0,1,0,차대사람 - 기타,안전운전불이행,건조,맑음,주차장 - 주차장,승용,남,21세,상해없음,보행자,여,46세,경상
2017090900100211,2017년 9월 9일 10시,토요일,충청북도 청주시 청원구 주중동,중상사고,0,1,4,0,차대차 - 기타,안전운전불이행,건조,맑음,단일로 - 기타,승합,남,60세,상해없음,승용,남,26세,경상
2017090900100212,2017년 9월 9일 10시,토요일,충청북도 괴산군 괴산읍,경상사고,0,0,1,0,차대차 - 정면충돌,중앙선침범,건조,맑음,단일로 - 기타,화물,남,47세,상해없음,승용,여,58세,경상
2017090900100213,2017년 9월 9일 10시,토요일,충청북도 청주시 흥덕구 봉명동,경상사고,0,0,4,0,차대차 - 추돌,안전거리미확보,건조,맑음,교차로 - 교차로부근,승용,남,72세,경상,승용,남,47세,상해없음
2017090900100233,2017년 9월 9일 11시,토요일,충청북도 청주시 흥덕구 복대동,부상신고사고,0,0,0,1,차대차 - 측면충돌,안전운전불이행,건조,맑음,교차로 - 교차로안,자전거,남,12세,부상신고,승용,남,61세,상해없음
2017090900100234,2017년 9월 9일 11시,토요일,충청북도 청주시 상당구 남일면,경상사고,0,0,3,1,차대차 - 정면충돌,중앙선침범,건조,맑음,교차로 - 교차로부근,승용,남,30세,경상,승용,여,31세,부상신고
2017090900100270,2017년 9월 9일 12시,토요일,충청북도 보은군 보은읍,경상사고,0,0,1,0,차대차 - 측면충돌,교차로운행방법위반,건조,흐림,교차로 - 교차로안,화물,남,68세,상해없음,승용,남,70세,경상
2017090900100271,2017년 9월 9일 12시,토요일,충청북도 청주시 서원구 남이면,중상사고,0,1,0,0,차대차 - 측면충돌,안전운전불이행,건조,맑음,단일로 - 기타,원동기,남,24세,상해없음,원동기,남,79세,중상
2017090900100272,2017년 9월 9일 12시,토요일,충청북도 청주시 흥덕구 지동동,경상사고,0,0,1,0,차대차 - 기타,안전운전불이행,건조,맑음,단일로 - 기타,건설기계,남,60세,상해없음,승용,남,37세,경상
2017090900100273,2017년 9월 9일 12시,토요일,충청북도 청주시 흥덕구 가경동,경상사고,0,0,1,0,차대사람 - 횡단중,안전운전불이행,건조,맑음,단일로 - 기타,화물,남,55세,상해없음,보행자,남,7세,경상
2017090900100274,2017년 9월 9일 12시,토요일,충청북도 청주시 흥덕구 가경동,경상사고,0,0,1,0,차대차 - 추돌,안전거리미확보,건조,맑음,단일로 - 기타,승용,남,45세,상해없음,화물,남,49세,경상
2017090900100309,2017년 9월 9일 13시,토요일,충청북도 괴산군 불정면,사망사고,1,1,0,0,차대차 - 정면충돌,안전운전불이행,건조,맑음,단일로 - 기타,이륜,남,65세,사망,승용,남,67세,상해없음
2017090900100349,2017년 9월 9일 14시,토요일,충청북도 청주시 청원구 율량동,경상사고,0,0,1,0,차대차 - 정면충돌,안전운전불이행,건조,맑음,교차로 - 교차로안,화물,남,26세,상해없음,이륜,남,60세,경상
2017090900100350,2017년 9월 9일 14시,토요일,충청북도 청주시 청원구 율량동,경상사고,0,0,4,0,차대차 - 추돌,안전거리미확보,건조,맑음,단일로 - 기타,승용,남,56세,상해없음,승용,여,59세,상해없음
2017090900100351,2017년 9월 9일 14시,토요일,충청북도 청주시 상당구 용정동,경상사고,0,0,2,0,차대차 - 측면충돌,안전운전불이행,건조,맑음,교차로 - 교차로부근,이륜,남,18세,경상,화물,남,28세,경상
2017090900100398,2017년 9월 9일 15시,토요일,충청북도 단양군 매포읍,부상신고사고,0,0,0,1,차량단독 - 전도전복 - 전복,안전운전불이행,건조,맑음,단일로 - 기타,농기계,남,62세,부상신고,,,,
2017090900100425,2017년 9월 9일 16시,토요일,충청북도 음성군 대소면,경상사고,0,0,1,0,차대차 - 후진중충돌,안전운전불이행,건조,맑음,단일로 - 기타,화물,남,59세,상해없음,승용,남,38세,경상
2017090900100460,2017년 9월 9일 17시,토요일,충청북도 청주시 상당구 북문로2가동,경상사고,0,0,1,0,차대차 - 측면충돌,안전운전불이행,건조,맑음,단일로 - 기타,승용,남,35세,상해없음,승용,여,27세,경상
2017090900100461,2017년 9월 9일 17시,토요일,충청북도 증평군 증평읍,경상사고,0,0,2,0,차대차 - 측면충돌,교차로운행방법위반,건조,맑음,교차로 - 교차로안,승용,여,24세,상해없음,승용,여,46세,경상
2017090900100462,2017년 9월 9일 17시,토요일,충청북도 청주시 상당구 남문로1가동,경상사고,0,0,1,0,차대차 - 측면충돌,안전운전불이행,건조,맑음,주차장 - 주차장,승용,남,61세,기타불명,승용,남,61세,경상
2017090900100504,2017년 9월 9일 18시,토요일,충청북도 청주시 청원구 율량동,경상사고,0,0,3,0,차대차 - 추돌,안전운전불이행,건조,맑음,교차로 - 교차로부근,승용,남,52세,상해없음,승용,남,18세,경상
2017090900100505,2017년 9월 9일 18시,토요일,충청북도 음성군 금왕읍,경상사고,0,0,4,0,차대차 - 측면충돌,중앙선침범,건조,맑음,단일로 - 기타,승용,남,52세,경상,승용,남,50세,경상
2017090900100506,2017년 9월 9일 18시,토요일,충청북도 청주시 흥덕구 봉명동,경상사고,0,0,1,0,차대차 - 측면충돌,교차로운행방법위반,건조,맑음,교차로 - 교차로안,승용,남,25세,상해없음,승용,여,57세,경상
2017090900100507,2017년 9월 9일 18시,토요일,충청북도 청주시 상당구 북문로1가동,경상사고,0,0,1,0,차대사람 - 길가장자리구역통행중,안전운전불이행,건조,맑음,단일로 - 기타,이륜,남,65세,상해없음,보행자,여,22세,경상
2017090900100577,2017년 9월 9일 20시,토요일,충청북도 청주시 흥덕구 가경동,경상사고,0,0,2,0,차대사람 - 기타,보행자보호의무위반,건조,맑음,교차로 - 교차로안,승용,남,38세,경상,보행자,남,37세,경상
2017090900100578,2017년 9월 9일 20시,토요일,충청북도 청주시 상당구 석교동,경상사고,0,0,1,0,차대사람 - 횡단중,안전운전불이행,건조,맑음,단일로 - 기타,화물,남,47세,상해없음,보행자,남,60세,경상
2017090900100579,2017년 9월 9일 20시,토요일,충청북도 청주시 상당구 서문동,부상신고사고,0,0,0,1,차대차 - 측면충돌,교차로운행방법위반,건조,맑음,교차로 - 교차로부근,승용,여,22세,상해없음,자전거,남,44세,부상신고
2017090900100613,2017년 9월 9일 21시,토요일,충청북도 청주시 상당구 용담동,경상사고,0,0,1,0,차대사람 - 차도통행중,안전운전불이행,건조,맑음,교차로 - 교차로부근,이륜,남,32세,상해없음,보행자,여,53세,경상
2017090900100639,2017년 9월 9일 22시,토요일,충청북도 제천시 청전동,경상사고,0,0,2,0,차대차 - 추돌,직진우회전진행방해,건조,맑음,교차로 - 교차로안,승용,남,30세,상해없음,승용,남,61세,상해없음
2017090900100667,2017년 9월 9일 23시,토요일,충청북도 청주시 상당구 용담동,경상사고,0,0,1,0,차대차 - 측면충돌,신호위반,건조,맑음,교차로 - 교차로안,승용,여,42세,상해없음,승용,남,20세,경상
2017091000100057,2017년 9월 10일 02시,일요일,충청북도 충주시 주덕읍,경상사고,0,0,1,0,차대차 - 측면충돌,안전운전불이행,건조,맑음,교차로 - 교차로부근,기타불명,기타불명,미분류,기타불명,자전거,남,49세,경상
2017091000100097,2017년 9월 10일 05시,일요일,충청북도 청주시 상당구 남일면,중상사고,0,1,0,0,차량단독 - 전도전복,안전운전불이행,건조,맑음,단일로 - 기타,이륜,남,60세,중상,미분류,미분류,미분류,미분류
2017091000100128,2017년 9월 10일 08시,일요일,충청북도 음성군 금왕읍,경상사고,0,0,2,0,차대차 - 측면충돌,차로위반,건조,맑음,단일로 - 기타,승용,남,25세,상해없음,승용,남,43세,경상
2017091000100150,2017년 9월 10일 09시,일요일,충청북도 진천군 진천읍,경상사고,0,0,3,0,차대차 - 정면충돌,중앙선침범,건조,맑음,단일로 - 기타,이륜,남,64세,경상,승용,남,36세,경상
2017091000100166,2017년 9월 10일 10시,일요일,충청북도 영동군 영동읍,중상사고,0,1,0,0,차대차 - 측면충돌,안전운전불이행,건조,맑음,교차로 - 교차로안,승용,남,55세,상해없음,승용,남,61세,중상
2017091000100182,2017년 9월 10일 11시,일요일,충청북도 제천시 한수면,경상사고,0,0,2,1,차대차 - 측면충돌,직진우회전진행방해,건조,맑음,교차로 - 교차로안,승용,남,64세,상해없음,승용,남,60세,부상신고
2017091000100196,2017년 9월 10일 12시,일요일,충청북도 제천시 명지동,경상사고,0,0,2,3,차대차 - 추돌,안전운전불이행,건조,흐림,단일로 - 기타,승용,남,66세,부상신고,승용,남,40세,경상
2017091000100197,2017년 9월 10일 12시,일요일,충청북도 옥천군 안남면,경상사고,0,0,3,0,차대차 - 측면충돌,교차로운행방법위반,건조,맑음,교차로 - 교차로안,승용,남,55세,경상,화물,남,65세,상해없음
2017091000100236,2017년 9월 10일 13시,일요일,충청북도 청주시 청원구 사천동,경상사고,0,0,1,0,차대차 - 기타,교차로운행방법위반,건조,맑음,교차로 - 교차로안,승용,남,34세,상해없음,이륜,남,58세,경상
2017091000100237,2017년 9월 10일 13시,일요일,충청북도 음성군 대소면,경상사고,0,0,2,0,차대차 - 측면충돌,교차로운행방법위반,건조,맑음,교차로 - 교차로안,화물,남,45세,경상,승용,남,50세,경상
2017091000100238,2017년 9월 10일 13시,일요일,충청북도 청주시 흥덕구 외북동,경상사고,0,0,1,0,차대차 - 기타,안전운전불이행,건조,맑음,교차로 - 교차로부근,원동기,남,16세,경상,화물,남,67세,상해없음
2017091000100239,2017년 9월 10일 13시,일요일,충청북도 진천군 초평면,경상사고,0,0,2,0,차대차 - 기타,안전거리미확보,건조,맑음,단일로 - 기타,승용,남,47세,상해없음,승용,남,31세,경상
2017091000100265,2017년 9월 10일 14시,일요일,충청북도 제천시 의림동,경상사고,0,0,1,0,차대차 - 측면충돌,안전운전불이행,건조,맑음,기타 - 기타,승용,남,51세,상해없음,이륜,남,23세,경상
2017091000100327,2017년 9월 10일 16시,일요일,충청북도 제천시 산곡동,경상사고,0,0,1,0,차대차 - 측면충돌,중앙선침범,건조,맑음,단일로 - 기타,이륜,남,65세,상해없음,승합,남,49세,경상
2017091000100328,2017년 9월 10일 16시,일요일,충청북도 청주시 흥덕구 강내면,경상사고,0,0,1,0,차대차 - 기타,안전운전불이행,건조,맑음,교차로 - 교차로안,승용,여,32세,상해없음,승용,여,32세,경상
2017091000100360,2017년 9월 10일 17시,일요일,충청북도 제천시 강제동,중상사고,0,1,0,0,차대사람 - 기타,안전운전불이행,건조,맑음,교차로 - 교차로안,화물,남,51세,상해없음,보행자,남,33세,중상
2017091000100361,2017년 9월 10일 17시,일요일,충청북도 제천시 중앙로2가,경상사고,0,0,5,0,차대차 - 측면충돌,안전운전불이행,건조,맑음,기타 - 기타,승용,남,23세,경상,승용,남,45세,경상
2017091000100392,2017년 9월 10일 18시,일요일,충청북도 충주시 문화동,경상사고,0,0,1,1,차대차 - 기타,안전거리미확보,건조,맑음,교차로 - 교차로안,승용,여,69세,부상신고,승용,남,47세,경상
2017091000100393,2017년 9월 10일 18시,일요일,충청북도 음성군 금왕읍,경상사고,0,0,2,0,차대차 - 후진중충돌,안전운전불이행,건조,맑음,단일로 - 기타,화물,남,48세,상해없음,승용,여,53세,경상
2017091000100425,2017년 9월 10일 19시,일요일,충청북도 제천시 청전동,중상사고,0,1,1,0,차대사람 - 횡단중,과속,건조,맑음,단일로 - 기타,이륜,남,17세,경상,보행자,여,64세,중상
2017091000100426,2017년 9월 10일 19시,일요일,충청북도 진천군 광혜원면,중상사고,0,1,0,0,차대차 - 기타,직진우회전진행방해,건조,맑음,교차로 - 교차로안,승용,남,48세,상해없음,이륜,남,17세,중상
2017091000100427,2017년 9월 10일 19시,일요일,충청북도 청주시 상당구 용암동,경상사고,0,0,1,0,차대차 - 측면충돌,안전운전불이행,건조,맑음,교차로 - 교차로부근,이륜,남,47세,경상,승용,남,65세,상해없음
2017091000100428,2017년 9월 10일 19시,일요일,충청북도 음성군 금왕읍,경상사고,0,0,3,0,차대차 - 추돌,안전운전불이행,건조,맑음,단일로 - 기타,승용,남,42세,경상,승용,남,33세,경상
2017091000100463,2017년 9월 10일 20시,일요일,충청북도 청주시 청원구 북이면,경상사고,0,0,2,0,차대차 - 추돌,안전거리미확보,건조,맑음,단일로 - 기타,승용,남,37세,경상,승용,남,27세,상해없음
2017091000100513,2017년 9월 10일 22시,일요일,충청북도 충주시 교현동,경상사고,0,0,1,0,차대사람 - 기타,안전운전불이행,건조,맑음,단일로 - 기타,승용,남,31세,상해없음,보행자,남,56세,경상
2017091000100533,2017년 9월 10일 23시,일요일,충청북도 청주시 서원구 산남동,경상사고,0,0,3,0,차대차 - 추돌,안전운전불이행,건조,흐림,교차로 - 교차로부근,승용,여,43세,상해없음,승용,남,47세,상해없음
2017091100100040,2017년 9월 11일 01시,월요일,충청북도 청주시 상당구 방서동,사망사고,1,0,0,0,차대사람 - 기타,과속,젖음/습기,비,단일로 - 기타,화물,남,57세,상해없음,보행자,남,65세,사망
2017091100100058,2017년 9월 11일 03시,월요일,충청북도 진천군 덕산면,경상사고,0,0,2,0,차대차 - 측면충돌,신호위반,젖음/습기,비,교차로 - 교차로안,승용,남,37세,상해없음,승용,남,28세,경상
2017091100100112,2017년 9월 11일 06시,월요일,충청북도 음성군 감곡면,경상사고,0,0,2,0,차대차 - 추돌,안전운전불이행,젖음/습기,비,단일로 - 기타,승용,여,54세,경상,화물,여,50세,경상
2017091100100138,2017년 9월 11일 07시,월요일,충청북도 제천시 금성면,중상사고,0,1,0,0,차량단독 - 도로외이탈 - 추락,안전운전불이행,젖음/습기,비,단일로 - 기타,특수,남,41세,중상,,,,
2017091100100139,2017년 9월 11일 07시,월요일,충청북도 청주시 흥덕구 비하동,경상사고,0,0,1,0,차대차 - 기타,차로위반,젖음/습기,비,교차로 - 교차로부근,승용,남,47세,상해없음,승용,여,26세,경상
2017091100100177,2017년 9월 11일 08시,월요일,충청북도 청주시 청원구 사천동,경상사고,0,0,1,0,차대차 - 추돌,안전운전불이행,젖음/습기,비,단일로 - 기타,승합,남,44세,상해없음,승용,남,28세,경상