사고번호,사고일시,요일,시군구,사고내용,사망자수,중상자수,경상자수,부상신고자수,사고유형,법규위반,노면상태,기상상태,도로형태,가해운전자 차종,가해운전자 성별,가해운전자 연령,가해운전자 상해정도,피해운전자 차종,피해운전자 성별,피해운전자 연령,피해운전자 상해정도
2017091100100178,2017년 9월 11일 08시,월요일,충청북도 제천시 중앙로1가,중상사고,0,1,1,0,차대차 - 측면충돌,신호위반,젖음/습기,비,교차로 - 교차로안,승용,남,54세,경상,승용,남,45세,중상
2017091100100179,2017년 9월 11일 08시,월요일,충청북도 청주시 서원구 남이면,경상사고,0,0,1,0,차대차 - 추돌,안전운전불이행,젖음/습기,비,단일로 - 기타,승용,여,27세,상해없음,승용,여,48세,경상
2017091100100180,2017년 9월 11일 08시,월요일,충청북도 청주시 흥덕구 가경동,경상사고,0,0,1,0,차대차 - 측면충돌,차로위반,젖음/습기,비,교차로 - 교차로부근,승용,여,53세,상해없음,승용,여,41세,경상
2017091100100301,2017년 9월 11일 11시,월요일,충청북도 충주시 연수동,경상사고,0,0,2,0,차대차 - 측면충돌,안전운전불이행,건조,맑음,교차로 - 교차로안,승용,여,52세,경상,승용,남,26세,경상
2017091100100329,2017년 9월 11일 12시,월요일,충청북도 청주시 청원구 내덕동,경상사고,0,0,1,0,차대사람 - 기타,안전운전불이행,건조,맑음,단일로 - 기타,승용,여,48세,상해없음,보행자,여,79세,경상
2017091100100351,2017년 9월 11일 13시,월요일,충청북도 충주시 주덕읍,사망사고,1,1,0,0,차대차 - 측면충돌,중앙선침범,건조,맑음,단일로 - 기타,승용,남,72세,사망,승용,남,52세,중상
2017091100100352,2017년 9월 11일 13시,월요일,충청북도 음성군 삼성면,경상사고,0,0,1,0,차대사람 - 기타,안전운전불이행,건조,맑음,기타 - 기타,승용,남,76세,상해없음,보행자,남,17세,경상
2017091100100383,2017년 9월 11일 14시,월요일,충청북도 충주시 칠금동,경상사고,0,0,1,0,차대차 - 정면충돌,신호위반,건조,맑음,교차로 - 교차로안,원동기,여,77세,경상,승용,여,44세,상해없음
2017091100100384,2017년 9월 11일 14시,월요일,충청북도 청주시 상당구 남일면,경상사고,0,0,1,0,차대차 - 기타,안전운전불이행,건조,맑음,단일로 - 기타,승용,여,48세,상해없음,자전거,남,52세,경상
2017091100100407,2017년 9월 11일 15시,월요일,충청북도 제천시 영천동,부상신고사고,0,0,0,1,차대차 - 추돌,안전운전불이행,건조,맑음,교차로 - 교차로부근,승용,남,49세,부상신고,화물,남,51세,상해없음
2017091100100442,2017년 9월 11일 16시,월요일,충청북도 청주시 청원구 오창읍,경상사고,0,0,2,1,차대차 - 추돌,안전운전불이행,건조,맑음,교차로 - 교차로부근,승용,남,60세,상해없음,승용,남,30세,경상
2017091100100443,2017년 9월 11일 16시,월요일,충청북도 청주시 청원구 내덕동,경상사고,0,0,1,0,차대차 - 기타,신호위반,건조,맑음,교차로 - 교차로안,화물,남,59세,상해없음,승용,남,53세,상해없음
2017091100100444,2017년 9월 11일 16시,월요일,충청북도 충주시 용산동,경상사고,0,0,3,0,차대차 - 기타,직진우회전진행방해,건조,맑음,교차로 - 교차로안,승용,여,52세,경상,승합,남,74세,상해없음
2017091100100445,2017년 9월 11일 16시,월요일,충청북도 충주시 중앙탑면,경상사고,0,0,1,0,차대차 - 추돌,안전거리미확보,건조,맑음,기타 - 기타,승용,여,20세,상해없음,승용,남,40세,경상
2017091100100469,2017년 9월 11일 17시,월요일,충청북도 괴산군 괴산읍,중상사고,0,2,2,0,차대차 - 정면충돌,직진우회전진행방해,건조,맑음,교차로 - 교차로안,승용,여,47세,중상,승용,여,35세,경상
2017091100100503,2017년 9월 11일 18시,월요일,충청북도 충주시 지현동,중상사고,0,1,0,0,차대차 - 기타,교차로운행방법위반,건조,맑음,교차로 - 교차로안,승용,남,50세,상해없음,자전거,남,17세,중상
2017091100100504,2017년 9월 11일 18시,월요일,충청북도 진천군 초평면,중상사고,0,1,0,0,차대차 - 측면충돌,과속,건조,맑음,교차로 - 교차로안,승용,남,28세,상해없음,원동기,남,75세,중상
2017091100100505,2017년 9월 11일 18시,월요일,충청북도 청주시 흥덕구 복대동,경상사고,0,0,1,0,차대사람 - 기타,안전운전불이행,건조,맑음,교차로 - 교차로안,승용,여,36세,상해없음,보행자,여,71세,경상
2017091100100582,2017년 9월 11일 20시,월요일,충청북도 청주시 청원구 오창읍,경상사고,0,0,1,0,차대사람 - 기타,안전운전불이행,건조,맑음,기타 - 기타,승용,여,46세,상해없음,보행자,여,26세,경상
2017091100100583,2017년 9월 11일 20시,월요일,충청북도 충주시 중앙탑면,경상사고,0,0,1,0,차대차 - 추돌,안전운전불이행,건조,맑음,기타 - 기타,승용,남,39세,상해없음,승용,남,30세,경상
2017091100100606,2017년 9월 11일 21시,월요일,충청북도 충주시 연수동,경상사고,0,0,1,0,차대차 - 기타,안전운전불이행,건조,맑음,단일로 - 기타,이륜,남,25세,경상,승용,남,39세,상해없음
2017091100100607,2017년 9월 11일 21시,월요일,충청북도 진천군 진천읍,경상사고,0,0,1,0,차대차 - 기타,안전운전불이행,건조,맑음,기타 - 기타,자전거,남,43세,경상,자전거,남,33세,상해없음
2017091100100608,2017년 9월 11일 21시,월요일,충청북도 청주시 흥덕구 봉명동,경상사고,0,0,1,0,차대차 - 기타,교차로운행방법위반,건조,맑음,교차로 - 교차로안,승용,남,37세,상해없음,승용,남,35세,경상
2017091100100609,2017년 9월 11일 21시,월요일,충청북도 청주시 서원구 분평동,경상사고,0,0,1,0,차대차 - 추돌,안전운전불이행,건조,맑음,교차로 - 교차로부근,승용,남,24세,상해없음,승용,남,38세,경상
2017091100100667,2017년 9월 11일 23시,월요일,충청북도 청주시 청원구 내덕동,경상사고,0,0,1,0,차대차 - 측면충돌,안전운전불이행,건조,맑음,교차로 - 교차로부근,승용,남,25세,상해없음,승용,여,26세,경상
2017091100100668,2017년 9월 11일 23시,월요일,충청북도 충주시 성내동,경상사고,0,0,1,1,차대차 - 기타,안전운전불이행,건조,맑음,교차로 - 교차로안,승용,남,27세,부상신고,화물,남,32세,경상
2017091100100669,2017년 9월 11일 23시,월요일,충청북도 청주시 상당구 금천동,중상사고,0,1,0,0,차대사람 - 기타,안전운전불이행,건조,맑음,단일로 - 기타,승용,여,29세,상해없음,보행자,여,75세,중상
2017091200100032,2017년 9월 12일 00시,화요일,충청북도 청주시 청원구 내덕동,경상사고,0,0,2,0,차대차 - 추돌,안전운전불이행,건조,맑음,교차로 - 교차로부근,승용,남,23세,상해없음,승합,남,51세,경상
2017091200100102,2017년 9월 12일 07시,화요일,충청북도 증평군 도안면,경상사고,0,0,5,0,차대차 - 측면충돌,안전거리미확보,건조,맑음,단일로 - 기타,승용,남,55세,경상,승용,남,41세,경상
2017091200100103,2017년 9월 12일 07시,화요일,충청북도 청주시 서원구 분평동,경상사고,0,0,1,0,차대차 - 측면충돌,신호위반,건조,맑음,교차로 - 교차로안,승용,남,50세,상해없음,승용,남,30세,상해없음
2017091200100136,2017년 9월 12일 08시,화요일,충청북도 청주시 흥덕구 봉명동,경상사고,0,0,3,0,차대차 - 측면충돌,교차로운행방법위반,건조,맑음,교차로 - 교차로안,승용,여,50세,경상,승용,남,69세,경상
2017091200100177,2017년 9월 12일 09시,화요일,충청북도 제천시 덕산면,경상사고,0,0,1,1,차대차 - 측면충돌,기타,건조,맑음,교차로 - 교차로안,화물,남,73세,부상신고,승용,여,49세,경상
2017091200100178,2017년 9월 12일 09시,화요일,충청북도 영동군 영동읍,경상사고,0,0,2,0,차대차 - 추돌,안전운전불이행,건조,맑음,단일로 - 기타,화물,남,59세,상해없음,승용,남,56세,경상
2017091200100179,2017년 9월 12일 09시,화요일,충청북도 청주시 상당구 용정동,경상사고,0,0,1,0,차대차 - 기타,신호위반,건조,맑음,교차로 - 교차로안,승용,남,58세,상해없음,승용,여,39세,경상
2017091200100205,2017년 9월 12일 10시,화요일,충청북도 제천시 한수면,경상사고,0,0,1,0,차량단독 - 기타,안전운전불이행,건조,맑음,단일로 - 기타,승합,남,58세,상해없음,,,,
2017091200100241,2017년 9월 12일 11시,화요일,충청북도 청주시 흥덕구 가경동,중상사고,0,1,0,0,차대사람 - 기타,보행자보호의무위반,건조,맑음,교차로 - 교차로안,화물,남,49세,상해없음,보행자,여,84세,중상
2017091200100242,2017년 9월 12일 11시,화요일,충청북도 청주시 흥덕구 복대동,경상사고,0,0,2,0,차대차 - 추돌,안전운전불이행,건조,맑음,교차로 - 교차로부근,승용,남,52세,상해없음,승용,여,39세,경상
2017091200100243,2017년 9월 12일 11시,화요일,충청북도 청주시 상당구 금천동,경상사고,0,0,1,0,차대차 - 추돌,안전운전불이행,건조,맑음,교차로 - 교차로부근,기타불명,기타불명,미분류,기타불명,승합,남,21세,경상
2017091200100244,2017년 9월 12일 11시,화요일,충청북도 청주시 서원구 현도면,경상사고,0,0,1,0,차대차 - 측면충돌,안전운전불이행,건조,맑음,단일로 - 기타,승용,남,40세,상해없음,건설기계,남,52세,경상
2017091200100288,2017년 9월 12일 13시,화요일,충청북도 청주시 서원구 수곡동,경상사고,0,0,3,0,차대차 - 추돌,안전운전불이행,건조,맑음,단일로 - 기타,승용,남,32세,상해없음,승용,여,69세,경상
2017091200100342,2017년 9월 12일 15시,화요일,충청북도 청주시 서원구 사창동,중상사고,0,1,0,0,차대차 - 기타,안전거리미확보,건조,맑음,단일로 - 기타,승용,여,30세,상해없음,승합,남,38세,상해없음
2017091200100343,2017년 9월 12일 15시,화요일,충청북도 제천시 남천동,경상사고,0,0,1,0,차대차 - 기타,신호위반,건조,맑음,교차로 - 교차로안,화물,남,38세,상해없음,화물,남,46세,경상
2017091200100344,2017년 9월 12일 15시,화요일,충청북도 단양군 매포읍,경상사고,0,0,1,0,차대차 - 측면충돌,안전거리미확보,건조,맑음,단일로 - 기타,건설기계,남,56세,상해없음,승용,여,31세,경상
2017091200100379,2017년 9월 12일 16시,화요일,충청북도 충주시 연수동,경상사고,0,0,1,0,차대차 - 기타,안전운전불이행,건조,맑음,교차로 - 교차로안,승용,남,52세,상해없음,자전거,남,73세,경상
2017091200100380,2017년 9월 12일 16시,화요일,충청북도 제천시 강제동,경상사고,0,0,2,0,차대차 - 측면충돌,신호위반,건조,맑음,교차로 - 교차로안,승용,남,72세,상해없음,화물,남,45세,상해없음
2017091200100381,2017년 9월 12일 16시,화요일,충청북도 옥천군 청산면,중상사고,0,1,0,0,차대차 - 측면충돌,교차로운행방법위반,건조,맑음,교차로 - 교차로안,사륜오토바이(ATV),여,62세,중상,승합,남,47세,상해없음
2017091200100382,2017년 9월 12일 16시,화요일,충청북도 청주시 흥덕구 강내면,경상사고,0,0,1,0,차대차 - 측면충돌,중앙선침범,건조,맑음,단일로 - 기타,자전거,남,83세,경상,승용,여,62세,상해없음
2017091200100383,2017년 9월 12일 16시,화요일,충청북도 청주시 서원구 모충동,중상사고,0,1,0,0,차대차 - 측면충돌,교차로운행방법위반,건조,맑음,교차로 - 교차로안,화물,남,60세,상해없음,자전거,남,65세,중상
2017091200100423,2017년 9월 12일 17시,화요일,충청북도 청주시 흥덕구 가경동,경상사고,0,0,1,0,차대차 - 기타,안전운전불이행,건조,맑음,교차로 - 교차로안,승합,남,49세,상해없음,자전거,남,66세,경상
2017091200100461,2017년 9월 12일 18시,화요일,충청북도 청주시 청원구 율량동,경상사고,0,0,1,0,차대차 - 기타,안전운전불이행,건조,맑음,교차로 - 교차로안,화물,남,57세,상해없음,승용,남,27세,경상
2017091200100462,2017년 9월 12일 18시,화요일,충청북도 충주시 대소원면,경상사고,0,0,3,1,차대차 - 추돌,안전거리미확보,건조,맑음,단일로 - 기타,화물,남,45세,부상신고,승용,여,30세,경상
2017091200100463,2017년 9월 12일 18시,화요일,충청북도 충주시 봉방동,경상사고,0,0,1,0,차대차 - 추돌,직진우회전진행방해,건조,맑음,단일로 - 기타,승용,남,69세,상해없음,원동기,남,37세,경상
2017091200100464,2017년 9월 12일 18시,화요일,충청북도 청주시 서원구 성화동,경상사고,0,0,1,0,차대차 - 측면충돌,신호위반,건조,맑음,교차로 - 교차로안,승용,여,44세,상해없음,승용,여,41세,경상
2017091200100502,2017년 9월 12일 19시,화요일,충청북도 괴산군 소수면,부상신고사고,0,0,0,1,차대차 - 정면충돌,중앙선침범,건조,맑음,단일로 - 기타,승용,남,43세,부상신고,화물,남,48세,상해없음
2017091200100503,2017년 9월 12일 19시,화요일,충청북도 청주시 상당구 가덕면,경상사고,0,0,1,0,차대차 - 기타,교차로운행방법위반,건조,맑음,교차로 - 교차로안,화물,남,35세,상해없음,자전거,남,39세,경상
2017091200100538,2017년 9월 12일 20시,화요일,충청북도 진천군 문백면,경상사고,0,0,1,0,차대차 - 기타,기타,건조,맑음,단일로 - 기타,화물,남,52세,상해없음,화물,남,52세,상해없음
2017091200100562,2017년 9월 12일 21시,화요일,충청북도 음성군 맹동면,부상신고사고,0,0,0,1,차대차 - 후진중충돌,안전운전불이행,건조,맑음,단일로 - 기타,승용,남,38세,부상신고,화물,남,44세,상해없음
2017091200100563,2017년 9월 12일 21시,화요일,충청북도 청주시 상당구 문의면,중상사고,0,2,4,0,차대차 - 측면충돌,교차로운행방법위반,건조,맑음,교차로 - 교차로안,승용,남,19세,경상,승용,남,27세,중상
2017091200100564,2017년 9월 12일 21시,화요일,충청북도 청주시 서원구 산남동,경상사고,0,0,1,0,차대차 - 측면충돌,신호위반,건조,맑음,교차로 - 교차로안,이륜,남,21세,경상,화물,남,45세,상해없음
2017091300100101,2017년 9월 13일 07시,수요일,충청북도 충주시 문화동,부상신고사고,0,0,0,1,차대차 - 기타,기타,건조,맑음,교차로 - 교차로안,자전거,남,17세,부상신고,기타불명,기타불명,미분류,기타불명
2017091300100102,2017년 9월 13일 07시,수요일,충청북도 제천시 청전동,경상사고,0,0,1,0,차대차 - 추돌,안전운전불이행,건조,맑음,교차로 - 교차로부근,승용,남,25세,상해없음,승용,남,44세,경상
2017091300100103,2017년 9월 13일 07시,수요일,충청북도 청주시 서원구 모충동,경상사고,0,0,1,0,차대사람 - 횡단중,안전운전불이행,건조,맑음,단일로 - 기타,승용,여,44세,상해없음,보행자,남,13세,경상
2017091300100104,2017년 9월 13일 07시,수요일,충청북도 청주시 청원구 오창읍,경상사고,0,0,2,0,차대차 - 기타,안전거리미확보,건조,맑음,단일로 - 기타,승용,여,30세,상해없음,화물,남,62세,경상
2017091300100133,2017년 9월 13일 08시,수요일,충청북도 청주시 청원구 내덕동,중상사고,0,1,0,0,차대차 - 측면충돌,안전운전불이행,건조,맑음,교차로 - 교차로안,승용,남,27세,상해없음,자전거,남,81세,중상
2017091300100134,2017년 9월 13일 08시,수요일,충청북도 제천시 하소동,중상사고,0,1,0,0,차대차 - 측면충돌,안전운전불이행,건조,맑음,교차로 - 교차로안,승용,여,54세,상해없음,자전거,여,53세,중상
2017091300100135,2017년 9월 13일 08시,수요일,충청북도 괴산군 청천면,경상사고,0,0,1,0,차대차 - 측면충돌,안전거리미확보,건조,맑음,단일로 - 기타,화물,남,61세,상해없음,화물,남,37세,경상
2017091300100136,2017년 9월 13일 08시,수요일,충청북도 음성군 대소면,경상사고,0,0,2,0,차대차 - 측면충돌,교차로운행방법위반,건조,맑음,교차로 - 교차로안,화물,남,66세,경상,승합,남,57세,경상
2017091300100176,2017년 9월 13일 09시,수요일,충청북도 청주시 서원구 개신동,중상사고,0,1,0,0,차대사람 - 횡단중,안전운전불이행,건조,맑음,교차로 - 교차로안,승용,여,43세,상해없음,보행자,여,82세,중상
2017091300100239,2017년 9월 13일 11시,수요일,충청북도 음성군 원남면,중상사고,0,1,3,0,차대차 - 측면충돌,안전운전불이행,건조,맑음,교차로 - 교차로안,승용,남,78세,경상,화물,남,26세,경상
2017091300100278,2017년 9월 13일 12시,수요일,충청북도 청주시 청원구 내수읍,중상사고,0,2,0,0,차대차 - 추돌,교차로운행방법위반,건조,맑음,교차로 - 교차로안,이륜,남,79세,중상,화물,남,57세,상해없음
2017091300100279,2017년 9월 13일 12시,수요일,충청북도 충주시 연수동,경상사고,0,0,2,1,차대차 - 기타,교차로운행방법위반,건조,맑음,교차로 - 교차로안,승용,여,67세,부상신고,승용,여,51세,경상
2017091300100280,2017년 9월 13일 12시,수요일,충청북도 음성군 삼성면,부상신고사고,0,0,0,1,차대차 - 측면충돌,교차로운행방법위반,건조,맑음,교차로 - 교차로안,화물,남,49세,부상신고,승용,남,47세,상해없음
2017091300100317,2017년 9월 13일 13시,수요일,충청북도 음성군 음성읍,중상사고,0,1,0,0,차대차 - 측면충돌,신호위반,건조,맑음,교차로 - 교차로안,승용,남,52세,상해없음,승용,여,34세,중상
2017091300100351,2017년 9월 13일 14시,수요일,충청북도 청주시 서원구 사창동,중상사고,0,1,1,0,차대차 - 측면충돌,직진우회전진행방해,건조,맑음,교차로 - 교차로안,승용,여,48세,경상,승용,여,64세,중상
2017091300100352,2017년 9월 13일 14시,수요일,충청북도 제천시 명동,경상사고,0,0,1,0,차대차 - 기타,직진우회전진행방해,건조,맑음,교차로 - 교차로안,이륜,남,25세,경상,승용,남,25세,상해없음
2017091300100353,2017년 9월 13일 14시,수요일,충청북도 단양군 단양읍,중상사고,0,1,0,0,차대차 - 기타,안전운전불이행,건조,맑음,교차로 - 교차로안,승용,여,61세,상해없음,이륜,남,63세,중상
2017091300100354,2017년 9월 13일 14시,수요일,충청북도 청주시 흥덕구 복대동,부상신고사고,0,0,0,1,차대차 - 기타,안전운전불이행,건조,맑음,단일로 - 기타,이륜,남,26세,부상신고,화물,남,39세,상해없음
2017091300100355,2017년 9월 13일 14시,수요일,충청북도 청주시 서원구 분평동,경상사고,0,0,1,0,차대차 - 기타,안전운전불이행,건조,맑음,단일로 - 기타,승용,여,46세,상해없음,승용,여,43세,경상
2017091300100468,2017년 9월 13일 17시,수요일,충청북도 제천시 동현동,경상사고,0,0,1,0,차량단독 - 기타,안전운전불이행,건조,맑음,교차로 - 교차로안,승용,남,61세,상해없음,,,,
2017091300100469,2017년 9월 13일 17시,수요일,충청북도 청주시 서원구 현도면,경상사고,0,0,2,0,차대차 - 추돌,안전운전불이행,건조,맑음,교차로 - 교차로안,승용,남,73세,상해없음,승용,여,45세,경상
2017091300100470,2017년 9월 13일 17시,수요일,충청북도 청주시 흥덕구 송정동,경상사고,0,0,1,0,차대차 - 기타,차로위반,건조,맑음,단일로 - 기타,승용,여,31세,상해없음,승용,남,25세,경상
2017091300100471,2017년 9월 13일 17시,수요일,충청북도 청주시 상당구 남문로1가동,경상사고,0,0,1,0,차대차 - 기타,안전거리미확보,건조,맑음,교차로 - 교차로부근,승합,남,62세,상해없음,승용,여,54세,경상
2017091300100523,2017년 9월 13일 18시,수요일,충청북도 청주시 흥덕구 복대동,경상사고,0,0,1,0,차대차 - 기타,신호위반,건조,맑음,교차로 - 교차로부근,승용,남,26세,상해없음,개인형이동수단(PM),남,33세,경상
2017091300100524,2017년 9월 13일 18시,수요일,충청북도 청주시 서원구 수곡동,경상사고,0,0,1,0,차대사람 - 길가장자리구역통행중,안전운전불이행,건조,맑음,단일로 - 기타,승용,여,58세,상해없음,보행자,여,22세,경상
2017091300100575,2017년 9월 13일 19시,수요일,충청북도 청주시 서원구 남이면,중상사고,0,1,6,0,차대차 - 기타,차로위반,건조,맑음,교차로 - 교차로부근,승용,여,54세,경상,승용,여,35세,중상
2017091300100638,2017년 9월 13일 21시,수요일,충청북도 청주시 청원구 내덕동,경상사고,0,0,2,0,차대차 - 정면충돌,안전운전불이행,건조,맑음,단일로 - 기타,승용,남,33세,상해없음,승용,여,24세,경상
2017091300100639,2017년 9월 13일 21시,수요일,충청북도 청주시 청원구 우암동,경상사고,0,0,1,0,차대차 - 정면충돌,중앙선침범,건조,맑음,단일로 - 기타,승용,남,37세,상해없음,승용,여,47세,경상
2017091300100640,2017년 9월 13일 21시,수요일,충청북도 청주시 상당구 용암동,경상사고,0,0,3,0,차대차 - 추돌,안전운전불이행,건조,맑음,교차로 - 교차로부근,승용,여,37세,상해없음,승용,남,25세,경상
2017091400100066,2017년 9월 14일 05시,목요일,충청북도 충주시 용탄동,중상사고,0,1,0,0,차량단독 - 공작물충돌,안전운전불이행,건조,맑음,교차로 - 교차로부근,승용,남,41세,중상,,,,
2017091400100111,2017년 9월 14일 07시,목요일,충청북도 진천군 초평면,경상사고,0,0,2,0,차대차 - 측면충돌,신호위반,건조,맑음,교차로 - 교차로안,화물,남,57세,경상,화물,남,40세,경상
2017091400100112,2017년 9월 14일 07시,목요일,충청북도 청주시 흥덕구 봉명동,중상사고,0,1,0,0,차대사람 - 횡단중,안전운전불이행,건조,맑음,단일로 - 기타,승용,여,53세,상해없음,보행자,여,24세,중상
2017091400100160,2017년 9월 14일 08시,목요일,충청북도 제천시 의림동,경상사고,0,0,1,0,차대차 - 측면충돌,기타,건조,맑음,교차로 - 교차로부근,승용,남,25세,상해없음,자전거,남,15세,경상
2017091400100215,2017년 9월 14일 09시,목요일,충청북도 진천군 광혜원면,경상사고,0,0,2,0,차대차 - 기타,신호위반,건조,맑음,교차로 - 교차로안,승용,남,47세,상해없음,승용,남,82세,경상
2017091400100216,2017년 9월 14일 09시,목요일,충청북도 청주시 흥덕구 신촌동,경상사고,0,0,3,0,차대차 - 기타,안전운전불이행,건조,맑음,단일로 - 기타,승용,남,25세,경상,승용,남,36세,상해없음
2017091400100245,2017년 9월 14일 10시,목요일,충청북도 청주시 청원구 주중동,중상사고,0,1,0,0,차대사람 - 횡단중,안전운전불이행,건조,맑음,교차로 - 교차로부근,승용,남,76세,상해없음,보행자,여,73세,중상
2017091400100246,2017년 9월 14일 10시,목요일,충청북도 음성군 감곡면,중상사고,0,1,0,0,차대차 - 기타,안전운전불이행,건조,맑음,교차로 - 교차로안,자전거,여,51세,중상,승용,남,55세,상해없음
2017091400100276,2017년 9월 14일 11시,목요일,충청북도 영동군 영동읍,경상사고,0,0,5,0,차대차 - 기타,직진우회전진행방해,건조,맑음,교차로 - 교차로안,승용,여,37세,경상,승용,여,68세,경상
2017091400100310,2017년 9월 14일 12시,목요일,충청북도 충주시 앙성면,경상사고,0,0,1,0,차대차 - 측면충돌,직진우회전진행방해,건조,맑음,교차로 - 교차로안,화물,남,49세,상해없음,이륜,남,25세,경상
2017091400100311,2017년 9월 14일 12시,목요일,충청북도 청주시 흥덕구 비하동,경상사고,0,0,1,0,차대차 - 기타,신호위반,건조,맑음,교차로 - 교차로안,승용,남,31세,상해없음,승용,여,67세,경상
2017091400100380,2017년 9월 14일 14시,목요일,충청북도 제천시 봉양읍,경상사고,0,0,1,0,차량단독 - 전도전복,안전운전불이행,건조,맑음,기타 - 기타,원동기,남,62세,경상,미분류,미분류,미분류,미분류
2017091400100381,2017년 9월 14일 14시,목요일,충청북도 청주시 흥덕구 복대동,경상사고,0,0,1,0,차대차 - 기타,신호위반,건조,맑음,단일로 - 기타,승용,여,32세,상해없음,자전거,남,82세,경상
2017091400100382,2017년 9월 14일 14시,목요일,충청북도 청주시 서원구 분평동,경상사고,0,0,1,0,차대사람 - 기타,안전운전불이행,건조,맑음,단일로 - 기타,승용,남,48세,상해없음,보행자,여,12세,경상
2017091400100383,2017년 9월 14일 14시,목요일,충청북도 청주시 서원구 미평동,중상사고,0,1,0,0,차대차 - 기타,안전거리미확보,건조,맑음,단일로 - 기타,승용,남,39세,기타불명,승합,남,55세,상해없음
2017091400100452,2017년 9월 14일 16시,목요일,충청북도 청주시 흥덕구 비하동,경상사고,0,0,2,0,차대차 - 기타,안전운전불이행,건조,맑음,단일로 - 기타,승용,여,29세,상해없음,승용,남,21세,경상
2017091400100564,2017년 9월 14일 18시,목요일,충청북도 음성군 금왕읍,중상사고,0,1,0,0,차대차 - 측면충돌,중앙선침범,건조,맑음,단일로 - 기타,승용,남,49세,상해없음,원동기,남,61세,중상
2017091400100565,2017년 9월 14일 18시,목요일,충청북도 청주시 흥덕구 강내면,경상사고,0,0,1,0,차대차 - 기타,안전운전불이행,건조,맑음,교차로 - 교차로안,승용,남,63세,상해없음,승용,여,32세,경상
2017091400100617,2017년 9월 14일 19시,목요일,충청북도 충주시 연수동,사망사고,1,0,0,0,차대사람 - 기타,안전운전불이행,건조,맑음,단일로 - 기타,승용,남,43세,상해없음,보행자,여,81세,사망
2017091400100618,2017년 9월 14일 19시,목요일,충청북도 진천군 진천읍,중상사고,0,1,2,0,차대차 - 기타,안전거리미확보,건조,기타,단일로 - 기타,승용,남,61세,상해없음,승용,남,20세,중상
2017091400100646,2017년 9월 14일 20시,목요일,충청북도 충주시 중앙탑면,경상사고,0,0,2,0,차대차 - 추돌,중앙선침범,건조,맑음,교차로 - 교차로부근,승용,남,50세,상해없음,승용,남,25세,경상
2017091400100650,2017년 9월 14일 20시,목요일,충청북도 청주시 흥덕구 옥산면,경상사고,0,0,3,0,차대차 - 추돌,안전운전불이행,건조,맑음,단일로 - 기타,기타불명,기타불명,미분류,기타불명,승용,여,63세,경상
2017091400100727,2017년 9월 14일 23시,목요일,충청북도 청주시 서원구 죽림동,경상사고,0,0,1,0,차대차 - 기타,안전운전불이행,건조,맑음,단일로 - 기타,승용,남,56세,상해없음,승용,여,50세,경상
2017091500100065,2017년 9월 15일 05시,금요일,충청북도 청주시 흥덕구 옥산면,경상사고,0,0,1,0,차대차 - 측면충돌,안전운전불이행,젖음/습기,안개,단일로 - 기타,승용,남,30세,상해없음,승용,남,32세,경상
2017091500100132,2017년 9월 15일 08시,금요일,충청북도 청주시 청원구 오창읍,중상사고,0,1,0,0,차대차 - 측면충돌,신호위반,건조,맑음,교차로 - 교차로부근,승용,남,27세,상해없음,이륜,남,81세,중상
2017091500100173,2017년 9월 15일 09시,금요일,충청북도 충주시 지현동,중상사고,0,1,0,0,차대사람 - 기타,안전운전불이행,건조,맑음,교차로 - 교차로안,승용,여,59세,상해없음,보행자,여,79세,중상
2017091500100174,2017년 9월 15일 09시,금요일,충청북도 진천군 진천읍,경상사고,0,0,1,0,차대차 - 기타,중앙선침범,건조,맑음,교차로 - 교차로안,승합,남,56세,상해없음,승용,남,59세,경상
2017091500100204,2017년 9월 15일 10시,금요일,충청북도 청주시 청원구 오동동,경상사고,0,0,1,0,차대차 - 기타,신호위반,건조,맑음,교차로 - 교차로안,승용,남,58세,상해없음,승용,남,49세,경상
2017091500100205,2017년 9월 15일 10시,금요일,충청북도 청주시 흥덕구 신봉동,경상사고,0,0,1,0,차대차 - 측면충돌,안전운전불이행,건조,맑음,교차로 - 교차로횡단보도내,승용,여,41세,상해없음,자전거,남,45세,경상
2017091500100206,2017년 9월 15일 10시,금요일,충청북도 청주시 상당구 영운동,경상사고,0,0,1,0,차대차 - 기타,안전운전불이행,건조,맑음,단일로 - 기타,승용,여,48세,상해없음,자전거,여,63세,경상
2017091500100241,2017년 9월 15일 11시,금요일,충청북도 제천시 고명동,경상사고,0,0,3,0,차대차 - 추돌,안전거리미확보,건조,맑음,단일로 - 기타,승용,여,38세,경상,승용,남,59세,상해없음
2017091500100242,2017년 9월 15일 11시,금요일,충청북도 진천군 광혜원면,중상사고,0,1,1,0,차대차 - 측면충돌,신호위반,건조,맑음,교차로 - 교차로안,승용,남,79세,상해없음,승합,남,49세,상해없음