사고번호,사고일시,요일,시군구,사고내용,사망자수,중상자수,경상자수,부상신고자수,사고유형,법규위반,노면상태,기상상태,도로형태,가해운전자 차종,가해운전자 성별,가해운전자 연령,가해운전자 상해정도,피해운전자 차종,피해운전자 성별,피해운전자 연령,피해운전자 상해정도
2017091500100292,2017년 9월 15일 13시,금요일,충청북도 청주시 흥덕구 옥산면,중상사고,0,1,0,0,차대차 - 측면충돌,안전운전불이행,건조,맑음,단일로 - 기타,화물,남,40세,상해없음,건설기계,남,71세,중상
2017091500100293,2017년 9월 15일 13시,금요일,충청북도 청주시 상당구 낭성면,경상사고,0,0,2,0,차대차 - 추돌,중앙선침범,건조,맑음,단일로 - 기타,승용,남,64세,상해없음,승용,남,61세,경상
2017091500100294,2017년 9월 15일 13시,금요일,충청북도 청주시 서원구 산남동,중상사고,0,1,0,0,차대차 - 기타,안전운전불이행,건조,맑음,교차로 - 교차로안,승용,남,41세,상해없음,승용,여,38세,중상
2017091500100323,2017년 9월 15일 14시,금요일,충청북도 청주시 청원구 오창읍,경상사고,0,0,1,0,차대차 - 기타,안전운전불이행,건조,맑음,단일로 - 기타,승합,남,22세,상해없음,화물,남,34세,경상
2017091500100324,2017년 9월 15일 14시,금요일,충청북도 청주시 흥덕구 오송읍,중상사고,0,2,3,0,차대차 - 추돌,안전거리미확보,건조,맑음,교차로 - 교차로안,화물,남,53세,기타불명,승용,여,38세,중상
2017091500100366,2017년 9월 15일 15시,금요일,충청북도 충주시 목행동,부상신고사고,0,0,0,1,차대차 - 측면충돌,안전운전불이행,건조,맑음,기타 - 기타,기타불명,기타불명,미분류,기타불명,자전거,남,43세,부상신고
2017091500100367,2017년 9월 15일 15시,금요일,충청북도 제천시 화산동,중상사고,0,1,0,0,차대차 - 측면충돌,기타,건조,맑음,교차로 - 교차로안,승용,남,74세,상해없음,화물,남,60세,중상
2017091500100368,2017년 9월 15일 15시,금요일,충청북도 괴산군 괴산읍,경상사고,0,0,1,0,차대차 - 측면충돌,신호위반,건조,맑음,교차로 - 교차로안,화물,남,56세,상해없음,화물,남,41세,경상
2017091500100369,2017년 9월 15일 15시,금요일,충청북도 단양군 단양읍,중상사고,0,1,0,0,차대차 - 추돌,안전거리미확보,건조,맑음,단일로 - 기타,승용,남,57세,상해없음,승용,남,37세,중상
2017091500100370,2017년 9월 15일 15시,금요일,충청북도 청주시 서원구 성화동,경상사고,0,0,1,0,차대차 - 측면충돌,안전운전불이행,건조,맑음,교차로 - 교차로부근,이륜,남,20세,경상,승용,남,58세,상해없음
2017091500100413,2017년 9월 15일 16시,금요일,충청북도 청주시 청원구 오창읍,중상사고,0,1,0,0,차대차 - 기타,안전운전불이행,건조,맑음,단일로 - 기타,승용,남,38세,상해없음,이륜,남,33세,중상
2017091500100414,2017년 9월 15일 16시,금요일,충청북도 제천시 장락동,중상사고,0,1,2,0,차대차 - 측면충돌,안전운전불이행,건조,맑음,교차로 - 교차로안,승용,여,30세,경상,승용,여,43세,경상
2017091500100468,2017년 9월 15일 17시,금요일,충청북도 충주시 봉방동,중상사고,0,1,2,1,차대차 - 추돌,안전거리미확보,건조,맑음,교차로 - 교차로안,승용,남,32세,부상신고,승용,남,70세,경상
2017091500100469,2017년 9월 15일 17시,금요일,충청북도 진천군 진천읍,경상사고,0,0,1,0,차대차 - 기타,안전거리미확보,건조,맑음,교차로 - 교차로부근,원동기,남,79세,경상,화물,남,40세,상해없음
2017091500100470,2017년 9월 15일 17시,금요일,충청북도 청주시 서원구 분평동,중상사고,0,1,0,0,차대사람 - 횡단중,안전운전불이행,건조,맑음,교차로 - 교차로횡단보도내,승용,여,41세,상해없음,보행자,여,6세,중상
2017091500100471,2017년 9월 15일 17시,금요일,충청북도 청주시 서원구 산남동,경상사고,0,0,1,0,차대사람 - 기타,안전운전불이행,건조,맑음,교차로 - 교차로안,승합,남,56세,상해없음,보행자,여,63세,경상
2017091500100523,2017년 9월 15일 18시,금요일,충청북도 음성군 금왕읍,경상사고,0,0,2,0,차대차 - 측면충돌,교차로운행방법위반,건조,맑음,교차로 - 교차로안,화물,남,29세,경상,승용,여,36세,경상
2017091500100568,2017년 9월 15일 19시,금요일,충청북도 청주시 흥덕구 가경동,경상사고,0,0,3,0,차대차 - 측면충돌,안전운전불이행,건조,맑음,교차로 - 교차로부근,승용,여,56세,경상,승용,남,62세,경상
2017091500100569,2017년 9월 15일 19시,금요일,충청북도 청주시 흥덕구 정봉동,경상사고,0,0,2,0,차대차 - 측면충돌,안전운전불이행,건조,맑음,교차로 - 교차로부근,화물,남,58세,경상,승용,남,49세,경상
2017091500100631,2017년 9월 15일 20시,금요일,충청북도 진천군 진천읍,경상사고,0,0,1,0,차대차 - 기타,교차로운행방법위반,건조,맑음,교차로 - 교차로안,승용,남,60세,상해없음,이륜,남,19세,경상
2017091500100632,2017년 9월 15일 20시,금요일,충청북도 진천군 광혜원면,경상사고,0,0,1,0,차대사람 - 횡단중,안전운전불이행,건조,맑음,교차로 - 교차로횡단보도내,승용,남,41세,상해없음,보행자,남,50세,경상
2017091500100633,2017년 9월 15일 20시,금요일,충청북도 청주시 상당구 용암동,경상사고,0,0,1,0,차대차 - 측면충돌,안전운전불이행,건조,맑음,교차로 - 교차로안,승용,여,35세,상해없음,승용,여,42세,경상
2017091500100666,2017년 9월 15일 21시,금요일,충청북도 청주시 상당구 북문로2가동,경상사고,0,0,2,0,차대차 - 측면충돌,신호위반,건조,맑음,교차로 - 교차로안,승용,여,67세,상해없음,승용,남,23세,경상
2017091500100701,2017년 9월 15일 22시,금요일,충청북도 음성군 금왕읍,경상사고,0,0,1,0,차대차 - 측면충돌,차로위반,건조,맑음,단일로 - 기타,승용,남,54세,상해없음,이륜,남,18세,경상
2017091600100067,2017년 9월 16일 03시,토요일,충청북도 청주시 흥덕구 석소동,경상사고,0,0,1,0,차대차 - 측면충돌,안전거리미확보,건조,맑음,단일로 - 기타,이륜,남,18세,경상,승용,여,50세,상해없음
2017091600100105,2017년 9월 16일 06시,토요일,충청북도 제천시 금성면,경상사고,0,0,1,0,차량단독 - 기타,안전운전불이행,건조,맑음,단일로 - 기타,화물,남,79세,경상,,,,
2017091600100143,2017년 9월 16일 08시,토요일,충청북도 청주시 흥덕구 봉명동,중상사고,0,1,2,0,차대차 - 측면충돌,신호위반,건조,맑음,교차로 - 교차로안,승용,여,48세,중상,승합,남,55세,경상
2017091600100172,2017년 9월 16일 09시,토요일,충청북도 청주시 청원구 내덕동,경상사고,0,0,1,0,차대차 - 기타,안전운전불이행,건조,맑음,교차로 - 교차로안,승용,여,54세,상해없음,승용,여,52세,경상
2017091600100173,2017년 9월 16일 09시,토요일,충청북도 청주시 청원구 주중동,경상사고,0,0,2,0,차대차 - 추돌,안전운전불이행,건조,맑음,단일로 - 기타,승용,남,75세,상해없음,승용,남,65세,경상
2017091600100174,2017년 9월 16일 09시,토요일,충청북도 음성군 대소면,중상사고,0,2,0,0,차대차 - 측면충돌,교차로운행방법위반,건조,맑음,교차로 - 교차로안,화물,남,65세,상해없음,이륜,남,86세,중상
2017091600100207,2017년 9월 16일 10시,토요일,충청북도 음성군 금왕읍,경상사고,0,0,1,0,차대차 - 후진중충돌,안전운전불이행,건조,맑음,단일로 - 기타,승용,남,57세,상해없음,화물,남,19세,경상
2017091600100248,2017년 9월 16일 11시,토요일,충청북도 옥천군 옥천읍,중상사고,0,2,0,0,차대차 - 측면충돌,중앙선침범,건조,맑음,교차로 - 교차로부근,화물,남,27세,상해없음,승용,남,38세,중상
2017091600100284,2017년 9월 16일 12시,토요일,충청북도 청주시 흥덕구 강서동,경상사고,0,0,1,0,차대차 - 측면충돌,신호위반,건조,맑음,교차로 - 교차로안,화물,남,63세,상해없음,승용,여,35세,경상
2017091600100315,2017년 9월 16일 13시,토요일,충청북도 음성군 음성읍,경상사고,0,0,1,0,차대차 - 측면충돌,교차로운행방법위반,건조,맑음,교차로 - 교차로안,승용,남,40세,상해없음,승용,여,58세,경상
2017091600100354,2017년 9월 16일 14시,토요일,충청북도 청주시 흥덕구 강내면,경상사고,0,0,1,0,차대차 - 측면충돌,안전운전불이행,건조,맑음,교차로 - 교차로안,승용,남,42세,기타불명,승용,남,57세,경상
2017091600100355,2017년 9월 16일 14시,토요일,충청북도 청주시 상당구 용암동,경상사고,0,0,2,0,차대차 - 추돌,안전운전불이행,건조,맑음,단일로 - 기타,화물,남,43세,상해없음,승용,남,37세,경상
2017091600100381,2017년 9월 16일 15시,토요일,충청북도 청주시 청원구 내덕동,경상사고,0,0,1,0,차대차 - 측면충돌,차로위반,건조,맑음,단일로 - 기타,승용,여,47세,상해없음,승용,남,26세,경상
2017091600100382,2017년 9월 16일 15시,토요일,충청북도 충주시 봉방동,중상사고,0,3,1,0,차대차 - 기타,안전운전불이행,건조,맑음,교차로 - 교차로부근,건설기계,남,56세,상해없음,승용,여,47세,경상
2017091600100383,2017년 9월 16일 15시,토요일,충청북도 충주시 앙성면,경상사고,0,0,1,1,차대차 - 기타,안전운전불이행,건조,맑음,교차로 - 교차로부근,승용,남,55세,부상신고,승용,여,71세,경상
2017091600100384,2017년 9월 16일 15시,토요일,충청북도 음성군 대소면,경상사고,0,0,1,0,차대차 - 기타,안전운전불이행,건조,맑음,단일로 - 기타,화물,남,54세,상해없음,승용,남,41세,상해없음
2017091600100385,2017년 9월 16일 15시,토요일,충청북도 옥천군 청성면,경상사고,0,0,1,0,차대차 - 측면충돌,교차로운행방법위반,건조,맑음,교차로 - 교차로안,승합,남,60세,상해없음,승용,남,18세,경상
2017091600100386,2017년 9월 16일 15시,토요일,충청북도 단양군 단양읍,중상사고,0,1,0,0,차대차 - 측면충돌,중앙선침범,건조,맑음,단일로 - 기타,승용,남,34세,상해없음,이륜,남,71세,중상
2017091600100387,2017년 9월 16일 15시,토요일,충청북도 진천군 진천읍,중상사고,0,2,2,0,차량단독 - 공작물충돌,안전운전불이행,건조,맑음,단일로 - 기타,승용,여,41세,상해없음,,,,
2017091600100388,2017년 9월 16일 15시,토요일,충청북도 청주시 흥덕구 가경동,경상사고,0,0,2,0,차대차 - 기타,안전운전불이행,건조,맑음,교차로 - 교차로부근,승용,남,28세,상해없음,승용,남,42세,경상
2017091600100416,2017년 9월 16일 16시,토요일,충청북도 청주시 청원구 율량동,경상사고,0,0,3,0,차대차 - 기타,중앙선침범,건조,맑음,교차로 - 교차로안,승용,남,32세,경상,화물,남,62세,경상
2017091600100495,2017년 9월 16일 18시,토요일,충청북도 충주시 칠금동,경상사고,0,0,1,0,차대차 - 기타,직진우회전진행방해,건조,맑음,교차로 - 교차로안,승용,남,61세,상해없음,자전거,남,13세,경상
2017091600100496,2017년 9월 16일 18시,토요일,충청북도 제천시 장락동,경상사고,0,0,2,0,차대차 - 추돌,안전거리미확보,건조,맑음,교차로 - 교차로부근,화물,남,56세,상해없음,승용,여,55세,경상
2017091600100559,2017년 9월 16일 20시,토요일,충청북도 청주시 서원구 분평동,경상사고,0,0,3,0,차대차 - 기타,안전거리미확보,건조,맑음,교차로 - 교차로부근,기타불명,기타불명,미분류,기타불명,승용,남,35세,상해없음
2017091600100560,2017년 9월 16일 20시,토요일,충청북도 청주시 서원구 수곡동,경상사고,0,0,1,0,차대차 - 기타,안전운전불이행,건조,맑음,단일로 - 기타,승용,남,51세,상해없음,승용,남,52세,경상
2017091600100580,2017년 9월 16일 21시,토요일,충청북도 제천시 봉양읍,중상사고,0,3,5,0,차대차 - 추돌,과속,건조,맑음,단일로 - 교량,승용,남,58세,경상,승용,남,47세,경상
2017091600100581,2017년 9월 16일 21시,토요일,충청북도 청주시 상당구 용암동,경상사고,0,0,2,0,차대차 - 기타,안전운전불이행,건조,맑음,단일로 - 기타,특수,남,32세,경상,승용,남,58세,경상
2017091600100614,2017년 9월 16일 22시,토요일,충청북도 제천시 교동,경상사고,0,0,1,3,차대차 - 측면충돌,직진우회전진행방해,건조,맑음,교차로 - 교차로안,승합,남,39세,상해없음,승용,여,46세,경상
2017091600100634,2017년 9월 16일 23시,토요일,충청북도 제천시 청전동,경상사고,0,0,1,0,차대차 - 측면충돌,중앙선침범,건조,맑음,단일로 - 기타,승용,남,26세,상해없음,승용,남,40세,경상
2017091600100635,2017년 9월 16일 23시,토요일,충청북도 청주시 흥덕구 오송읍,중상사고,0,1,0,0,차대차 - 기타,안전운전불이행,건조,맑음,교차로 - 교차로안,개인형이동수단(PM),남,13세,중상,승용,남,44세,상해없음
2017091700100032,2017년 9월 17일 01시,일요일,충청북도 청주시 상당구 용담동,경상사고,0,0,2,0,차대차 - 후진중충돌,안전운전불이행,건조,맑음,단일로 - 기타,승용,남,54세,상해없음,승용,여,57세,경상
2017091700100069,2017년 9월 17일 05시,일요일,충청북도 제천시 중앙로1가,경상사고,0,0,3,0,차대차 - 측면충돌,신호위반,건조,맑음,교차로 - 교차로안,승용,남,33세,상해없음,승용,남,62세,경상
2017091700100102,2017년 9월 17일 08시,일요일,충청북도 청주시 서원구 개신동,중상사고,0,1,0,0,차대차 - 측면충돌,안전운전불이행,건조,맑음,단일로 - 기타,승합,남,67세,상해없음,이륜,남,50세,중상
2017091700100103,2017년 9월 17일 08시,일요일,충청북도 음성군 금왕읍,경상사고,0,0,1,0,차대차 - 추돌,안전운전불이행,건조,맑음,단일로 - 기타,화물,여,46세,상해없음,화물,남,75세,경상
2017091700100104,2017년 9월 17일 08시,일요일,충청북도 옥천군 안남면,경상사고,0,0,1,0,차대사람 - 길가장자리구역통행중,안전운전불이행,건조,맑음,단일로 - 기타,승용,남,49세,상해없음,보행자,남,33세,경상
2017091700100198,2017년 9월 17일 12시,일요일,충청북도 청주시 청원구 오창읍,경상사고,0,0,2,0,차대차 - 기타,교차로운행방법위반,건조,맑음,교차로 - 교차로안,승용,여,33세,경상,승용,남,48세,경상
2017091700100231,2017년 9월 17일 13시,일요일,충청북도 청주시 청원구 오창읍,경상사고,0,0,1,0,차대차 - 추돌,안전운전불이행,건조,맑음,단일로 - 기타,화물,남,52세,상해없음,승용,남,48세,경상
2017091700100232,2017년 9월 17일 13시,일요일,충청북도 제천시 명지동,경상사고,0,0,1,1,차대차 - 측면충돌,안전거리미확보,건조,맑음,단일로 - 기타,승용,남,47세,상해없음,승용,남,72세,상해없음
2017091700100233,2017년 9월 17일 13시,일요일,충청북도 옥천군 군북면,중상사고,0,2,4,0,차대차 - 측면충돌,중앙선침범,건조,맑음,단일로 - 기타,승용,여,23세,경상,승합,남,37세,중상
2017091700100234,2017년 9월 17일 13시,일요일,충청북도 청주시 흥덕구 봉명동,중상사고,0,1,0,0,차대차 - 측면충돌,불법유턴,건조,맑음,단일로 - 기타,이륜,남,49세,상해없음,이륜,남,17세,중상
2017091700100292,2017년 9월 17일 15시,일요일,충청북도 충주시 칠금동,중상사고,0,2,1,0,차대차 - 기타,신호위반,건조,맑음,교차로 - 교차로안,승합,남,45세,상해없음,승용,남,68세,경상
2017091700100293,2017년 9월 17일 15시,일요일,충청북도 청주시 흥덕구 복대동,중상사고,0,1,1,0,차대차 - 기타,안전운전불이행,건조,맑음,교차로 - 교차로부근,승용,남,68세,상해없음,승용,남,70세,경상
2017091700100322,2017년 9월 17일 16시,일요일,충청북도 청주시 청원구 내덕동,경상사고,0,0,1,0,차대차 - 측면충돌,안전운전불이행,건조,맑음,교차로 - 교차로부근,자전거,남,60세,경상,화물,남,58세,상해없음
2017091700100323,2017년 9월 17일 16시,일요일,충청북도 충주시 대소원면,경상사고,0,0,3,0,차대차 - 추돌,안전운전불이행,건조,맑음,교차로 - 교차로부근,승용,남,74세,경상,승용,여,45세,경상
2017091700100324,2017년 9월 17일 16시,일요일,충청북도 충주시 산척면,경상사고,0,0,1,0,차량단독 - 기타,안전운전불이행,건조,맑음,단일로 - 기타,승용,남,35세,상해없음,,,,
2017091700100325,2017년 9월 17일 16시,일요일,충청북도 보은군 탄부면,중상사고,0,1,0,0,차대차 - 기타,중앙선침범,건조,흐림,단일로 - 기타,화물,남,64세,상해없음,이륜,남,20세,중상
2017091700100363,2017년 9월 17일 17시,일요일,충청북도 청주시 서원구 사직동,경상사고,0,0,1,0,차대사람 - 기타,안전운전불이행,건조,맑음,단일로 - 기타,승용,남,19세,상해없음,보행자,여,51세,경상
2017091700100364,2017년 9월 17일 17시,일요일,충청북도 제천시 화산동,경상사고,0,0,1,0,차대차 - 정면충돌,중앙선침범,건조,맑음,교차로 - 교차로부근,승용,남,61세,상해없음,승용,남,52세,상해없음
2017091700100365,2017년 9월 17일 17시,일요일,충청북도 진천군 이월면,중상사고,0,1,0,0,차대차 - 측면충돌,안전운전불이행,건조,맑음,교차로 - 교차로안,승용,남,40세,상해없음,원동기,남,18세,중상
2017091700100400,2017년 9월 17일 18시,일요일,충청북도 청주시 서원구 사창동,중상사고,0,1,2,0,차대차 - 추돌,안전운전불이행,건조,맑음,단일로 - 기타,승용,여,44세,상해없음,승용,남,39세,상해없음
2017091700100401,2017년 9월 17일 18시,일요일,충청북도 청주시 상당구 서운동,경상사고,0,0,1,0,차대사람 - 기타,중앙선침범,건조,맑음,단일로 - 기타,승용,남,43세,상해없음,보행자,여,58세,경상
2017091700100402,2017년 9월 17일 18시,일요일,충청북도 청주시 상당구 용담동,중상사고,0,1,4,0,차대차 - 측면충돌,신호위반,건조,맑음,교차로 - 교차로안,승용,여,32세,경상,승용,남,43세,경상
2017091700100494,2017년 9월 17일 21시,일요일,충청북도 청주시 청원구 오창읍,경상사고,0,0,1,0,차대사람 - 기타,기타,건조,맑음,교차로 - 교차로부근,이륜,남,44세,상해없음,보행자,남,3세,경상
2017091700100495,2017년 9월 17일 21시,일요일,충청북도 청주시 서원구 개신동,중상사고,0,1,0,0,차대차 - 측면충돌,안전운전불이행,건조,맑음,교차로 - 교차로부근,승용,남,39세,상해없음,이륜,남,18세,중상
2017091700100516,2017년 9월 17일 22시,일요일,충청북도 단양군 단양읍,중상사고,0,1,0,0,차대차 - 측면충돌,신호위반,건조,맑음,교차로 - 교차로안,원동기,남,15세,중상,승용,남,57세,상해없음
2017091800100035,2017년 9월 18일 01시,월요일,충청북도 청주시 청원구 내수읍,경상사고,0,0,1,0,차량단독 - 도로외이탈 - 추락,안전운전불이행,건조,맑음,단일로 - 기타,승용,남,21세,경상,,,,
2017091800100057,2017년 9월 18일 05시,월요일,충청북도 충주시 봉방동,경상사고,0,0,1,0,차대차 - 기타,신호위반,건조,맑음,교차로 - 교차로안,화물,남,48세,상해없음,승용,남,51세,경상
2017091800100058,2017년 9월 18일 05시,월요일,충청북도 청주시 서원구 모충동,중상사고,0,1,0,0,차대차 - 기타,중앙선침범,건조,맑음,교차로 - 교차로부근,승용,남,56세,상해없음,자전거,남,66세,중상
2017091800100094,2017년 9월 18일 07시,월요일,충청북도 청주시 서원구 사직동,경상사고,0,0,3,0,차대차 - 기타,중앙선침범,건조,맑음,단일로 - 기타,승용,여,63세,상해없음,승용,여,25세,경상
2017091800100095,2017년 9월 18일 07시,월요일,충청북도 진천군 진천읍,경상사고,0,0,1,0,차대사람 - 기타,안전운전불이행,건조,맑음,교차로 - 교차로부근,승용,남,49세,상해없음,보행자,남,12세,경상
2017091800100134,2017년 9월 18일 08시,월요일,충청북도 괴산군 문광면,경상사고,0,0,2,0,차대차 - 측면충돌,안전운전불이행,건조,맑음,단일로 - 기타,승용,남,65세,상해없음,화물,남,55세,경상
2017091800100135,2017년 9월 18일 08시,월요일,충청북도 보은군 보은읍,경상사고,0,0,1,0,차대사람 - 기타,안전운전불이행,건조,맑음,단일로 - 기타,승용,여,46세,상해없음,보행자,여,16세,경상
2017091800100191,2017년 9월 18일 09시,월요일,충청북도 보은군 마로면,사망사고,1,1,0,0,차대차 - 정면충돌,중앙선침범,건조,맑음,단일로 - 기타,화물,남,61세,사망,화물,남,52세,중상
2017091800100192,2017년 9월 18일 09시,월요일,충청북도 청주시 흥덕구 향정동,경상사고,0,0,3,0,차대차 - 측면충돌,안전운전불이행,건조,맑음,교차로 - 교차로안,승용,남,60세,경상,승용,여,42세,경상
2017091800100193,2017년 9월 18일 09시,월요일,충청북도 청주시 흥덕구 옥산면,경상사고,0,0,1,0,차대차 - 추돌,안전운전불이행,건조,맑음,교차로 - 교차로안,건설기계,남,46세,상해없음,승용,여,31세,경상
2017091800100230,2017년 9월 18일 10시,월요일,충청북도 청주시 상당구 남일면,중상사고,0,1,3,0,차대차 - 측면충돌,중앙선침범,건조,맑음,단일로 - 기타,승용,남,67세,상해없음,승용,여,60세,중상
2017091800100266,2017년 9월 18일 11시,월요일,충청북도 충주시 살미면,경상사고,0,0,1,0,차대차 - 기타,안전거리미확보,건조,맑음,교차로 - 교차로부근,승용,남,81세,상해없음,승용,남,33세,경상
2017091800100267,2017년 9월 18일 11시,월요일,충청북도 옥천군 군북면,중상사고,0,1,1,0,차대차 - 측면충돌,불법유턴,건조,맑음,단일로 - 기타,특수,남,59세,상해없음,승용,여,73세,중상
2017091800100304,2017년 9월 18일 12시,월요일,충청북도 옥천군 안내면,중상사고,0,1,0,0,차량단독 - 전도전복 - 전도,안전운전불이행,건조,맑음,단일로 - 기타,이륜,남,65세,중상,,,,
2017091800100334,2017년 9월 18일 13시,월요일,충청북도 충주시 산척면,부상신고사고,0,0,0,1,차대차 - 기타,중앙선침범,건조,맑음,교차로 - 교차로안,사륜오토바이(ATV),남,83세,부상신고,승용,남,56세,상해없음
2017091800100366,2017년 9월 18일 14시,월요일,충청북도 청주시 흥덕구 가경동,경상사고,0,0,1,0,차대차 - 기타,신호위반,건조,맑음,교차로 - 교차로안,화물,남,52세,상해없음,승용,여,41세,경상
2017091800100411,2017년 9월 18일 15시,월요일,충청북도 제천시 덕산면,중상사고,0,1,0,0,차량단독 - 전도전복 - 전도,안전운전불이행,건조,맑음,단일로 - 기타,농기계,남,79세,중상,,,,
2017091800100412,2017년 9월 18일 15시,월요일,충청북도 청주시 흥덕구 오송읍,중상사고,0,1,0,0,차대차 - 기타,안전운전불이행,건조,맑음,교차로 - 교차로부근,자전거,남,80세,중상,승용,남,62세,상해없음
2017091800100454,2017년 9월 18일 16시,월요일,충청북도 충주시 목행동,중상사고,0,1,2,0,차대차 - 추돌,안전운전불이행,건조,맑음,단일로 - 기타,이륜,남,43세,중상,화물,남,75세,경상
2017091800100455,2017년 9월 18일 16시,월요일,충청북도 제천시 금성면,중상사고,0,1,0,0,차대사람 - 기타,과속,건조,맑음,단일로 - 기타,승용,남,54세,상해없음,보행자,남,84세,중상
2017091800100456,2017년 9월 18일 16시,월요일,충청북도 청주시 서원구 모충동,중상사고,0,1,0,0,차대사람 - 횡단중,안전운전불이행,건조,맑음,단일로 - 기타,승용,여,37세,상해없음,보행자,남,71세,중상
2017091800100507,2017년 9월 18일 17시,월요일,충청북도 청주시 청원구 오창읍,경상사고,0,0,1,0,차대차 - 기타,직진우회전진행방해,건조,맑음,교차로 - 교차로안,승용,남,38세,상해없음,승용,남,38세,경상
2017091800100508,2017년 9월 18일 17시,월요일,충청북도 충주시 산척면,경상사고,0,0,1,0,차대차 - 기타,안전운전불이행,건조,맑음,단일로 - 기타,승합,남,51세,상해없음,승용,남,48세,상해없음
2017091800100567,2017년 9월 18일 18시,월요일,충청북도 제천시 의림동,중상사고,0,1,1,0,차대차 - 측면충돌,신호위반,건조,맑음,교차로 - 교차로안,원동기,남,20세,경상,원동기,남,18세,중상
2017091800100568,2017년 9월 18일 18시,월요일,충청북도 제천시 강제동,경상사고,0,0,3,0,차대차 - 측면충돌,안전운전불이행,건조,맑음,교차로 - 교차로안,승용,여,37세,경상,승용,여,34세,경상
2017091800100569,2017년 9월 18일 18시,월요일,충청북도 진천군 광혜원면,경상사고,0,0,1,0,차대사람 - 기타,안전운전불이행,건조,맑음,교차로 - 교차로부근,승용,남,52세,상해없음,보행자,여,22세,경상
2017091800100602,2017년 9월 18일 19시,월요일,충청북도 청주시 흥덕구 복대동,경상사고,0,0,1,0,차대차 - 측면충돌,신호위반,건조,맑음,교차로 - 교차로부근,이륜,남,43세,경상,승용,여,51세,상해없음
2017091800100653,2017년 9월 18일 20시,월요일,충청북도 옥천군 군북면,경상사고,0,0,2,0,차대차 - 추돌,안전운전불이행,건조,맑음,단일로 - 기타,화물,남,67세,상해없음,화물,남,32세,경상
2017091800100715,2017년 9월 18일 22시,월요일,충청북도 제천시 강제동,중상사고,0,1,0,0,차대사람 - 횡단중,안전운전불이행,건조,맑음,기타 - 기타,승용,여,52세,상해없음,보행자,남,34세,중상
2017091800100735,2017년 9월 18일 23시,월요일,충청북도 제천시 청전동,경상사고,0,0,4,0,차대차 - 정면충돌,중앙선침범,건조,맑음,교차로 - 교차로부근,승용,여,23세,경상,승용,여,26세,경상
2017091900100021,2017년 9월 19일 00시,화요일,충청북도 청주시 청원구 오창읍,중상사고,0,1,0,0,차대사람 - 기타,중앙선침범,건조,맑음,단일로 - 기타,승용,남,46세,상해없음,보행자,남,54세,중상
2017091900100022,2017년 9월 19일 00시,화요일,충청북도 제천시 영천동,부상신고사고,0,0,0,1,차대차 - 추돌,안전운전불이행,건조,맑음,기타 - 기타,화물,남,40세,부상신고,승용,남,53세,상해없음
2017091900100047,2017년 9월 19일 03시,화요일,충청북도 제천시 청전동,부상신고사고,0,0,0,1,차대차 - 추돌,안전운전불이행,건조,맑음,단일로 - 기타,승용,남,25세,부상신고,승용,남,42세,상해없음
2017091900100066,2017년 9월 19일 05시,화요일,충청북도 청주시 흥덕구 오송읍,사망사고,1,0,0,0,차대차 - 추돌,안전운전불이행,건조,맑음,단일로 - 기타,화물,남,37세,상해없음,농기계,남,74세,사망
2017091900100092,2017년 9월 19일 07시,화요일,충청북도 진천군 진천읍,중상사고,0,1,0,0,차대차 - 측면충돌,교차로운행방법위반,건조,맑음,단일로 - 기타,승용,남,48세,상해없음,이륜,남,67세,중상
2017091900100135,2017년 9월 19일 08시,화요일,충청북도 청주시 청원구 내수읍,중상사고,0,1,0,0,차대차 - 기타,안전운전불이행,건조,맑음,단일로 - 기타,승합,남,67세,상해없음,원동기,여,20세,중상
2017091900100136,2017년 9월 19일 08시,화요일,충청북도 제천시 왕암동,경상사고,0,0,2,0,차대차 - 측면충돌,직진우회전진행방해,건조,맑음,교차로 - 교차로안,승용,여,31세,경상,승용,남,31세,경상
2017091900100137,2017년 9월 19일 08시,화요일,충청북도 음성군 대소면,경상사고,0,0,2,0,차대차 - 측면충돌,안전운전불이행,건조,맑음,단일로 - 기타,승용,여,55세,경상,승용,남,31세,경상
2017091900100138,2017년 9월 19일 08시,화요일,충청북도 청주시 흥덕구 복대동,경상사고,0,0,1,0,차대차 - 측면충돌,중앙선침범,건조,맑음,교차로 - 교차로부근,승용,남,55세,상해없음,승용,여,34세,경상
2017091900100233,2017년 9월 19일 11시,화요일,충청북도 단양군 대강면,사망사고,1,0,0,0,차대차 - 측면충돌,직진우회전진행방해,건조,맑음,교차로 - 교차로안,이륜,남,56세,사망,승용,남,56세,상해없음
2017091900100255,2017년 9월 19일 12시,화요일,충청북도 옥천군 청산면,경상사고,0,0,1,0,차대차 - 측면충돌,교차로운행방법위반,건조,맑음,교차로 - 교차로안,자전거,여,62세,경상,화물,남,45세,상해없음
2017091900100277,2017년 9월 19일 13시,화요일,충청북도 충주시 목행동,경상사고,0,0,3,1,차대차 - 기타,안전운전불이행,건조,맑음,교차로 - 교차로안,승합,여,33세,부상신고,승용,여,56세,경상
2017091900100328,2017년 9월 19일 15시,화요일,충청북도 청주시 상당구 문의면,경상사고,0,0,1,0,차대차 - 측면충돌,중앙선침범,건조,맑음,단일로 - 기타,자전거,남,46세,경상,승용,남,39세,상해없음