사고번호,사고일시,요일,시군구,사고내용,사망자수,중상자수,경상자수,부상신고자수,사고유형,법규위반,노면상태,기상상태,도로형태,가해운전자 차종,가해운전자 성별,가해운전자 연령,가해운전자 상해정도,피해운전자 차종,피해운전자 성별,피해운전자 연령,피해운전자 상해정도
2017091900100366,2017년 9월 19일 16시,화요일,충청북도 괴산군 괴산읍,경상사고,0,0,1,1,차대차 - 기타,직진우회전진행방해,건조,맑음,교차로 - 교차로안,승용,여,37세,부상신고,승용,남,58세,경상
2017091900100403,2017년 9월 19일 17시,화요일,충청북도 청주시 흥덕구 수의동,경상사고,0,0,2,0,차대차 - 측면충돌,안전운전불이행,건조,맑음,단일로 - 기타,승용,남,43세,경상,승용,남,64세,경상
2017091900100404,2017년 9월 19일 17시,화요일,충청북도 청주시 서원구 현도면,경상사고,0,0,1,0,차대차 - 기타,안전운전불이행,건조,맑음,교차로 - 교차로부근,승용,남,18세,상해없음,화물,남,33세,경상
2017091900100405,2017년 9월 19일 17시,화요일,충청북도 청주시 서원구 분평동,경상사고,0,0,1,0,차대사람 - 횡단중,보행자보호의무위반,건조,맑음,교차로 - 교차로횡단보도내,승용,남,38세,상해없음,보행자,남,10세,경상
2017091900100439,2017년 9월 19일 18시,화요일,충청북도 청주시 청원구 율량동,경상사고,0,0,1,0,차대차 - 기타,교차로운행방법위반,건조,맑음,교차로 - 교차로안,승용,여,31세,상해없음,자전거,남,57세,경상
2017091900100440,2017년 9월 19일 18시,화요일,충청북도 괴산군 청천면,경상사고,0,0,1,0,차량단독 - 공작물충돌,안전운전불이행,건조,맑음,단일로 - 기타,승용,남,50세,경상,,,,
2017091900100441,2017년 9월 19일 18시,화요일,충청북도 진천군 광혜원면,경상사고,0,0,1,0,차대차 - 기타,안전거리미확보,건조,맑음,교차로 - 교차로부근,기타불명,기타불명,미분류,기타불명,승용,남,28세,경상
2017091900100442,2017년 9월 19일 18시,화요일,충청북도 청주시 흥덕구 복대동,경상사고,0,0,1,0,차대사람 - 횡단중,신호위반,건조,맑음,교차로 - 교차로횡단보도내,승용,남,22세,상해없음,보행자,여,8세,경상
2017091900100505,2017년 9월 19일 20시,화요일,충청북도 충주시 봉방동,경상사고,0,0,1,0,차대사람 - 기타,안전운전불이행,건조,흐림,교차로 - 교차로부근,승용,남,69세,상해없음,보행자,남,56세,경상
2017091900100551,2017년 9월 19일 21시,화요일,충청북도 청주시 서원구 성화동,경상사고,0,0,3,0,차대차 - 추돌,안전거리미확보,건조,맑음,교차로 - 교차로부근,승용,남,34세,경상,승용,여,49세,상해없음
2017091900100552,2017년 9월 19일 21시,화요일,충청북도 청주시 상당구 용암동,경상사고,0,0,2,0,차대차 - 측면충돌,신호위반,건조,맑음,교차로 - 교차로안,승용,남,67세,상해없음,화물,남,60세,경상
2017091900100585,2017년 9월 19일 22시,화요일,충청북도 음성군 금왕읍,경상사고,0,0,2,0,차대차 - 측면충돌,중앙선침범,건조,맑음,단일로 - 기타,화물,남,65세,상해없음,승용,남,55세,경상
2017092000100062,2017년 9월 20일 02시,수요일,충청북도 청주시 청원구 내덕동,경상사고,0,0,1,0,차대차 - 기타,안전운전불이행,건조,맑음,교차로 - 교차로부근,승용,남,35세,상해없음,승용,남,28세,경상
2017092000100063,2017년 9월 20일 02시,수요일,충청북도 청주시 서원구 분평동,경상사고,0,0,3,0,차대차 - 측면충돌,안전운전불이행,건조,맑음,교차로 - 교차로부근,승용,남,55세,상해없음,승용,남,44세,경상
2017092000100086,2017년 9월 20일 05시,수요일,충청북도 청주시 서원구 사직동,경상사고,0,0,1,0,차대차 - 측면충돌,안전거리미확보,건조,맑음,교차로 - 교차로안,승용,여,38세,상해없음,승용,남,35세,경상
2017092000100099,2017년 9월 20일 06시,수요일,충청북도 청주시 서원구 분평동,중상사고,0,1,0,0,차대차 - 기타,신호위반,건조,맑음,교차로 - 교차로안,승용,여,39세,상해없음,자전거,여,80세,중상
2017092000100122,2017년 9월 20일 07시,수요일,충청북도 충주시 지현동,경상사고,0,0,2,0,차대차 - 추돌,안전운전불이행,건조,맑음,단일로 - 기타,승용,남,48세,상해없음,승용,남,59세,경상
2017092000100123,2017년 9월 20일 07시,수요일,충청북도 청주시 서원구 현도면,경상사고,0,0,1,0,차대차 - 기타,안전운전불이행,건조,맑음,단일로 - 기타,승용,남,40세,상해없음,승용,남,77세,경상
2017092000100124,2017년 9월 20일 07시,수요일,충청북도 청주시 상당구 영운동,중상사고,0,1,0,0,차대차 - 기타,교차로운행방법위반,건조,맑음,교차로 - 교차로안,승용,남,55세,상해없음,자전거,남,18세,중상
2017092000100167,2017년 9월 20일 08시,수요일,충청북도 음성군 삼성면,중상사고,0,1,2,0,차대차 - 측면충돌,교차로운행방법위반,건조,맑음,교차로 - 교차로안,화물,남,52세,경상,승용,남,34세,중상
2017092000100240,2017년 9월 20일 10시,수요일,충청북도 괴산군 장연면,경상사고,0,0,2,0,차대차 - 추돌,안전거리미확보,건조,맑음,단일로 - 터널,화물,남,46세,상해없음,승용,남,36세,경상
2017092000100269,2017년 9월 20일 11시,수요일,충청북도 청주시 흥덕구 복대동,경상사고,0,0,2,0,차대차 - 기타,안전운전불이행,건조,맑음,교차로 - 교차로안,승용,여,51세,경상,승용,남,40세,경상
2017092000100308,2017년 9월 20일 12시,수요일,충청북도 청주시 청원구 오창읍,경상사고,0,0,1,0,차대차 - 측면충돌,안전운전불이행,건조,맑음,교차로 - 교차로안,승용,남,29세,상해없음,이륜,남,39세,경상
2017092000100309,2017년 9월 20일 12시,수요일,충청북도 옥천군 옥천읍,경상사고,0,0,2,0,차대차 - 측면충돌,안전운전불이행,건조,맑음,주차장 - 주차장,승용,남,57세,상해없음,승용,여,46세,경상
2017092000100310,2017년 9월 20일 12시,수요일,충청북도 청주시 상당구 서운동,중상사고,0,1,0,0,차대사람 - 기타,보행자보호의무위반,건조,맑음,교차로 - 교차로횡단보도내,승용,남,25세,상해없음,보행자,여,71세,중상
2017092000100311,2017년 9월 20일 12시,수요일,충청북도 청주시 상당구 남일면,경상사고,0,0,2,0,차대차 - 기타,교차로운행방법위반,건조,맑음,교차로 - 교차로안,승용,남,57세,상해없음,승용,남,56세,상해없음
2017092000100312,2017년 9월 20일 12시,수요일,충청북도 청주시 상당구 낭성면,경상사고,0,0,2,0,차대차 - 기타,안전운전불이행,건조,맑음,교차로 - 교차로부근,승합,남,54세,상해없음,승용,여,62세,경상
2017092000100346,2017년 9월 20일 13시,수요일,충청북도 충주시 연수동,중상사고,0,1,0,0,차대차 - 측면충돌,안전운전불이행,건조,맑음,단일로 - 기타,승용,남,45세,상해없음,자전거,남,60세,중상
2017092000100347,2017년 9월 20일 13시,수요일,충청북도 진천군 광혜원면,경상사고,0,0,1,0,차대차 - 측면충돌,차로위반,건조,맑음,단일로 - 기타,화물,남,62세,상해없음,화물,남,60세,경상
2017092000100380,2017년 9월 20일 14시,수요일,충청북도 청주시 상당구 낭성면,경상사고,0,0,1,0,차대차 - 기타,중앙선침범,건조,맑음,단일로 - 기타,승용,남,66세,상해없음,승용,남,58세,경상
2017092000100416,2017년 9월 20일 15시,수요일,충청북도 청주시 서원구 사창동,경상사고,0,0,1,0,차대차 - 측면충돌,교차로운행방법위반,건조,맑음,교차로 - 교차로안,이륜,남,21세,경상,승용,기타불명,미분류,기타불명
2017092000100417,2017년 9월 20일 15시,수요일,충청북도 충주시 연수동,경상사고,0,0,1,0,차대사람 - 횡단중,보행자보호의무위반,건조,맑음,교차로 - 교차로횡단보도내,승용,남,60세,상해없음,보행자,남,63세,경상
2017092000100418,2017년 9월 20일 15시,수요일,충청북도 충주시 앙성면,중상사고,0,1,2,1,차대차 - 기타,안전운전불이행,건조,맑음,단일로 - 기타,승용,여,22세,부상신고,승용,남,31세,중상
2017092000100449,2017년 9월 20일 16시,수요일,충청북도 청주시 흥덕구 봉명동,중상사고,0,1,0,0,차대차 - 측면충돌,신호위반,건조,맑음,교차로 - 교차로안,화물,남,53세,상해없음,이륜,여,56세,중상
2017092000100450,2017년 9월 20일 16시,수요일,충청북도 청주시 상당구 미원면,경상사고,0,0,1,0,차대사람 - 기타,안전운전불이행,건조,맑음,단일로 - 기타,승용,여,23세,상해없음,보행자,남,12세,경상
2017092000100497,2017년 9월 20일 17시,수요일,충청북도 제천시 명동,중상사고,0,1,0,0,차대차 - 측면충돌,신호위반,건조,맑음,교차로 - 교차로안,승용,남,82세,상해없음,화물,남,58세,중상
2017092000100498,2017년 9월 20일 17시,수요일,충청북도 청주시 흥덕구 비하동,경상사고,0,0,1,0,차대차 - 측면충돌,안전운전불이행,건조,맑음,교차로 - 교차로부근,기타불명,기타불명,미분류,기타불명,자전거,남,17세,경상
2017092000100499,2017년 9월 20일 17시,수요일,충청북도 청주시 상당구 용정동,경상사고,0,0,2,0,차대차 - 기타,안전운전불이행,건조,맑음,단일로 - 기타,승용,남,27세,경상,승용,남,70세,경상
2017092000100558,2017년 9월 20일 18시,수요일,충청북도 청주시 흥덕구 신봉동,경상사고,0,0,1,0,차대차 - 측면충돌,안전운전불이행,건조,맑음,교차로 - 교차로부근,자전거,남,9세,경상,승용,남,51세,상해없음
2017092000100559,2017년 9월 20일 18시,수요일,충청북도 청주시 흥덕구 복대동,경상사고,0,0,1,0,차대차 - 추돌,안전운전불이행,건조,맑음,교차로 - 교차로부근,승용,남,50세,상해없음,승용,남,39세,경상
2017092000100617,2017년 9월 20일 19시,수요일,충청북도 청주시 서원구 사창동,사망사고,1,0,0,0,차대사람 - 길가장자리구역통행중,안전운전불이행,건조,맑음,교차로 - 교차로안,승합,남,64세,상해없음,보행자,남,59세,사망
2017092000100618,2017년 9월 20일 19시,수요일,충청북도 청주시 서원구 사창동,경상사고,0,0,1,0,차대차 - 측면충돌,차로위반,건조,맑음,단일로 - 기타,승용,남,66세,상해없음,승용,여,60세,경상
2017092000100619,2017년 9월 20일 19시,수요일,충청북도 청주시 상당구 대성동,경상사고,0,0,1,0,차대차 - 기타,안전운전불이행,건조,맑음,교차로 - 교차로안,이륜,남,41세,상해없음,자전거,남,13세,경상
2017092000100660,2017년 9월 20일 20시,수요일,충청북도 음성군 맹동면,경상사고,0,0,4,0,차대차 - 측면충돌,신호위반,건조,맑음,교차로 - 교차로안,승용,여,56세,경상,승용,남,41세,경상
2017092000100694,2017년 9월 20일 21시,수요일,충청북도 제천시 송학면,중상사고,0,1,0,0,차량단독 - 전도전복 - 전도,안전운전불이행,건조,맑음,기타 - 기타,화물,남,51세,중상,,,,
2017092000100726,2017년 9월 20일 22시,수요일,충청북도 청주시 서원구 성화동,중상사고,0,1,0,0,차대사람 - 횡단중,안전운전불이행,건조,맑음,교차로 - 교차로부근,승용,여,39세,상해없음,보행자,여,17세,중상
2017092000100755,2017년 9월 20일 23시,수요일,충청북도 보은군 탄부면,사망사고,1,0,1,0,차대차 - 추돌,안전운전불이행,건조,맑음,단일로 - 기타,화물,남,44세,상해없음,화물,남,37세,경상
2017092100100029,2017년 9월 21일 00시,목요일,충청북도 진천군 진천읍,중상사고,0,1,1,0,차대차 - 측면충돌,과속,건조,기타,교차로 - 교차로안,화물,남,21세,상해없음,승용,남,61세,중상
2017092100100030,2017년 9월 21일 00시,목요일,충청북도 청주시 서원구 장성동,경상사고,0,0,2,0,차대차 - 기타,안전운전불이행,건조,맑음,단일로 - 기타,승용,남,68세,상해없음,승용,남,21세,경상
2017092100100071,2017년 9월 21일 05시,목요일,충청북도 청주시 청원구 오창읍,경상사고,0,0,1,0,차대차 - 측면충돌,신호위반,건조,맑음,교차로 - 교차로안,화물,남,45세,상해없음,승용,남,31세,경상
2017092100100087,2017년 9월 21일 06시,목요일,충청북도 청주시 흥덕구 외북동,경상사고,0,0,1,0,차대차 - 기타,안전운전불이행,건조,맑음,교차로 - 교차로부근,승합,남,34세,상해없음,승용,남,55세,경상
2017092100100104,2017년 9월 21일 07시,목요일,충청북도 진천군 광혜원면,경상사고,0,0,1,0,차대차 - 기타,안전운전불이행,건조,맑음,단일로 - 기타,이륜,남,70세,경상,승용,남,55세,상해없음
2017092100100135,2017년 9월 21일 08시,목요일,충청북도 청주시 청원구 오창읍,경상사고,0,0,1,0,차대차 - 기타,교차로운행방법위반,건조,맑음,교차로 - 교차로안,승합,남,69세,상해없음,승용,남,26세,경상
2017092100100136,2017년 9월 21일 08시,목요일,충청북도 청주시 흥덕구 복대동,경상사고,0,0,1,0,차대차 - 기타,안전운전불이행,건조,맑음,교차로 - 교차로안,승용,여,60세,상해없음,자전거,남,16세,경상
2017092100100137,2017년 9월 21일 08시,목요일,충청북도 청주시 서원구 남이면,경상사고,0,0,1,0,차대사람 - 기타,안전운전불이행,건조,맑음,단일로 - 기타,승합,남,48세,상해없음,보행자,남,75세,경상
2017092100100225,2017년 9월 21일 10시,목요일,충청북도 제천시 서부동,경상사고,0,0,1,0,차대차 - 측면충돌,교차로운행방법위반,건조,맑음,교차로 - 교차로안,이륜,남,82세,경상,승용,남,56세,상해없음
2017092100100226,2017년 9월 21일 10시,목요일,충청북도 음성군 감곡면,중상사고,0,1,0,0,차대사람 - 기타,안전운전불이행,건조,맑음,주차장 - 주차장,승용,남,44세,상해없음,보행자,여,74세,중상
2017092100100227,2017년 9월 21일 10시,목요일,충청북도 청주시 상당구 용암동,경상사고,0,0,1,0,차대차 - 정면충돌,중앙선침범,건조,맑음,교차로 - 교차로부근,기타불명,여,58세,상해없음,이륜,남,54세,경상
2017092100100263,2017년 9월 21일 11시,목요일,충청북도 음성군 대소면,경상사고,0,0,1,0,차대차 - 추돌,안전거리미확보,건조,맑음,단일로 - 기타,건설기계,남,51세,상해없음,승용,남,65세,경상
2017092100100264,2017년 9월 21일 11시,목요일,충청북도 청주시 흥덕구 송절동,경상사고,0,0,1,0,차대차 - 정면충돌,교차로운행방법위반,건조,맑음,교차로 - 교차로안,승용,여,52세,상해없음,이륜,남,50세,경상
2017092100100290,2017년 9월 21일 12시,목요일,충청북도 영동군 양강면,중상사고,0,1,0,0,차대차 - 추돌,안전운전불이행,건조,맑음,단일로 - 기타,승용,남,45세,상해없음,사륜오토바이(ATV),남,79세,중상
2017092100100291,2017년 9월 21일 12시,목요일,충청북도 음성군 금왕읍,경상사고,0,0,1,0,차대차 - 측면충돌,교차로운행방법위반,건조,맑음,교차로 - 교차로안,이륜,남,16세,경상,승용,남,48세,상해없음
2017092100100292,2017년 9월 21일 12시,목요일,충청북도 청주시 상당구 미원면,경상사고,0,0,2,0,차대차 - 기타,안전운전불이행,건조,맑음,교차로 - 교차로부근,화물,남,58세,상해없음,승용,여,62세,경상
2017092100100321,2017년 9월 21일 13시,목요일,충청북도 옥천군 옥천읍,중상사고,0,1,0,0,차대차 - 측면충돌,교차로운행방법위반,건조,맑음,교차로 - 교차로안,승용,여,43세,상해없음,자전거,여,64세,중상
2017092100100322,2017년 9월 21일 13시,목요일,충청북도 청주시 상당구 용담동,경상사고,0,0,1,0,차대차 - 기타,신호위반,건조,맑음,단일로 - 기타,승용,여,64세,상해없음,승용,남,30세,경상
2017092100100366,2017년 9월 21일 14시,목요일,충청북도 청주시 서원구 죽림동,경상사고,0,0,1,0,차대차 - 추돌,안전운전불이행,건조,맑음,단일로 - 기타,화물,남,58세,상해없음,승용,남,28세,경상
2017092100100367,2017년 9월 21일 14시,목요일,충청북도 청주시 흥덕구 복대동,중상사고,0,1,0,0,차대차 - 측면충돌,신호위반,건조,맑음,교차로 - 교차로부근,승용,여,35세,상해없음,승용,여,44세,중상
2017092100100368,2017년 9월 21일 14시,목요일,충청북도 청주시 서원구 산남동,경상사고,0,0,2,0,차대차 - 추돌,안전운전불이행,건조,맑음,교차로 - 교차로부근,승용,여,42세,상해없음,승용,남,41세,경상
2017092100100413,2017년 9월 21일 15시,목요일,충청북도 음성군 대소면,경상사고,0,0,3,0,차대차 - 측면충돌,차로위반,건조,맑음,단일로 - 기타,승용,여,61세,경상,승용,남,52세,경상
2017092100100414,2017년 9월 21일 15시,목요일,충청북도 청주시 상당구 남일면,경상사고,0,0,1,0,차대차 - 측면충돌,안전운전불이행,건조,맑음,교차로 - 교차로부근,승용,남,70세,상해없음,승용,남,32세,경상
2017092100100461,2017년 9월 21일 16시,목요일,충청북도 제천시 서부동,중상사고,0,1,1,0,차대차 - 기타,직진우회전진행방해,건조,맑음,교차로 - 교차로안,승용,여,53세,경상,이륜,남,16세,중상
2017092100100462,2017년 9월 21일 16시,목요일,충청북도 진천군 진천읍,경상사고,0,0,1,0,차대차 - 기타,안전운전불이행,건조,맑음,단일로 - 터널,화물,남,48세,상해없음,화물,남,34세,경상
2017092100100489,2017년 9월 21일 17시,목요일,충청북도 청주시 청원구 내덕동,경상사고,0,0,1,0,차대차 - 측면충돌,안전운전불이행,건조,맑음,교차로 - 교차로횡단보도내,승용,여,66세,상해없음,자전거,남,16세,경상
2017092100100490,2017년 9월 21일 17시,목요일,충청북도 충주시 지현동,중상사고,0,1,0,0,차대사람 - 횡단중,신호위반,건조,맑음,교차로 - 교차로안,승용,남,25세,상해없음,보행자,남,57세,중상
2017092100100491,2017년 9월 21일 17시,목요일,충청북도 단양군 매포읍,부상신고사고,0,0,0,1,차대차 - 추돌,안전운전불이행,건조,맑음,단일로 - 기타,승용,여,62세,상해없음,승용,남,50세,부상신고
2017092100100547,2017년 9월 21일 18시,목요일,충청북도 영동군 영동읍,중상사고,0,1,1,0,차대차 - 추돌,교차로운행방법위반,건조,맑음,교차로 - 교차로안,화물,남,27세,경상,화물,남,64세,상해없음
2017092100100548,2017년 9월 21일 18시,목요일,충청북도 청주시 흥덕구 복대동,중상사고,0,1,0,0,차대차 - 기타,안전운전불이행,건조,맑음,교차로 - 교차로안,이륜,남,39세,중상,승용,여,39세,상해없음
2017092100100549,2017년 9월 21일 18시,목요일,충청북도 청주시 흥덕구 송절동,경상사고,0,0,1,0,차대차 - 추돌,안전운전불이행,건조,맑음,단일로 - 기타,승용,남,25세,상해없음,화물,남,38세,경상
2017092100100595,2017년 9월 21일 19시,목요일,충청북도 청주시 흥덕구 복대동,중상사고,0,1,0,0,차대차 - 기타,안전운전불이행,건조,맑음,단일로 - 기타,승용,남,57세,상해없음,승용,여,51세,상해없음
2017092100100658,2017년 9월 21일 21시,목요일,충청북도 충주시 교현동,중상사고,0,2,1,2,차대차 - 추돌,안전운전불이행,건조,맑음,교차로 - 교차로부근,승용,남,66세,부상신고,승용,여,64세,중상
2017092100100659,2017년 9월 21일 21시,목요일,충청북도 제천시 의림동,경상사고,0,0,1,0,차대차 - 측면충돌,중앙선침범,건조,맑음,교차로 - 교차로부근,승용,남,67세,상해없음,승용,남,27세,경상
2017092100100660,2017년 9월 21일 21시,목요일,충청북도 청주시 상당구 남일면,중상사고,0,1,4,0,차대차 - 기타,신호위반,건조,맑음,교차로 - 교차로안,화물,남,59세,상해없음,승합,남,55세,경상
2017092100100685,2017년 9월 21일 22시,목요일,충청북도 청주시 상당구 영동,중상사고,0,1,1,0,차대차 - 측면충돌,안전운전불이행,건조,맑음,교차로 - 교차로부근,승용,여,41세,상해없음,승용,여,28세,중상
2017092100100686,2017년 9월 21일 22시,목요일,충청북도 청주시 상당구 용담동,경상사고,0,0,2,0,차대차 - 측면충돌,신호위반,건조,맑음,교차로 - 교차로안,승용,남,55세,상해없음,승용,남,56세,경상
2017092200100037,2017년 9월 22일 00시,금요일,충청북도 청주시 서원구 사창동,경상사고,0,0,1,0,차대사람 - 기타,안전운전불이행,건조,맑음,교차로 - 교차로부근,승용,남,65세,상해없음,보행자,남,17세,경상
2017092200100055,2017년 9월 22일 01시,금요일,충청북도 청주시 흥덕구 복대동,중상사고,0,1,1,0,차대차 - 측면충돌,교차로운행방법위반,건조,맑음,교차로 - 교차로안,승용,남,33세,중상,승용,남,58세,경상
2017092200100071,2017년 9월 22일 02시,금요일,충청북도 음성군 원남면,중상사고,0,1,1,0,차대차 - 측면충돌,중앙선침범,건조,맑음,단일로 - 기타,승용,남,44세,중상,화물,남,36세,경상
2017092200100114,2017년 9월 22일 06시,금요일,충청북도 증평군 증평읍,경상사고,0,0,1,0,차량단독 - 공작물충돌,안전운전불이행,건조,맑음,교차로 - 교차로안,승용,남,42세,경상,,,,
2017092200100115,2017년 9월 22일 06시,금요일,충청북도 청주시 흥덕구 오송읍,중상사고,0,1,0,0,차대차 - 측면충돌,신호위반,건조,맑음,교차로 - 교차로안,승용,남,52세,상해없음,승용,여,39세,중상
2017092200100117,2017년 9월 22일 06시,금요일,충청북도 청주시 서원구 남이면,경상사고,0,0,1,0,차대차 - 추돌,안전운전불이행,건조,맑음,단일로 - 기타,승용,남,29세,상해없음,승합,남,49세,경상
2017092200100173,2017년 9월 22일 08시,금요일,충청북도 충주시 연수동,중상사고,0,1,0,0,차대차 - 기타,안전운전불이행,건조,맑음,교차로 - 교차로부근,승용,남,58세,상해없음,이륜,여,54세,중상
2017092200100174,2017년 9월 22일 08시,금요일,충청북도 충주시 중앙탑면,경상사고,0,0,1,0,차대차 - 기타,기타,건조,맑음,단일로 - 기타,화물,남,41세,상해없음,자전거,남,37세,경상
2017092200100175,2017년 9월 22일 08시,금요일,충청북도 청주시 서원구 수곡동,중상사고,0,1,1,0,차대차 - 측면충돌,교차로운행방법위반,건조,맑음,교차로 - 교차로안,승용,남,35세,경상,이륜,남,63세,중상
2017092200100251,2017년 9월 22일 10시,금요일,충청북도 충주시 달천동,경상사고,0,0,1,0,차대차 - 기타,안전운전불이행,건조,맑음,교차로 - 교차로안,화물,남,76세,상해없음,승용,남,33세,경상
2017092200100252,2017년 9월 22일 10시,금요일,충청북도 청주시 서원구 모충동,경상사고,0,0,1,0,차대차 - 추돌,안전운전불이행,건조,맑음,교차로 - 교차로안,승용,남,67세,상해없음,승용,남,40세,경상
2017092200100272,2017년 9월 22일 11시,금요일,충청북도 진천군 진천읍,중상사고,0,1,1,0,차대차 - 기타,교차로운행방법위반,건조,맑음,교차로 - 교차로안,승용,남,39세,상해없음,승용,남,56세,경상
2017092200100303,2017년 9월 22일 12시,금요일,충청북도 음성군 금왕읍,경상사고,0,0,1,0,차대사람 - 기타,교차로운행방법위반,건조,맑음,교차로 - 교차로부근,승합,여,47세,상해없음,보행자,남,25세,경상
2017092200100333,2017년 9월 22일 13시,금요일,충청북도 영동군 황간면,경상사고,0,0,1,0,차대차 - 기타,안전운전불이행,건조,맑음,단일로 - 기타,특수,남,59세,상해없음,특수,남,37세,경상
2017092200100362,2017년 9월 22일 14시,금요일,충청북도 음성군 생극면,경상사고,0,0,2,0,차대차 - 측면충돌,교차로운행방법위반,건조,맑음,교차로 - 교차로안,승용,여,52세,경상,이륜,남,49세,경상
2017092200100394,2017년 9월 22일 15시,금요일,충청북도 보은군 보은읍,경상사고,0,0,2,0,차대차 - 측면충돌,신호위반,건조,맑음,교차로 - 교차로안,농기계,남,71세,경상,화물,남,45세,경상
2017092200100498,2017년 9월 22일 17시,금요일,충청북도 충주시 교현동,경상사고,0,0,1,0,차대차 - 기타,중앙선침범,건조,맑음,단일로 - 기타,승용,남,58세,상해없음,승용,여,54세,경상
2017092200100499,2017년 9월 22일 17시,금요일,충청북도 제천시 화산동,경상사고,0,0,1,0,차대사람 - 기타,안전운전불이행,건조,맑음,교차로 - 교차로안,승용,여,52세,상해없음,보행자,여,7세,경상
2017092200100500,2017년 9월 22일 17시,금요일,충청북도 청주시 상당구 석교동,경상사고,0,0,2,0,차대차 - 측면충돌,안전운전불이행,건조,맑음,교차로 - 교차로부근,이륜,남,58세,경상,이륜,남,63세,경상
2017092200100556,2017년 9월 22일 18시,금요일,충청북도 청주시 흥덕구 신봉동,중상사고,0,1,0,0,차대차 - 측면충돌,중앙선침범,건조,맑음,단일로 - 기타,자전거,남,56세,중상,승용,남,37세,상해없음
2017092200100607,2017년 9월 22일 19시,금요일,충청북도 청주시 청원구 율량동,경상사고,0,0,1,0,차대차 - 추돌,안전운전불이행,건조,맑음,교차로 - 교차로부근,이륜,남,19세,상해없음,승용,여,52세,경상
2017092200100608,2017년 9월 22일 19시,금요일,충청북도 음성군 생극면,중상사고,0,1,0,0,차대차 - 측면충돌,중앙선침범,건조,맑음,단일로 - 기타,화물,여,62세,상해없음,이륜,남,17세,중상
2017092200100656,2017년 9월 22일 20시,금요일,충청북도 보은군 보은읍,경상사고,0,0,1,0,차대차 - 기타,안전운전불이행,건조,맑음,단일로 - 기타,승용,남,36세,상해없음,자전거,여,58세,경상
2017092200100657,2017년 9월 22일 20시,금요일,충청북도 진천군 광혜원면,경상사고,0,0,5,0,차대차 - 기타,직진우회전진행방해,건조,기타,교차로 - 교차로안,승용,남,66세,상해없음,화물,남,42세,경상
2017092200100658,2017년 9월 22일 20시,금요일,충청북도 청주시 흥덕구 복대동,중상사고,0,1,2,1,차대차 - 측면충돌,신호위반,건조,맑음,교차로 - 교차로안,승용,남,18세,부상신고,승용,여,55세,경상
2017092200100692,2017년 9월 22일 21시,금요일,충청북도 청주시 청원구 우암동,경상사고,0,0,2,0,차대차 - 측면충돌,안전운전불이행,건조,맑음,교차로 - 교차로안,승용,남,48세,상해없음,승용,남,25세,경상
2017092200100693,2017년 9월 22일 21시,금요일,충청북도 청주시 상당구 북문로2가동,경상사고,0,0,1,0,차대차 - 기타,안전운전불이행,건조,맑음,교차로 - 교차로부근,승용,남,61세,상해없음,승용,여,58세,상해없음
2017092200100733,2017년 9월 22일 22시,금요일,충청북도 청주시 청원구 내덕동,경상사고,0,0,1,0,차대차 - 측면충돌,안전운전불이행,건조,맑음,단일로 - 기타,승용,여,39세,상해없음,승용,남,43세,경상
2017092200100734,2017년 9월 22일 22시,금요일,충청북도 충주시 용산동,경상사고,0,0,3,0,차대차 - 측면충돌,직진우회전진행방해,건조,맑음,교차로 - 교차로안,승용,여,41세,경상,이륜,남,26세,상해없음
2017092200100735,2017년 9월 22일 22시,금요일,충청북도 음성군 감곡면,경상사고,0,0,1,0,차대차 - 기타,안전운전불이행,건조,맑음,단일로 - 기타,승용,남,24세,상해없음,승용,남,29세,상해없음
2017092300100037,2017년 9월 23일 00시,토요일,충청북도 옥천군 옥천읍,경상사고,0,0,1,0,차대차 - 추돌,안전운전불이행,건조,맑음,단일로 - 기타,승용,남,53세,경상,화물,남,43세,상해없음
2017092300100178,2017년 9월 23일 09시,토요일,충청북도 청주시 청원구 오창읍,중상사고,0,1,0,0,차대사람 - 기타,안전운전불이행,건조,맑음,단일로 - 기타,화물,남,50세,상해없음,보행자,여,85세,중상
2017092300100207,2017년 9월 23일 10시,토요일,충청북도 제천시 영천동,경상사고,0,0,1,0,차대차 - 추돌,안전운전불이행,건조,맑음,기타 - 기타,화물,남,68세,상해없음,승용,남,52세,기타불명
2017092300100240,2017년 9월 23일 11시,토요일,충청북도 음성군 생극면,경상사고,0,0,2,0,차대차 - 측면충돌,교차로운행방법위반,건조,맑음,교차로 - 교차로안,화물,여,49세,경상,승용,남,35세,경상
2017092300100286,2017년 9월 23일 12시,토요일,충청북도 제천시 봉양읍,경상사고,0,0,1,0,차대차 - 기타,신호위반,건조,맑음,교차로 - 교차로부근,승합,남,72세,상해없음,화물,남,33세,경상
2017092300100287,2017년 9월 23일 12시,토요일,충청북도 제천시 봉양읍,경상사고,0,0,4,0,차대차 - 측면충돌,직진우회전진행방해,건조,맑음,교차로 - 교차로안,건설기계,남,52세,상해없음,승용,남,32세,경상