사고번호,사고일시,요일,시군구,사고내용,사망자수,중상자수,경상자수,부상신고자수,사고유형,법규위반,노면상태,기상상태,도로형태,가해운전자 차종,가해운전자 성별,가해운전자 연령,가해운전자 상해정도,피해운전자 차종,피해운전자 성별,피해운전자 연령,피해운전자 상해정도
2017092300100339,2017년 9월 23일 13시,토요일,충청북도 충주시 금가면,경상사고,0,0,1,0,차대차 - 기타,안전운전불이행,건조,맑음,단일로 - 기타,승용,남,26세,상해없음,자전거,남,57세,경상
2017092300100340,2017년 9월 23일 13시,토요일,충청북도 청주시 흥덕구 옥산면,중상사고,0,1,0,0,차대차 - 기타,안전운전불이행,건조,맑음,교차로 - 교차로안,승용,남,47세,상해없음,승용,여,28세,중상
2017092300100341,2017년 9월 23일 13시,토요일,충청북도 청주시 흥덕구 봉명동,경상사고,0,0,1,0,차대사람 - 차도통행중,기타,건조,맑음,단일로 - 기타,원동기,남,61세,상해없음,보행자,여,63세,경상
2017092300100386,2017년 9월 23일 14시,토요일,충청북도 보은군 보은읍,경상사고,0,0,1,0,차대차 - 측면충돌,안전운전불이행,건조,맑음,교차로 - 교차로안,이륜,남,65세,경상,화물,남,28세,상해없음
2017092300100387,2017년 9월 23일 14시,토요일,충청북도 옥천군 옥천읍,중상사고,0,1,1,0,차대차 - 추돌,안전운전불이행,건조,맑음,교차로 - 교차로부근,승용,남,55세,상해없음,승용,남,67세,중상
2017092300100433,2017년 9월 23일 15시,토요일,충청북도 청주시 서원구 사직동,중상사고,0,1,3,2,차대차 - 기타,안전운전불이행,건조,맑음,교차로 - 교차로부근,승용,남,29세,상해없음,승용,남,36세,중상
2017092300100434,2017년 9월 23일 15시,토요일,충청북도 청주시 상당구 남일면,경상사고,0,0,2,0,차대차 - 기타,안전운전불이행,건조,맑음,단일로 - 기타,승용,여,55세,상해없음,승용,여,33세,경상
2017092300100467,2017년 9월 23일 16시,토요일,충청북도 진천군 덕산면,중상사고,0,1,0,0,차대차 - 기타,교차로운행방법위반,건조,맑음,교차로 - 교차로안,승용,남,40세,상해없음,자전거,남,8세,중상
2017092300100468,2017년 9월 23일 16시,토요일,충청북도 청주시 흥덕구 복대동,경상사고,0,0,1,0,차대차 - 측면충돌,안전운전불이행,건조,맑음,교차로 - 교차로안,승용,남,64세,상해없음,화물,남,35세,경상
2017092300100501,2017년 9월 23일 17시,토요일,충청북도 증평군 도안면,경상사고,0,0,2,0,차대차 - 측면충돌,교차로운행방법위반,건조,맑음,교차로 - 교차로안,화물,남,74세,상해없음,승용,여,39세,경상
2017092300100502,2017년 9월 23일 17시,토요일,충청북도 음성군 음성읍,중상사고,0,2,2,0,차대차 - 측면충돌,교차로운행방법위반,건조,맑음,교차로 - 교차로안,이륜,여,61세,경상,승용,남,27세,경상
2017092300100503,2017년 9월 23일 17시,토요일,충청북도 청주시 상당구 용암동,중상사고,0,1,0,0,차량단독 - 기타,안전운전불이행,건조,맑음,단일로 - 기타,승용,여,60세,중상,,,,
2017092300100547,2017년 9월 23일 18시,토요일,충청북도 청주시 청원구 오창읍,경상사고,0,0,1,0,차대차 - 측면충돌,안전운전불이행,건조,맑음,교차로 - 교차로부근,승용,여,47세,상해없음,화물,남,68세,경상
2017092300100548,2017년 9월 23일 18시,토요일,충청북도 충주시 동량면,중상사고,0,1,0,0,차대사람 - 기타,안전운전불이행,건조,맑음,단일로 - 기타,승용,여,35세,상해없음,보행자,여,78세,중상
2017092300100601,2017년 9월 23일 19시,토요일,충청북도 충주시 안림동,중상사고,0,2,4,0,차대차 - 추돌,안전운전불이행,건조,맑음,단일로 - 기타,승용,남,38세,상해없음,승용,여,35세,경상
2017092300100602,2017년 9월 23일 19시,토요일,충청북도 청주시 흥덕구 복대동,경상사고,0,0,1,0,차대차 - 기타,안전운전불이행,건조,맑음,교차로 - 교차로안,이륜,남,17세,기타불명,이륜,남,25세,경상
2017092300100649,2017년 9월 23일 20시,토요일,충청북도 제천시 청전동,경상사고,0,0,2,0,차대차 - 추돌,안전운전불이행,건조,맑음,교차로 - 교차로안,승용,여,58세,상해없음,승용,남,27세,경상
2017092300100650,2017년 9월 23일 20시,토요일,충청북도 진천군 진천읍,중상사고,0,2,1,0,차대차 - 기타,안전운전불이행,건조,기타,교차로 - 교차로부근,승용,남,50세,상해없음,승용,여,38세,중상
2017092300100692,2017년 9월 23일 21시,토요일,충청북도 진천군 덕산면,중상사고,0,1,0,0,차량단독 - 기타,안전운전불이행,건조,맑음,교차로 - 교차로안,승용,남,44세,중상,,,,
2017092300100693,2017년 9월 23일 21시,토요일,충청북도 청주시 흥덕구 가경동,경상사고,0,0,1,0,차대차 - 기타,신호위반,건조,맑음,교차로 - 교차로안,이륜,여,17세,상해없음,승용,남,43세,상해없음
2017092300100740,2017년 9월 23일 23시,토요일,충청북도 보은군 속리산면,중상사고,0,1,1,0,차대차 - 측면충돌,신호위반,건조,맑음,교차로 - 교차로안,승용,남,23세,중상,승용,남,50세,경상
2017092300100741,2017년 9월 23일 23시,토요일,충청북도 청주시 서원구 남이면,경상사고,0,0,2,0,차량단독 - 기타,안전운전불이행,건조,맑음,단일로 - 기타,승용,남,50세,상해없음,,,,
2017092400100027,2017년 9월 24일 00시,일요일,충청북도 청주시 서원구 산남동,중상사고,0,1,0,0,차대차 - 측면충돌,신호위반,건조,맑음,교차로 - 교차로안,승용,여,45세,상해없음,화물,남,41세,중상
2017092400100097,2017년 9월 24일 05시,일요일,충청북도 청주시 흥덕구 복대동,경상사고,0,0,1,0,차대차 - 기타,안전운전불이행,건조,맑음,단일로 - 기타,승용,남,37세,상해없음,승용,남,47세,상해없음
2017092400100098,2017년 9월 24일 05시,일요일,충청북도 청주시 상당구 용정동,경상사고,0,0,2,0,차대차 - 추돌,안전운전불이행,건조,맑음,단일로 - 지하차도(도로)내,승용,남,51세,상해없음,화물,남,34세,경상
2017092400100111,2017년 9월 24일 06시,일요일,충청북도 청주시 청원구 오창읍,중상사고,0,1,1,0,차대차 - 측면충돌,신호위반,건조,맑음,교차로 - 교차로안,승용,남,67세,상해없음,승용,여,40세,중상
2017092400100124,2017년 9월 24일 07시,일요일,충청북도 충주시 신니면,중상사고,0,1,1,0,차대차 - 추돌,과속,건조,맑음,기타 - 기타,승용,남,22세,경상,승용,남,63세,중상
2017092400100133,2017년 9월 24일 08시,일요일,충청북도 음성군 금왕읍,경상사고,0,0,1,0,차대차 - 기타,신호위반,건조,맑음,교차로 - 교차로안,승용,여,65세,상해없음,승용,남,58세,상해없음
2017092400100134,2017년 9월 24일 08시,일요일,충청북도 청주시 흥덕구 복대동,경상사고,0,0,1,0,차대차 - 기타,차로위반,건조,맑음,교차로 - 교차로부근,화물,남,62세,상해없음,승용,남,32세,경상
2017092400100135,2017년 9월 24일 08시,일요일,충청북도 청주시 흥덕구 가경동,경상사고,0,0,1,0,차대사람 - 기타,안전운전불이행,건조,맑음,교차로 - 교차로안,승합,남,28세,상해없음,보행자,남,54세,경상
2017092400100208,2017년 9월 24일 11시,일요일,충청북도 청주시 흥덕구 가경동,경상사고,0,0,1,0,차대차 - 측면충돌,교차로운행방법위반,건조,맑음,교차로 - 교차로안,승용,여,47세,상해없음,승용,여,30세,경상
2017092400100233,2017년 9월 24일 12시,일요일,충청북도 음성군 맹동면,경상사고,0,0,5,0,차대차 - 측면충돌,교차로운행방법위반,건조,맑음,교차로 - 교차로안,승용,여,37세,경상,승용,남,59세,경상
2017092400100256,2017년 9월 24일 13시,일요일,충청북도 청주시 흥덕구 남촌동,사망사고,1,0,0,0,차대사람 - 기타,안전운전불이행,건조,맑음,단일로 - 기타,화물,남,53세,상해없음,보행자,여,72세,사망
2017092400100293,2017년 9월 24일 14시,일요일,충청북도 충주시 교현동,경상사고,0,0,1,0,차대차 - 기타,직진우회전진행방해,건조,맑음,교차로 - 교차로안,승용,여,52세,상해없음,이륜,남,17세,경상
2017092400100294,2017년 9월 24일 14시,일요일,충청북도 괴산군 칠성면,경상사고,0,0,3,0,차대차 - 정면충돌,중앙선침범,건조,맑음,단일로 - 기타,화물,남,38세,상해없음,승용,여,60세,경상
2017092400100336,2017년 9월 24일 15시,일요일,충청북도 보은군 보은읍,중상사고,0,2,0,1,차량단독 - 기타,안전운전불이행,건조,맑음,단일로 - 기타,승용,남,59세,부상신고,,,,
2017092400100425,2017년 9월 24일 18시,일요일,충청북도 청주시 청원구 율량동,경상사고,0,0,1,0,차대차 - 측면충돌,차로위반,건조,맑음,단일로 - 기타,특수,남,25세,상해없음,승용,여,42세,경상
2017092400100455,2017년 9월 24일 19시,일요일,충청북도 청주시 청원구 율량동,경상사고,0,0,3,0,차대차 - 측면충돌,안전운전불이행,건조,맑음,단일로 - 기타,승용,남,38세,경상,승용,여,24세,경상
2017092400100491,2017년 9월 24일 20시,일요일,충청북도 청주시 흥덕구 오송읍,경상사고,0,0,1,0,차대차 - 측면충돌,교차로운행방법위반,건조,맑음,교차로 - 교차로안,승용,여,45세,상해없음,승용,남,55세,경상
2017092400100517,2017년 9월 24일 21시,일요일,충청북도 음성군 금왕읍,경상사고,0,0,1,0,차대사람 - 기타,안전운전불이행,건조,맑음,교차로 - 교차로부근,승용,남,47세,상해없음,보행자,남,12세,경상
2017092400100518,2017년 9월 24일 21시,일요일,충청북도 청주시 흥덕구 비하동,경상사고,0,0,2,0,차대차 - 기타,안전운전불이행,건조,맑음,단일로 - 기타,승용,남,69세,경상,승용,남,29세,경상
2017092400100519,2017년 9월 24일 21시,일요일,충청북도 청주시 상당구 영동,경상사고,0,0,2,0,차대차 - 측면충돌,안전운전불이행,건조,맑음,단일로 - 기타,승용,남,53세,상해없음,승용,남,31세,경상
2017092400100520,2017년 9월 24일 21시,일요일,충청북도 청주시 서원구 수곡동,경상사고,0,0,1,0,차대사람 - 보도통행중,보행자보호의무위반,건조,맑음,교차로 - 교차로횡단보도내,승합,남,63세,상해없음,보행자,여,17세,경상
2017092500100030,2017년 9월 25일 00시,월요일,충청북도 청주시 서원구 사창동,경상사고,0,0,1,0,차대차 - 후진중충돌,안전운전불이행,건조,맑음,교차로 - 교차로부근,승용,남,26세,기타불명,승용,남,21세,경상
2017092500100045,2017년 9월 25일 02시,월요일,충청북도 제천시 봉양읍,중상사고,0,1,1,0,차대차 - 추돌,안전거리미확보,건조,맑음,단일로 - 기타,승용,남,30세,상해없음,승용,남,43세,경상
2017092500100046,2017년 9월 25일 02시,월요일,충청북도 제천시 봉양읍,경상사고,0,0,1,0,차량단독 - 기타,안전운전불이행,건조,맑음,기타 - 기타,승용,남,56세,경상,,,,
2017092500100064,2017년 9월 25일 05시,월요일,충청북도 보은군 보은읍,경상사고,0,0,2,0,차대차 - 추돌,안전운전불이행,건조,맑음,단일로 - 기타,승용,남,25세,경상,특수,남,53세,경상
2017092500100078,2017년 9월 25일 06시,월요일,충청북도 청주시 청원구 율량동,경상사고,0,0,2,0,차대차 - 추돌,안전운전불이행,건조,맑음,단일로 - 기타,화물,남,40세,상해없음,승용,남,52세,경상
2017092500100131,2017년 9월 25일 08시,월요일,충청북도 충주시 교현동,중상사고,0,1,1,0,차대사람 - 횡단중,안전운전불이행,건조,맑음,교차로 - 교차로안,승용,여,47세,상해없음,보행자,여,8세,중상
2017092500100132,2017년 9월 25일 08시,월요일,충청북도 충주시 봉방동,경상사고,0,0,2,0,차대차 - 기타,안전운전불이행,건조,맑음,교차로 - 교차로안,승용,여,67세,상해없음,승용,남,58세,경상
2017092500100173,2017년 9월 25일 09시,월요일,충청북도 청주시 상당구 석교동,사망사고,1,0,0,0,차대사람 - 기타,안전운전불이행,건조,맑음,단일로 - 기타,승용,남,78세,상해없음,보행자,여,83세,사망
2017092500100174,2017년 9월 25일 09시,월요일,충청북도 청주시 서원구 산남동,경상사고,0,0,1,0,차대차 - 추돌,안전운전불이행,건조,맑음,교차로 - 교차로부근,승용,여,45세,상해없음,승용,남,45세,경상
2017092500100212,2017년 9월 25일 10시,월요일,충청북도 진천군 진천읍,경상사고,0,0,1,0,차대차 - 기타,안전운전불이행,건조,맑음,교차로 - 교차로횡단보도내,자전거,남,75세,경상,승용,여,22세,상해없음
2017092500100251,2017년 9월 25일 11시,월요일,충청북도 증평군 증평읍,중상사고,0,1,0,0,차대차 - 기타,안전운전불이행,건조,맑음,교차로 - 교차로안,화물,남,53세,상해없음,승용,남,68세,상해없음
2017092500100252,2017년 9월 25일 11시,월요일,충청북도 청주시 상당구 용암동,경상사고,0,0,1,0,차대차 - 기타,안전운전불이행,건조,맑음,교차로 - 교차로부근,승용,여,71세,상해없음,승용,남,47세,경상
2017092500100283,2017년 9월 25일 12시,월요일,충청북도 충주시 문화동,사망사고,1,0,0,0,차대차 - 기타,안전운전불이행,건조,맑음,교차로 - 교차로부근,화물,남,67세,상해없음,자전거,남,71세,사망
2017092500100284,2017년 9월 25일 12시,월요일,충청북도 청주시 상당구 금천동,경상사고,0,0,1,0,차대차 - 기타,교차로운행방법위반,건조,맑음,교차로 - 교차로안,승용,여,49세,상해없음,이륜,남,32세,경상
2017092500100285,2017년 9월 25일 12시,월요일,충청북도 보은군 회인면,중상사고,0,3,1,0,차대차 - 추돌,안전운전불이행,건조,맑음,단일로 - 기타,화물,남,58세,상해없음,화물,남,55세,중상
2017092500100336,2017년 9월 25일 14시,월요일,충청북도 제천시 고암동,경상사고,0,0,2,0,차대차 - 측면충돌,신호위반,건조,맑음,교차로 - 교차로안,승용,남,60세,상해없음,승용,여,64세,경상
2017092500100337,2017년 9월 25일 14시,월요일,충청북도 진천군 덕산면,경상사고,0,0,1,0,차대차 - 기타,신호위반,건조,맑음,교차로 - 교차로안,승용,남,60세,상해없음,승용,여,53세,경상
2017092500100338,2017년 9월 25일 14시,월요일,충청북도 청주시 흥덕구 가경동,경상사고,0,0,2,0,차대차 - 측면충돌,안전운전불이행,건조,맑음,교차로 - 교차로안,승용,남,65세,상해없음,승용,여,46세,상해없음
2017092500100378,2017년 9월 25일 15시,월요일,충청북도 청주시 청원구 북이면,경상사고,0,0,2,0,차대차 - 기타,신호위반,건조,맑음,교차로 - 교차로안,승용,여,51세,경상,승용,남,45세,경상
2017092500100379,2017년 9월 25일 15시,월요일,충청북도 청주시 흥덕구 복대동,경상사고,0,0,2,1,차대차 - 추돌,안전거리미확보,건조,맑음,교차로 - 교차로부근,승용,남,70세,부상신고,화물,남,26세,경상
2017092500100381,2017년 9월 25일 15시,월요일,충청북도 청주시 서원구 현도면,중상사고,0,1,0,1,차대차 - 기타,안전운전불이행,건조,맑음,단일로 - 기타,화물,남,43세,부상신고,건설기계,남,51세,중상
2017092500100424,2017년 9월 25일 16시,월요일,충청북도 충주시 연수동,경상사고,0,0,1,0,차대차 - 기타,안전거리미확보,건조,맑음,교차로 - 교차로부근,승용,남,70세,상해없음,승용,여,63세,경상
2017092500100425,2017년 9월 25일 16시,월요일,충청북도 진천군 진천읍,경상사고,0,0,1,0,차대차 - 기타,중앙선침범,건조,맑음,단일로 - 기타,화물,여,52세,상해없음,이륜,남,68세,경상
2017092500100519,2017년 9월 25일 18시,월요일,충청북도 청주시 흥덕구 신봉동,중상사고,0,1,3,0,차대차 - 기타,교차로운행방법위반,건조,맑음,교차로 - 교차로안,승합,남,26세,경상,승용,남,52세,경상
2017092500100520,2017년 9월 25일 18시,월요일,충청북도 청주시 흥덕구 복대동,경상사고,0,0,2,0,차대차 - 기타,안전운전불이행,건조,맑음,교차로 - 교차로부근,승합,여,58세,상해없음,승용,여,26세,경상
2017092500100570,2017년 9월 25일 19시,월요일,충청북도 청주시 청원구 우암동,경상사고,0,0,2,0,차대차 - 추돌,안전운전불이행,건조,맑음,교차로 - 교차로안,승용,여,52세,상해없음,승용,남,59세,경상
2017092500100571,2017년 9월 25일 19시,월요일,충청북도 괴산군 청천면,사망사고,1,0,0,0,차대사람 - 기타,안전운전불이행,건조,맑음,단일로 - 기타,승용,남,28세,상해없음,보행자,남,85세,사망
2017092500100572,2017년 9월 25일 19시,월요일,충청북도 괴산군 칠성면,경상사고,0,0,1,0,차량단독 - 공작물충돌,안전운전불이행,건조,맑음,교차로 - 교차로안,이륜,남,71세,경상,,,,
2017092500100573,2017년 9월 25일 19시,월요일,충청북도 음성군 대소면,경상사고,0,0,2,0,차대차 - 기타,안전운전불이행,건조,맑음,단일로 - 기타,기타불명,기타불명,미분류,기타불명,승용,여,40세,경상
2017092500100574,2017년 9월 25일 19시,월요일,충청북도 청주시 서원구 성화동,경상사고,0,0,1,0,차대차 - 기타,안전운전불이행,건조,맑음,교차로 - 교차로부근,승용,여,36세,상해없음,자전거,남,58세,경상
2017092500100606,2017년 9월 25일 20시,월요일,충청북도 충주시 연수동,중상사고,0,1,0,0,차대사람 - 기타,안전운전불이행,건조,맑음,단일로 - 기타,승용,남,64세,상해없음,보행자,여,54세,중상
2017092500100607,2017년 9월 25일 20시,월요일,충청북도 충주시 금릉동,경상사고,0,0,1,0,차대사람 - 기타,안전운전불이행,건조,맑음,단일로 - 기타,승용,여,53세,상해없음,보행자,남,18세,경상
2017092500100639,2017년 9월 25일 21시,월요일,충청북도 충주시 교현동,경상사고,0,0,1,0,차대차 - 기타,신호위반,건조,맑음,교차로 - 교차로안,승용,남,31세,상해없음,승용,남,64세,경상
2017092500100640,2017년 9월 25일 21시,월요일,충청북도 진천군 초평면,경상사고,0,0,2,0,차대차 - 추돌,안전운전불이행,건조,맑음,교차로 - 교차로부근,승용,남,36세,상해없음,승용,여,47세,경상
2017092500100641,2017년 9월 25일 21시,월요일,충청북도 청주시 흥덕구 가경동,경상사고,0,0,2,0,차대차 - 추돌,안전운전불이행,건조,맑음,교차로 - 교차로부근,승용,남,20세,상해없음,승용,남,56세,경상
2017092500100642,2017년 9월 25일 21시,월요일,충청북도 청주시 상당구 용암동,경상사고,0,0,1,0,차대차 - 기타,안전운전불이행,건조,맑음,단일로 - 기타,승합,여,59세,상해없음,승용,여,28세,경상
2017092500100668,2017년 9월 25일 22시,월요일,충청북도 청주시 상당구 용암동,경상사고,0,0,1,0,차대차 - 정면충돌,중앙선침범,건조,맑음,단일로 - 기타,승용,남,20세,상해없음,이륜,남,56세,경상
2017092500100689,2017년 9월 25일 23시,월요일,충청북도 청주시 청원구 사천동,경상사고,0,0,3,0,차대차 - 기타,차로위반,건조,맑음,교차로 - 교차로안,승용,남,39세,경상,승용,여,19세,경상
2017092600100036,2017년 9월 26일 00시,화요일,충청북도 청주시 청원구 율량동,중상사고,0,1,3,0,차대차 - 측면충돌,교차로운행방법위반,건조,기타,교차로 - 교차로안,승용,남,47세,경상,승용,남,47세,경상
2017092600100102,2017년 9월 26일 06시,화요일,충청북도 제천시 교동,경상사고,0,0,1,0,차대차 - 측면충돌,직진우회전진행방해,건조,맑음,교차로 - 교차로안,화물,남,49세,상해없음,이륜,남,61세,경상
2017092600100137,2017년 9월 26일 08시,화요일,충청북도 청주시 청원구 오창읍,경상사고,0,0,2,0,차대차 - 측면충돌,안전운전불이행,건조,맑음,단일로 - 기타,승용,남,30세,상해없음,승용,여,27세,경상
2017092600100138,2017년 9월 26일 08시,화요일,충청북도 청주시 서원구 산남동,중상사고,0,1,0,0,차대차 - 기타,신호위반,건조,맑음,교차로 - 교차로안,승용,남,28세,상해없음,승용,여,44세,중상
2017092600100139,2017년 9월 26일 08시,화요일,충청북도 청주시 상당구 문의면,중상사고,0,1,0,0,차량단독 - 기타,안전운전불이행,건조,맑음,단일로 - 기타,이륜,남,75세,중상,,,,
2017092600100216,2017년 9월 26일 10시,화요일,충청북도 청주시 상당구 용암동,경상사고,0,0,1,0,차대차 - 기타,신호위반,건조,맑음,교차로 - 교차로안,승용,여,47세,상해없음,승용,여,45세,경상
2017092600100246,2017년 9월 26일 11시,화요일,충청북도 청주시 청원구 북이면,경상사고,0,0,1,0,차대차 - 기타,안전운전불이행,건조,맑음,교차로 - 교차로부근,승용,여,59세,경상,건설기계,남,51세,기타불명
2017092600100247,2017년 9월 26일 11시,화요일,충청북도 청주시 흥덕구 송절동,중상사고,0,1,0,0,차대차 - 기타,교차로운행방법위반,건조,맑음,교차로 - 교차로안,이륜,남,78세,중상,화물,남,55세,상해없음
2017092600100248,2017년 9월 26일 11시,화요일,충청북도 청주시 상당구 금천동,경상사고,0,0,1,0,차대차 - 기타,안전운전불이행,건조,맑음,주차장 - 주차장,승용,남,70세,상해없음,승용,남,47세,경상
2017092600100275,2017년 9월 26일 12시,화요일,충청북도 청주시 상당구 석교동,경상사고,0,0,1,0,차대차 - 기타,안전운전불이행,건조,맑음,단일로 - 기타,승용,남,73세,상해없음,승용,남,66세,상해없음
2017092600100312,2017년 9월 26일 13시,화요일,충청북도 제천시 중앙로2가,부상신고사고,0,0,0,1,차대차 - 기타,안전운전불이행,건조,맑음,교차로 - 교차로부근,승용,여,64세,상해없음,승용,여,37세,부상신고
2017092600100313,2017년 9월 26일 13시,화요일,충청북도 옥천군 군북면,경상사고,0,0,1,0,차대차 - 기타,안전운전불이행,건조,맑음,단일로 - 기타,승용,남,37세,상해없음,승용,남,39세,상해없음
2017092600100349,2017년 9월 26일 14시,화요일,충청북도 충주시 교현동,경상사고,0,0,1,1,차대차 - 기타,안전운전불이행,건조,맑음,주차장 - 주차장,승용,여,43세,부상신고,승용,여,33세,경상
2017092600100350,2017년 9월 26일 14시,화요일,충청북도 충주시 안림동,경상사고,0,0,1,0,차대차 - 기타,안전운전불이행,건조,맑음,교차로 - 교차로부근,승용,남,60세,상해없음,승합,남,47세,상해없음
2017092600100351,2017년 9월 26일 14시,화요일,충청북도 옥천군 안내면,경상사고,0,0,1,0,차대차 - 측면충돌,신호위반,건조,맑음,교차로 - 교차로안,화물,남,55세,상해없음,화물,남,56세,상해없음
2017092600100388,2017년 9월 26일 15시,화요일,충청북도 보은군 탄부면,경상사고,0,0,1,0,차대차 - 기타,중앙선침범,건조,맑음,단일로 - 기타,승용,남,69세,상해없음,화물,여,66세,경상
2017092600100433,2017년 9월 26일 16시,화요일,충청북도 청주시 흥덕구 복대동,경상사고,0,0,1,0,차대차 - 측면충돌,안전운전불이행,건조,맑음,단일로 - 기타,승용,남,54세,상해없음,자전거,남,52세,경상
2017092600100470,2017년 9월 26일 17시,화요일,충청북도 제천시 서부동,중상사고,0,1,0,0,차대차 - 측면충돌,안전운전불이행,건조,흐림,교차로 - 교차로안,승용,여,39세,상해없음,자전거,남,15세,중상
2017092600100510,2017년 9월 26일 18시,화요일,충청북도 청주시 청원구 사천동,경상사고,0,0,1,0,차량단독 - 공작물충돌,안전운전불이행,건조,맑음,교차로 - 교차로안,승용,남,56세,상해없음,,,,
2017092600100511,2017년 9월 26일 18시,화요일,충청북도 청주시 청원구 오창읍,경상사고,0,0,1,0,차대차 - 기타,차로위반,건조,맑음,단일로 - 기타,승합,남,60세,상해없음,승용,여,26세,경상
2017092600100512,2017년 9월 26일 18시,화요일,충청북도 제천시 송학면,사망사고,1,0,0,0,차량단독 - 전도전복,안전운전불이행,건조,맑음,교차로 - 교차로안,건설기계,남,62세,사망,미분류,미분류,미분류,미분류
2017092600100513,2017년 9월 26일 18시,화요일,충청북도 영동군 영동읍,중상사고,0,1,0,0,차대사람 - 횡단중,안전운전불이행,건조,맑음,교차로 - 교차로안,승용,남,18세,상해없음,보행자,여,8세,중상
2017092600100514,2017년 9월 26일 18시,화요일,충청북도 청주시 서원구 산남동,경상사고,0,0,1,0,차대사람 - 횡단중,보행자보호의무위반,건조,맑음,교차로 - 교차로횡단보도내,기타불명,기타불명,미분류,기타불명,보행자,여,6세,경상
2017092600100561,2017년 9월 26일 19시,화요일,충청북도 충주시 봉방동,경상사고,0,0,1,0,차대차 - 측면충돌,교차로운행방법위반,건조,맑음,교차로 - 교차로안,승용,남,44세,상해없음,승용,여,57세,경상
2017092600100562,2017년 9월 26일 19시,화요일,충청북도 옥천군 옥천읍,중상사고,0,1,0,0,차대차 - 추돌,안전운전불이행,건조,맑음,단일로 - 기타,이륜,남,51세,중상,화물,남,65세,상해없음
2017092600100606,2017년 9월 26일 20시,화요일,충청북도 충주시 봉방동,경상사고,0,0,1,0,차대차 - 기타,안전운전불이행,건조,맑음,교차로 - 교차로안,승용,남,59세,상해없음,승용,남,60세,경상
2017092600100607,2017년 9월 26일 20시,화요일,충청북도 청주시 상당구 금천동,중상사고,0,1,0,0,차대차 - 측면충돌,직진우회전진행방해,건조,맑음,교차로 - 교차로안,승용,남,26세,상해없음,이륜,남,25세,중상
2017092600100642,2017년 9월 26일 21시,화요일,충청북도 괴산군 연풍면,중상사고,0,1,0,0,차량단독 - 도로외이탈 - 추락,안전운전불이행,건조,맑음,단일로 - 기타,승용,남,65세,중상,,,,
2017092600100643,2017년 9월 26일 21시,화요일,충청북도 청주시 상당구 금천동,경상사고,0,0,1,0,차대차 - 측면충돌,안전운전불이행,건조,맑음,교차로 - 교차로안,이륜,남,30세,상해없음,이륜,남,50세,경상
2017092600100673,2017년 9월 26일 22시,화요일,충청북도 충주시 대소원면,경상사고,0,0,1,0,차대사람 - 기타,안전운전불이행,건조,맑음,단일로 - 기타,화물,남,25세,상해없음,보행자,여,21세,경상
2017092600100674,2017년 9월 26일 22시,화요일,충청북도 청주시 흥덕구 가경동,부상신고사고,0,0,0,1,차대차 - 측면충돌,신호위반,건조,맑음,교차로 - 교차로안,승용,남,56세,상해없음,승용,남,57세,부상신고
2017092600100709,2017년 9월 26일 23시,화요일,충청북도 청주시 청원구 내덕동,경상사고,0,0,1,0,차대차 - 기타,안전운전불이행,건조,맑음,단일로 - 기타,이륜,남,19세,경상,승용,남,46세,상해없음
2017092600100710,2017년 9월 26일 23시,화요일,충청북도 청주시 청원구 율량동,중상사고,0,1,0,0,차대사람 - 기타,안전운전불이행,젖음/습기,비,교차로 - 교차로안,승용,남,58세,상해없음,보행자,남,44세,중상
2017092600100711,2017년 9월 26일 23시,화요일,충청북도 음성군 대소면,경상사고,0,0,1,0,차량단독 - 전도전복,안전운전불이행,건조,맑음,교차로 - 교차로안,화물,남,30세,상해없음,미분류,미분류,미분류,미분류
2017092700100041,2017년 9월 27일 01시,수요일,충청북도 청주시 흥덕구 복대동,중상사고,0,1,1,0,차대차 - 기타,신호위반,건조,맑음,교차로 - 교차로안,승용,여,46세,경상,승용,남,37세,중상
2017092700100087,2017년 9월 27일 05시,수요일,충청북도 청주시 상당구 문의면,중상사고,0,2,0,0,차량단독 - 공작물충돌,안전운전불이행,젖음/습기,비,교차로 - 교차로안,승용,남,48세,중상,,,,
2017092700100128,2017년 9월 27일 07시,수요일,충청북도 청주시 상당구 수동,경상사고,0,0,1,0,차대차 - 추돌,안전운전불이행,젖음/습기,비,단일로 - 기타,화물,남,53세,상해없음,승용,여,41세,경상
2017092700100129,2017년 9월 27일 07시,수요일,충청북도 제천시 봉양읍,중상사고,0,1,2,0,차대차 - 추돌,안전거리미확보,젖음/습기,비,교차로 - 교차로부근,화물,남,64세,중상,화물,남,49세,경상
2017092700100177,2017년 9월 27일 08시,수요일,충청북도 청주시 청원구 내수읍,경상사고,0,0,1,0,차대차 - 측면충돌,신호위반,건조,맑음,교차로 - 교차로안,화물,남,72세,상해없음,승용,남,48세,경상
2017092700100256,2017년 9월 27일 10시,수요일,충청북도 충주시 교현동,부상신고사고,0,0,0,1,차대차 - 기타,안전거리미확보,건조,맑음,단일로 - 기타,승용,여,41세,상해없음,승합,남,47세,상해없음