사고번호,사고일시,요일,시군구,사고내용,사망자수,중상자수,경상자수,부상신고자수,사고유형,법규위반,노면상태,기상상태,도로형태,가해운전자 차종,가해운전자 성별,가해운전자 연령,가해운전자 상해정도,피해운전자 차종,피해운전자 성별,피해운전자 연령,피해운전자 상해정도
2017092700100257,2017년 9월 27일 10시,수요일,충청북도 진천군 진천읍,중상사고,0,1,0,0,차대사람 - 횡단중,안전운전불이행,건조,맑음,교차로 - 교차로안,이륜,남,19세,상해없음,보행자,여,45세,중상
2017092700100290,2017년 9월 27일 11시,수요일,충청북도 청주시 상당구 북문로3가동,경상사고,0,0,1,0,차대차 - 측면충돌,교차로운행방법위반,건조,맑음,교차로 - 교차로안,승용,남,62세,상해없음,승용,여,62세,경상
2017092700100291,2017년 9월 27일 11시,수요일,충청북도 청주시 흥덕구 봉명동,중상사고,0,1,0,0,차대사람 - 기타,안전운전불이행,건조,맑음,단일로 - 기타,승합,남,50세,상해없음,보행자,남,28세,중상
2017092700100332,2017년 9월 27일 12시,수요일,충청북도 청주시 흥덕구 신봉동,중상사고,0,1,0,0,차대차 - 기타,신호위반,건조,맑음,교차로 - 교차로횡단보도내,승합,남,35세,상해없음,자전거,남,83세,중상
2017092700100333,2017년 9월 27일 12시,수요일,충청북도 청주시 서원구 분평동,경상사고,0,0,2,0,차대차 - 추돌,안전운전불이행,건조,맑음,단일로 - 기타,승용,여,58세,상해없음,승용,남,49세,경상
2017092700100400,2017년 9월 27일 14시,수요일,충청북도 충주시 호암동,중상사고,0,2,0,0,차대차 - 기타,안전운전불이행,건조,맑음,교차로 - 교차로안,승용,남,73세,중상,화물,남,37세,중상
2017092700100401,2017년 9월 27일 14시,수요일,충청북도 청주시 서원구 모충동,경상사고,0,0,1,0,차대차 - 기타,신호위반,건조,맑음,교차로 - 교차로횡단보도내,승용,남,59세,상해없음,자전거,남,80세,경상
2017092700100438,2017년 9월 27일 15시,수요일,충청북도 청주시 흥덕구 가경동,경상사고,0,0,2,0,차대차 - 측면충돌,안전운전불이행,건조,맑음,교차로 - 교차로안,승용,여,60세,경상,승용,여,65세,경상
2017092700100439,2017년 9월 27일 15시,수요일,충청북도 청주시 흥덕구 신봉동,경상사고,0,0,1,0,차대차 - 추돌,안전운전불이행,건조,맑음,단일로 - 기타,승용,남,56세,상해없음,승용,남,43세,경상
2017092700100480,2017년 9월 27일 16시,수요일,충청북도 청주시 흥덕구 봉명동,경상사고,0,0,1,0,차대사람 - 횡단중,신호위반,건조,맑음,교차로 - 교차로횡단보도내,화물,남,72세,상해없음,보행자,남,13세,경상
2017092700100507,2017년 9월 27일 17시,수요일,충청북도 충주시 주덕읍,부상신고사고,0,0,0,1,차량단독 - 전도전복,안전운전불이행,건조,맑음,단일로 - 기타,이륜,남,77세,부상신고,미분류,미분류,미분류,미분류
2017092700100508,2017년 9월 27일 17시,수요일,충청북도 음성군 감곡면,경상사고,0,0,1,0,차대차 - 측면충돌,신호위반,건조,맑음,교차로 - 교차로안,승용,남,74세,상해없음,승용,여,50세,경상
2017092700100509,2017년 9월 27일 17시,수요일,충청북도 청주시 상당구 문의면,경상사고,0,0,2,0,차대차 - 측면충돌,교차로운행방법위반,건조,맑음,교차로 - 교차로안,승합,남,55세,상해없음,화물,남,56세,경상
2017092700100549,2017년 9월 27일 18시,수요일,충청북도 청주시 서원구 사직동,경상사고,0,0,1,0,차대차 - 측면충돌,교차로운행방법위반,건조,맑음,교차로 - 교차로안,승용,남,56세,상해없음,이륜,남,34세,경상
2017092700100550,2017년 9월 27일 18시,수요일,충청북도 제천시 고명동,중상사고,0,1,1,1,차대차 - 측면충돌,신호위반,건조,흐림,교차로 - 교차로안,승용,남,65세,부상신고,승용,남,52세,경상
2017092700100551,2017년 9월 27일 18시,수요일,충청북도 제천시 하소동,중상사고,0,1,1,0,차대차 - 측면충돌,신호위반,건조,흐림,교차로 - 교차로안,승용,여,45세,중상,승합,남,65세,경상
2017092700100552,2017년 9월 27일 18시,수요일,충청북도 청주시 서원구 성화동,경상사고,0,0,1,0,차대차 - 측면충돌,교차로운행방법위반,건조,맑음,교차로 - 교차로안,승용,여,44세,상해없음,이륜,남,20세,경상
2017092700100553,2017년 9월 27일 18시,수요일,충청북도 청주시 흥덕구 가경동,경상사고,0,0,2,0,차대차 - 추돌,안전운전불이행,건조,맑음,단일로 - 기타,승용,남,41세,상해없음,화물,남,50세,경상
2017092700100595,2017년 9월 27일 19시,수요일,충청북도 진천군 진천읍,경상사고,0,0,6,0,차대차 - 측면충돌,신호위반,건조,맑음,교차로 - 교차로안,승용,여,39세,경상,승용,여,36세,경상
2017092700100636,2017년 9월 27일 20시,수요일,충청북도 제천시 송학면,중상사고,0,1,0,0,차대차 - 측면충돌,중앙선침범,건조,흐림,단일로 - 기타,자전거,남,65세,중상,승용,여,40세,상해없음
2017092700100637,2017년 9월 27일 20시,수요일,충청북도 청주시 흥덕구 오송읍,경상사고,0,0,1,0,차대사람 - 기타,교차로운행방법위반,건조,맑음,교차로 - 교차로안,승합,남,62세,상해없음,보행자,남,32세,경상
2017092700100687,2017년 9월 27일 22시,수요일,충청북도 충주시 연수동,중상사고,0,1,0,0,차대차 - 기타,안전운전불이행,건조,맑음,단일로 - 기타,승합,남,48세,상해없음,자전거,남,20세,중상
2017092700100717,2017년 9월 27일 23시,수요일,충청북도 음성군 감곡면,경상사고,0,0,1,0,차대차 - 추돌,안전운전불이행,건조,맑음,단일로 - 기타,화물,남,46세,상해없음,건설기계,남,48세,경상
2017092700100718,2017년 9월 27일 23시,수요일,충청북도 청주시 흥덕구 복대동,중상사고,0,1,0,0,차대사람 - 기타,안전운전불이행,건조,맑음,교차로 - 교차로부근,승용,남,32세,상해없음,보행자,남,25세,중상
2017092800100034,2017년 9월 28일 00시,목요일,충청북도 충주시 연수동,경상사고,0,0,3,0,차대차 - 기타,신호위반,건조,맑음,교차로 - 교차로안,승용,여,40세,상해없음,승용,남,48세,경상
2017092800100070,2017년 9월 28일 04시,목요일,충청북도 청주시 서원구 산남동,경상사고,0,0,2,1,차대차 - 정면충돌,중앙선침범,건조,맑음,교차로 - 교차로부근,이륜,남,74세,부상신고,승용,남,55세,경상
2017092800100117,2017년 9월 28일 07시,목요일,충청북도 제천시 영천동,경상사고,0,0,1,0,차대차 - 추돌,안전운전불이행,건조,맑음,기타 - 기타,승용,남,24세,경상,승용,남,57세,상해없음
2017092800100118,2017년 9월 28일 07시,목요일,충청북도 청주시 서원구 수곡동,경상사고,0,0,1,0,차대차 - 측면충돌,안전운전불이행,건조,맑음,단일로 - 기타,승용,여,21세,상해없음,원동기,남,16세,경상
2017092800100159,2017년 9월 28일 08시,목요일,충청북도 충주시 목행동,경상사고,0,0,1,0,차대차 - 추돌,안전운전불이행,건조,맑음,교차로 - 교차로부근,승용,남,26세,상해없음,승용,여,58세,경상
2017092800100160,2017년 9월 28일 08시,목요일,충청북도 제천시 화산동,중상사고,0,1,2,0,차대차 - 기타,직진우회전진행방해,건조,맑음,교차로 - 교차로안,화물,남,49세,경상,승용,여,26세,중상
2017092800100161,2017년 9월 28일 08시,목요일,충청북도 진천군 진천읍,경상사고,0,0,2,0,차대차 - 기타,안전거리미확보,건조,맑음,단일로 - 기타,화물,남,54세,상해없음,승용,남,30세,경상
2017092800100203,2017년 9월 28일 09시,목요일,충청북도 청주시 서원구 모충동,경상사고,0,0,1,0,차대차 - 추돌,안전운전불이행,건조,맑음,교차로 - 교차로부근,화물,남,77세,상해없음,승용,남,51세,경상
2017092800100241,2017년 9월 28일 10시,목요일,충청북도 청주시 흥덕구 가경동,경상사고,0,0,1,0,차대차 - 기타,신호위반,건조,맑음,교차로 - 교차로안,승용,남,23세,상해없음,승합,남,54세,경상
2017092800100281,2017년 9월 28일 11시,목요일,충청북도 음성군 삼성면,중상사고,0,1,0,0,차대차 - 측면충돌,신호위반,건조,맑음,교차로 - 교차로안,이륜,남,80세,중상,화물,남,54세,상해없음
2017092800100313,2017년 9월 28일 12시,목요일,충청북도 괴산군 칠성면,중상사고,0,1,0,0,차대차 - 추돌,안전운전불이행,건조,흐림,교차로 - 교차로안,화물,남,50세,상해없음,사륜오토바이(ATV),남,46세,중상
2017092800100349,2017년 9월 28일 13시,목요일,충청북도 충주시 호암동,경상사고,0,0,1,0,차대사람 - 횡단중,안전운전불이행,건조,맑음,단일로 - 기타,승용,남,33세,상해없음,보행자,여,17세,경상
2017092800100394,2017년 9월 28일 14시,목요일,충청북도 제천시 신동,중상사고,0,2,1,0,차대차 - 추돌,안전운전불이행,건조,맑음,단일로 - 기타,화물,남,51세,상해없음,화물,남,59세,경상
2017092800100395,2017년 9월 28일 14시,목요일,충청북도 청주시 상당구 영운동,경상사고,0,0,1,0,차대차 - 추돌,안전거리미확보,건조,맑음,교차로 - 교차로안,승용,여,44세,상해없음,화물,남,60세,경상
2017092800100434,2017년 9월 28일 15시,목요일,충청북도 청주시 청원구 사천동,경상사고,0,0,2,0,차대차 - 기타,안전운전불이행,건조,맑음,교차로 - 교차로부근,화물,남,34세,상해없음,승용,여,34세,경상
2017092800100435,2017년 9월 28일 15시,목요일,충청북도 청주시 흥덕구 복대동,중상사고,0,1,0,0,차대차 - 기타,중앙선침범,건조,맑음,단일로 - 기타,화물,남,44세,상해없음,자전거,남,62세,중상
2017092800100476,2017년 9월 28일 16시,목요일,충청북도 제천시 의림동,경상사고,0,0,1,0,차대차 - 측면충돌,직진우회전진행방해,건조,맑음,교차로 - 교차로안,승합,여,54세,상해없음,승합,남,58세,경상
2017092800100477,2017년 9월 28일 16시,목요일,충청북도 증평군 증평읍,경상사고,0,0,1,0,차대차 - 기타,안전운전불이행,건조,맑음,단일로 - 기타,승용,여,39세,상해없음,이륜,남,34세,경상
2017092800100478,2017년 9월 28일 16시,목요일,충청북도 진천군 이월면,경상사고,0,0,1,0,차대차 - 기타,안전운전불이행,건조,맑음,교차로 - 교차로안,승용,남,56세,상해없음,승합,남,49세,경상
2017092800100518,2017년 9월 28일 17시,목요일,충청북도 청주시 흥덕구 석곡동,경상사고,0,0,1,0,차대차 - 추돌,안전운전불이행,건조,맑음,단일로 - 기타,승용,남,31세,상해없음,화물,남,49세,경상
2017092800100561,2017년 9월 28일 18시,목요일,충청북도 옥천군 옥천읍,경상사고,0,0,1,0,차대차 - 기타,안전운전불이행,건조,맑음,교차로 - 교차로안,이륜,남,33세,경상,승용,남,53세,상해없음
2017092800100562,2017년 9월 28일 18시,목요일,충청북도 청주시 흥덕구 봉명동,부상신고사고,0,0,0,1,차대차 - 측면충돌,안전운전불이행,건조,맑음,교차로 - 교차로안,이륜,남,50세,부상신고,화물,남,38세,상해없음
2017092800100563,2017년 9월 28일 18시,목요일,충청북도 청주시 상당구 영운동,경상사고,0,0,1,0,차대차 - 기타,안전운전불이행,건조,맑음,교차로 - 교차로안,승용,남,50세,상해없음,자전거,여,64세,경상
2017092800100629,2017년 9월 28일 19시,목요일,충청북도 청주시 청원구 오창읍,경상사고,0,0,1,0,차대차 - 추돌,안전운전불이행,건조,맑음,교차로 - 교차로부근,승용,남,28세,상해없음,승용,여,35세,경상
2017092800100713,2017년 9월 28일 21시,목요일,충청북도 제천시 봉양읍,경상사고,0,0,1,0,차대차 - 정면충돌,안전운전불이행,건조,맑음,기타 - 기타,승용,남,80세,경상,농기계,기타불명,미분류,기타불명
2017092800100714,2017년 9월 28일 21시,목요일,충청북도 진천군 진천읍,경상사고,0,0,1,0,차대차 - 측면충돌,신호위반,건조,기타,교차로 - 교차로안,승용,남,26세,상해없음,승용,남,36세,경상
2017092800100715,2017년 9월 28일 21시,목요일,충청북도 청주시 흥덕구 오송읍,부상신고사고,0,0,0,1,차량단독 - 도로외이탈 - 기타,안전운전불이행,건조,맑음,단일로 - 기타,승용,남,21세,부상신고,,,,
2017092800100745,2017년 9월 28일 22시,목요일,충청북도 청주시 서원구 모충동,경상사고,0,0,1,0,차대사람 - 기타,기타,건조,맑음,단일로 - 기타,승용,남,45세,상해없음,보행자,남,22세,경상
2017092800100768,2017년 9월 28일 23시,목요일,충청북도 충주시 연수동,경상사고,0,0,1,0,차대차 - 기타,안전운전불이행,건조,맑음,교차로 - 교차로안,승용,남,23세,상해없음,승용,여,31세,경상
2017092900100041,2017년 9월 29일 00시,금요일,충청북도 진천군 문백면,경상사고,0,0,1,0,차대차 - 기타,안전운전불이행,건조,맑음,단일로 - 기타,승용,남,26세,상해없음,승용,남,25세,경상
2017092900100060,2017년 9월 29일 01시,금요일,충청북도 단양군 매포읍,중상사고,0,1,0,0,차량단독 - 기타,안전운전불이행,건조,맑음,단일로 - 기타,이륜,남,26세,중상,,,,
2017092900100061,2017년 9월 29일 01시,금요일,충청북도 청주시 흥덕구 복대동,경상사고,0,0,1,1,차대차 - 기타,교차로운행방법위반,건조,맑음,교차로 - 교차로안,승용,남,53세,상해없음,승용,남,54세,상해없음
2017092900100118,2017년 9월 29일 06시,금요일,충청북도 청주시 흥덕구 향정동,경상사고,0,0,1,0,차대사람 - 횡단중,신호위반,건조,맑음,교차로 - 교차로횡단보도내,이륜,남,77세,상해없음,보행자,남,41세,경상
2017092900100149,2017년 9월 29일 07시,금요일,충청북도 음성군 맹동면,경상사고,0,0,2,1,차대차 - 측면충돌,신호위반,건조,맑음,교차로 - 교차로안,승용,여,61세,부상신고,화물,남,42세,경상
2017092900100197,2017년 9월 29일 08시,금요일,충청북도 청주시 상당구 수동,중상사고,0,1,0,0,차대차 - 측면충돌,안전운전불이행,건조,맑음,단일로 - 기타,자전거,남,14세,중상,승용,남,46세,기타불명
2017092900100198,2017년 9월 29일 08시,금요일,충청북도 제천시 장락동,경상사고,0,0,1,0,차대차 - 측면충돌,안전운전불이행,건조,맑음,기타 - 기타,승용,남,64세,상해없음,승용,여,37세,경상
2017092900100199,2017년 9월 29일 08시,금요일,충청북도 청주시 상당구 월오동,경상사고,0,0,1,0,차량단독 - 전도전복 - 전도,안전운전불이행,건조,맑음,단일로 - 기타,승용,여,49세,경상,,,,
2017092900100246,2017년 9월 29일 09시,금요일,충청북도 제천시 명동,경상사고,0,0,2,0,차대차 - 측면충돌,신호위반,건조,맑음,교차로 - 교차로안,승용,여,63세,상해없음,승용,남,31세,경상
2017092900100314,2017년 9월 29일 11시,금요일,충청북도 청주시 서원구 사직동,경상사고,0,0,1,0,차대차 - 측면충돌,안전운전불이행,건조,맑음,주차장 - 주차장,승용,남,57세,상해없음,승용,여,36세,경상
2017092900100350,2017년 9월 29일 12시,금요일,충청북도 음성군 생극면,중상사고,0,1,0,0,차대차 - 측면충돌,중앙선침범,건조,맑음,단일로 - 기타,화물,남,51세,상해없음,승용,남,58세,상해없음
2017092900100388,2017년 9월 29일 13시,금요일,충청북도 제천시 하소동,경상사고,0,0,1,0,차대사람 - 횡단중,안전운전불이행,건조,맑음,교차로 - 교차로부근,승용,여,38세,상해없음,보행자,여,81세,경상
2017092900100389,2017년 9월 29일 13시,금요일,충청북도 옥천군 옥천읍,중상사고,0,1,1,0,차대차 - 측면충돌,교차로운행방법위반,건조,맑음,교차로 - 교차로안,승용,남,51세,상해없음,이륜,남,76세,경상
2017092900100390,2017년 9월 29일 13시,금요일,충청북도 진천군 진천읍,경상사고,0,0,2,0,차대차 - 측면충돌,신호위반,건조,맑음,교차로 - 교차로안,화물,남,59세,상해없음,승용,여,61세,경상
2017092900100391,2017년 9월 29일 13시,금요일,충청북도 청주시 서원구 현도면,중상사고,0,1,1,0,차대차 - 기타,안전거리미확보,건조,맑음,단일로 - 기타,승용,남,50세,상해없음,화물,남,54세,중상
2017092900100425,2017년 9월 29일 14시,금요일,충청북도 청주시 흥덕구 가경동,중상사고,0,1,0,0,차대사람 - 기타,안전운전불이행,건조,맑음,교차로 - 교차로안,승용,남,36세,상해없음,보행자,여,74세,중상
2017092900100426,2017년 9월 29일 14시,금요일,충청북도 청주시 서원구 분평동,중상사고,0,1,0,0,차대사람 - 횡단중,안전운전불이행,건조,맑음,교차로 - 교차로횡단보도내,화물,남,69세,상해없음,보행자,남,68세,중상
2017092900100465,2017년 9월 29일 15시,금요일,충청북도 제천시 신백동,경상사고,0,0,1,0,차대사람 - 횡단중,보행자보호의무위반,건조,맑음,기타 - 기타,승용,여,29세,상해없음,보행자,남,8세,경상
2017092900100466,2017년 9월 29일 15시,금요일,충청북도 청주시 서원구 남이면,중상사고,0,1,0,0,차대차 - 정면충돌,신호위반,건조,맑음,교차로 - 교차로부근,이륜,남,64세,중상,화물,남,58세,상해없음
2017092900100625,2017년 9월 29일 18시,금요일,충청북도 음성군 생극면,경상사고,0,0,1,0,차대차 - 기타,안전운전불이행,건조,맑음,교차로 - 교차로안,화물,남,55세,상해없음,승용,남,34세,경상
2017092900100626,2017년 9월 29일 18시,금요일,충청북도 보은군 보은읍,부상신고사고,0,0,0,1,차대차 - 측면충돌,불법유턴,건조,맑음,단일로 - 기타,승용,남,27세,상해없음,이륜,남,23세,부상신고
2017092900100627,2017년 9월 29일 18시,금요일,충청북도 옥천군 군서면,경상사고,0,0,1,1,차대차 - 측면충돌,신호위반,건조,맑음,교차로 - 교차로안,승용,남,58세,부상신고,승용,남,27세,경상
2017092900100628,2017년 9월 29일 18시,금요일,충청북도 진천군 진천읍,경상사고,0,0,1,0,차대차 - 기타,안전운전불이행,건조,맑음,단일로 - 기타,화물,남,41세,상해없음,이륜,남,17세,경상
2017092900100690,2017년 9월 29일 19시,금요일,충청북도 청주시 청원구 오창읍,경상사고,0,0,2,0,차대차 - 기타,안전운전불이행,건조,맑음,단일로 - 기타,화물,남,47세,상해없음,승용,남,40세,경상
2017092900100691,2017년 9월 29일 19시,금요일,충청북도 충주시 교현동,경상사고,0,0,1,1,차대차 - 측면충돌,직진우회전진행방해,건조,맑음,교차로 - 교차로안,승용,남,71세,부상신고,승용,남,52세,경상
2017092900100692,2017년 9월 29일 19시,금요일,충청북도 진천군 덕산면,경상사고,0,0,1,0,차대차 - 기타,안전운전불이행,건조,맑음,단일로 - 기타,승합,남,51세,상해없음,승용,남,54세,경상
2017092900100754,2017년 9월 29일 20시,금요일,충청북도 청주시 서원구 남이면,경상사고,0,0,2,0,차대차 - 기타,안전운전불이행,건조,맑음,교차로 - 교차로안,화물,남,37세,상해없음,승용,남,54세,경상
2017092900100794,2017년 9월 29일 21시,금요일,충청북도 청주시 청원구 오동동,경상사고,0,0,1,0,차량단독 - 기타,안전운전불이행,건조,맑음,단일로 - 기타,승용,여,20세,경상,,,,
2017092900100795,2017년 9월 29일 21시,금요일,충청북도 음성군 금왕읍,경상사고,0,0,1,0,차대차 - 추돌,안전운전불이행,건조,맑음,단일로 - 기타,승용,남,44세,경상,승합,남,34세,기타불명
2017092900100796,2017년 9월 29일 21시,금요일,충청북도 청주시 흥덕구 가경동,경상사고,0,0,1,0,차대차 - 기타,교차로운행방법위반,건조,맑음,교차로 - 교차로안,승용,남,59세,상해없음,이륜,남,44세,경상
2017092900100826,2017년 9월 29일 22시,금요일,충청북도 진천군 진천읍,중상사고,0,1,0,0,차대차 - 기타,직진우회전진행방해,건조,기타,교차로 - 교차로안,승용,여,55세,상해없음,이륜,남,76세,중상
2017092900100827,2017년 9월 29일 22시,금요일,충청북도 청주시 흥덕구 비하동,경상사고,0,0,2,0,차대차 - 측면충돌,신호위반,건조,맑음,교차로 - 교차로안,이륜,남,46세,경상,이륜,남,17세,경상
2017092900100828,2017년 9월 29일 22시,금요일,충청북도 청주시 서원구 성화동,경상사고,0,0,3,0,차대차 - 기타,안전운전불이행,건조,맑음,교차로 - 교차로안,이륜,남,17세,경상,승용,남,31세,경상
2017093000100035,2017년 9월 30일 00시,토요일,충청북도 제천시 청전동,중상사고,0,1,0,0,차대사람 - 기타,안전운전불이행,건조,맑음,단일로 - 기타,승용,남,22세,상해없음,보행자,남,24세,중상
2017093000100036,2017년 9월 30일 00시,토요일,충청북도 제천시 금성면,경상사고,0,0,1,0,차대사람 - 기타,안전운전불이행,건조,맑음,교차로 - 교차로부근,승용,남,49세,상해없음,보행자,남,35세,경상
2017093000100048,2017년 9월 30일 01시,토요일,충청북도 충주시 단월동,사망사고,1,0,0,0,차량단독 - 공작물충돌,안전운전불이행,건조,맑음,교차로 - 교차로안,승용,남,27세,사망,,,,
2017093000100081,2017년 9월 30일 04시,토요일,충청북도 진천군 덕산면,경상사고,0,0,1,0,차량단독 - 전도전복 - 전복,안전운전불이행,건조,맑음,단일로 - 기타,승용,남,32세,경상,,,,
2017093000100102,2017년 9월 30일 06시,토요일,충청북도 음성군 맹동면,중상사고,0,3,0,0,차대차 - 측면충돌,신호위반,건조,맑음,교차로 - 교차로안,승용,남,42세,중상,승용,여,46세,중상
2017093000100116,2017년 9월 30일 07시,토요일,충청북도 영동군 추풍령면,경상사고,0,0,2,0,차대차 - 기타,안전운전불이행,건조,맑음,교차로 - 교차로안,승용,남,57세,상해없음,승용,남,67세,경상
2017093000100141,2017년 9월 30일 08시,토요일,충청북도 청주시 청원구 주중동,중상사고,0,1,2,0,차대차 - 측면충돌,신호위반,건조,맑음,교차로 - 교차로안,승용,여,56세,경상,승용,남,69세,중상
2017093000100167,2017년 9월 30일 09시,토요일,충청북도 청주시 상당구 수동,경상사고,0,0,3,0,차대차 - 측면충돌,교차로운행방법위반,건조,맑음,교차로 - 교차로안,승용,남,20세,상해없음,승용,남,51세,경상
2017093000100168,2017년 9월 30일 09시,토요일,충청북도 청주시 흥덕구 휴암동,경상사고,0,0,1,0,차대차 - 기타,신호위반,건조,맑음,교차로 - 교차로안,승용,남,59세,상해없음,승용,남,49세,상해없음
2017093000100188,2017년 9월 30일 10시,토요일,충청북도 괴산군 불정면,경상사고,0,0,2,0,차대차 - 측면충돌,안전운전불이행,건조,맑음,교차로 - 교차로안,승용,남,23세,상해없음,승용,남,69세,경상
2017093000100222,2017년 9월 30일 11시,토요일,충청북도 청주시 서원구 개신동,경상사고,0,0,1,0,차대차 - 기타,중앙선침범,건조,맑음,단일로 - 기타,승용,여,51세,상해없음,승용,여,70세,경상
2017093000100254,2017년 9월 30일 12시,토요일,충청북도 괴산군 괴산읍,중상사고,0,1,1,0,차대차 - 추돌,안전운전불이행,건조,맑음,교차로 - 교차로부근,화물,남,47세,상해없음,승용,여,45세,중상
2017093000100303,2017년 9월 30일 13시,토요일,충청북도 청주시 청원구 내덕동,경상사고,0,0,1,3,차대차 - 측면충돌,안전거리미확보,건조,맑음,단일로 - 기타,승용,남,46세,부상신고,승용,여,35세,경상
2017093000100304,2017년 9월 30일 13시,토요일,충청북도 옥천군 옥천읍,중상사고,0,2,0,0,차대차 - 측면충돌,교차로운행방법위반,건조,맑음,교차로 - 교차로안,승용,남,51세,중상,화물,남,61세,중상
2017093000100305,2017년 9월 30일 13시,토요일,충청북도 청주시 흥덕구 복대동,경상사고,0,0,1,0,차대사람 - 기타,안전운전불이행,건조,맑음,단일로 - 기타,승용,남,63세,상해없음,보행자,남,56세,경상
2017093000100306,2017년 9월 30일 13시,토요일,충청북도 청주시 흥덕구 복대동,경상사고,0,0,3,0,차대차 - 기타,교차로운행방법위반,건조,맑음,교차로 - 교차로안,승용,여,34세,경상,승용,남,25세,경상
2017093000100339,2017년 9월 30일 14시,토요일,충청북도 제천시 왕암동,부상신고사고,0,0,0,1,차대사람 - 기타,안전운전불이행,건조,맑음,기타 - 기타,화물,남,66세,상해없음,보행자,남,19세,부상신고
2017093000100340,2017년 9월 30일 14시,토요일,충청북도 청주시 흥덕구 강내면,부상신고사고,0,0,0,1,차대사람 - 횡단중,안전운전불이행,건조,맑음,교차로 - 교차로부근,건설기계,남,50세,상해없음,보행자,여,85세,부상신고
2017093000100379,2017년 9월 30일 15시,토요일,충청북도 청주시 청원구 오창읍,경상사고,0,0,1,0,차대차 - 측면충돌,안전거리미확보,건조,맑음,단일로 - 기타,승용,남,28세,상해없음,승용,남,47세,경상
2017093000100421,2017년 9월 30일 16시,토요일,충청북도 청주시 흥덕구 복대동,경상사고,0,0,3,0,차대차 - 측면충돌,교차로운행방법위반,건조,맑음,교차로 - 교차로안,승용,여,20세,경상,승용,남,56세,경상
2017093000100464,2017년 9월 30일 17시,토요일,충청북도 충주시 주덕읍,부상신고사고,0,0,0,1,차량단독 - 전도전복 - 전도,안전운전불이행,건조,맑음,단일로 - 기타,건설기계,남,42세,부상신고,,,,
2017093000100465,2017년 9월 30일 17시,토요일,충청북도 영동군 영동읍,중상사고,0,1,0,0,차대차 - 기타,안전운전불이행,건조,맑음,교차로 - 교차로안,승용,남,56세,상해없음,자전거,여,60세,중상
2017093000100466,2017년 9월 30일 17시,토요일,충청북도 보은군 보은읍,중상사고,0,1,1,0,차대차 - 측면충돌,교차로운행방법위반,건조,맑음,교차로 - 교차로안,승용,남,56세,상해없음,승용,남,68세,경상
2017093000100505,2017년 9월 30일 18시,토요일,충청북도 충주시 엄정면,경상사고,0,0,1,0,차대차 - 기타,안전운전불이행,건조,맑음,단일로 - 기타,승용,남,62세,상해없음,농기계,남,34세,경상
2017093000100506,2017년 9월 30일 18시,토요일,충청북도 제천시 강제동,경상사고,0,0,2,0,차대차 - 측면충돌,신호위반,건조,맑음,교차로 - 교차로안,승용,여,33세,상해없음,승용,남,70세,상해없음
2017093000100507,2017년 9월 30일 18시,토요일,충청북도 제천시 하소동,경상사고,0,0,1,0,차대차 - 측면충돌,불법유턴,건조,흐림,단일로 - 기타,승용,남,56세,상해없음,승용,남,28세,경상
2017093000100538,2017년 9월 30일 19시,토요일,충청북도 충주시 충의동,중상사고,0,1,0,0,차대사람 - 횡단중,보행자보호의무위반,건조,맑음,교차로 - 교차로횡단보도내,화물,남,59세,상해없음,보행자,여,82세,중상
2017093000100539,2017년 9월 30일 19시,토요일,충청북도 옥천군 청산면,경상사고,0,0,1,0,차대차 - 측면충돌,교차로운행방법위반,건조,맑음,교차로 - 교차로안,승합,남,57세,상해없음,승용,남,68세,상해없음
2017093000100540,2017년 9월 30일 19시,토요일,충청북도 청주시 흥덕구 강서동,중상사고,0,1,0,0,차대차 - 기타,신호위반,건조,맑음,교차로 - 교차로안,승용,남,65세,상해없음,승용,여,42세,중상
2017093000100544,2017년 9월 30일 19시,토요일,충청북도 청주시 흥덕구 옥산면,중상사고,0,1,0,0,차대차 - 측면충돌,안전운전불이행,건조,맑음,단일로 - 기타,기타불명,기타불명,미분류,기타불명,승용,남,54세,상해없음
2017093000100592,2017년 9월 30일 20시,토요일,충청북도 옥천군 옥천읍,경상사고,0,0,1,0,차대차 - 측면충돌,안전운전불이행,건조,맑음,단일로 - 기타,승용,남,47세,상해없음,승용,여,50세,경상
2017093000100593,2017년 9월 30일 20시,토요일,충청북도 옥천군 옥천읍,사망사고,1,0,0,0,차대사람 - 차도통행중,안전운전불이행,건조,맑음,교차로 - 교차로안,이륜,남,17세,상해없음,보행자,남,62세,사망
2017093000100594,2017년 9월 30일 20시,토요일,충청북도 진천군 덕산면,경상사고,0,0,1,0,차대사람 - 기타,안전운전불이행,건조,기타,단일로 - 기타,화물,남,69세,상해없음,보행자,남,38세,경상
2017093000100672,2017년 9월 30일 23시,토요일,충청북도 청주시 흥덕구 복대동,경상사고,0,0,1,0,차대차 - 후진중충돌,안전운전불이행,건조,맑음,교차로 - 교차로부근,승용,남,23세,상해없음,승용,남,57세,경상
2017100100100070,2017년 10월 1일 02시,일요일,충청북도 청주시 청원구 오창읍,중상사고,0,1,0,0,차대차 - 추돌,차로위반,건조,맑음,단일로 - 기타,이륜,남,29세,중상,승용,남,54세,상해없음