사고번호,사고일시,요일,시군구,사고내용,사망자수,중상자수,경상자수,부상신고자수,사고유형,법규위반,노면상태,기상상태,도로형태,가해운전자 차종,가해운전자 성별,가해운전자 연령,가해운전자 상해정도,피해운전자 차종,피해운전자 성별,피해운전자 연령,피해운전자 상해정도
2017101700100379,2017년 10월 17일 15시,화요일,충청북도 충주시 연수동,경상사고,0,0,1,0,차대차 - 기타,중앙선침범,건조,맑음,단일로 - 기타,승용,남,71세,상해없음,원동기,남,20세,경상
2017101700100380,2017년 10월 17일 15시,화요일,충청북도 증평군 증평읍,경상사고,0,0,2,0,차대차 - 추돌,안전운전불이행,건조,맑음,단일로 - 기타,건설기계,남,48세,상해없음,승용,남,72세,경상
2017101700100381,2017년 10월 17일 15시,화요일,충청북도 보은군 마로면,중상사고,0,1,0,0,차대차 - 측면충돌,교차로운행방법위반,건조,맑음,교차로 - 교차로안,건설기계,남,42세,상해없음,이륜,남,71세,중상
2017101700100418,2017년 10월 17일 16시,화요일,충청북도 제천시 청전동,경상사고,0,0,4,0,차대차 - 추돌,안전운전불이행,건조,맑음,교차로 - 교차로부근,승용,여,30세,상해없음,화물,남,63세,경상
2017101700100419,2017년 10월 17일 16시,화요일,충청북도 음성군 맹동면,중상사고,0,1,0,0,차대차 - 측면충돌,안전운전불이행,건조,맑음,단일로 - 기타,승용,남,20세,상해없음,화물,남,34세,상해없음
2017101700100420,2017년 10월 17일 16시,화요일,충청북도 청주시 서원구 사직동,중상사고,0,1,0,0,차대차 - 기타,안전운전불이행,건조,맑음,교차로 - 교차로안,승용,여,23세,상해없음,이륜,남,63세,중상
2017101700100458,2017년 10월 17일 17시,화요일,충청북도 청주시 청원구 북이면,중상사고,0,1,0,0,차대사람 - 기타,안전운전불이행,건조,맑음,단일로 - 기타,화물,남,69세,상해없음,보행자,여,85세,중상
2017101700100459,2017년 10월 17일 17시,화요일,충청북도 음성군 원남면,경상사고,0,0,1,0,차대차 - 추돌,안전거리미확보,건조,맑음,교차로 - 교차로안,화물,남,55세,상해없음,건설기계,남,60세,경상
2017101700100460,2017년 10월 17일 17시,화요일,충청북도 청주시 상당구 남주동,부상신고사고,0,0,0,1,차량단독 - 전도전복 - 전도,안전운전불이행,건조,맑음,단일로 - 기타,자전거,남,52세,부상신고,,,,
2017101700100503,2017년 10월 17일 18시,화요일,충청북도 진천군 이월면,경상사고,0,0,1,0,차대차 - 기타,안전운전불이행,건조,맑음,단일로 - 기타,화물,남,63세,상해없음,농기계,남,67세,경상
2017101700100504,2017년 10월 17일 18시,화요일,충청북도 청주시 상당구 남주동,경상사고,0,0,2,0,차대차 - 기타,교차로운행방법위반,건조,맑음,교차로 - 교차로안,화물,남,38세,경상,승용,여,28세,경상
2017101700100505,2017년 10월 17일 18시,화요일,충청북도 청주시 서원구 수곡동,중상사고,0,1,0,0,차대사람 - 횡단중,보행자보호의무위반,건조,맑음,교차로 - 교차로횡단보도내,승용,남,44세,상해없음,보행자,여,69세,중상
2017101700100506,2017년 10월 17일 18시,화요일,충청북도 충주시 노은면,중상사고,0,1,0,0,차량단독 - 기타,안전운전불이행,건조,맑음,기타 - 기타,화물,남,47세,상해없음,,,,
2017101700100592,2017년 10월 17일 20시,화요일,충청북도 청주시 서원구 사직동,중상사고,0,1,0,0,차대차 - 측면충돌,신호위반,건조,맑음,교차로 - 교차로안,자전거,남,13세,중상,승용,남,47세,상해없음
2017101700100593,2017년 10월 17일 20시,화요일,충청북도 청주시 상당구 금천동,경상사고,0,0,1,0,차대차 - 기타,안전운전불이행,건조,맑음,교차로 - 교차로부근,원동기,남,52세,경상,승용,남,52세,상해없음
2017101700100624,2017년 10월 17일 21시,화요일,충청북도 청주시 흥덕구 봉명동,경상사고,0,0,1,0,차대사람 - 기타,중앙선침범,건조,맑음,단일로 - 기타,승용,남,37세,상해없음,보행자,남,58세,경상
2017101700100648,2017년 10월 17일 22시,화요일,충청북도 충주시 대소원면,중상사고,0,1,0,0,차대차 - 측면충돌,교차로운행방법위반,건조,맑음,교차로 - 교차로안,승용,남,31세,상해없음,이륜,남,52세,중상
2017101700100649,2017년 10월 17일 22시,화요일,충청북도 진천군 문백면,경상사고,0,0,3,0,차대차 - 기타,안전운전불이행,건조,맑음,단일로 - 기타,승용,남,28세,상해없음,승용,남,30세,경상
2017101700100650,2017년 10월 17일 22시,화요일,충청북도 청주시 흥덕구 봉명동,중상사고,0,1,0,0,차대사람 - 기타,안전운전불이행,건조,맑음,단일로 - 기타,승용,여,26세,상해없음,보행자,여,49세,중상
2017101700100663,2017년 10월 17일 23시,화요일,충청북도 청주시 서원구 개신동,중상사고,0,1,0,0,차대차 - 기타,교차로운행방법위반,건조,맑음,교차로 - 교차로안,화물,남,53세,상해없음,이륜,남,31세,중상
2017101800100105,2017년 10월 18일 07시,수요일,충청북도 청주시 서원구 사직동,경상사고,0,0,2,0,차대차 - 측면충돌,불법유턴,건조,맑음,교차로 - 교차로부근,승용,남,55세,경상,승용,남,24세,경상
2017101800100141,2017년 10월 18일 08시,수요일,충청북도 제천시 장락동,경상사고,0,0,2,0,차대차 - 측면충돌,직진우회전진행방해,건조,맑음,교차로 - 교차로안,승용,여,48세,상해없음,승합,남,58세,상해없음
2017101800100142,2017년 10월 18일 08시,수요일,충청북도 청주시 서원구 남이면,중상사고,0,1,1,0,차대차 - 측면충돌,중앙선침범,건조,맑음,단일로 - 기타,승용,남,68세,상해없음,승용,여,44세,중상
2017101800100143,2017년 10월 18일 08시,수요일,충청북도 청주시 서원구 분평동,중상사고,0,1,0,0,차대사람 - 횡단중,보행자보호의무위반,건조,맑음,단일로 - 기타,승용,여,29세,상해없음,보행자,여,70세,중상
2017101800100144,2017년 10월 18일 08시,수요일,충청북도 청주시 상당구 운동동,중상사고,0,1,1,0,차대차 - 측면충돌,교차로운행방법위반,건조,맑음,교차로 - 교차로안,승용,남,27세,중상,특수,남,47세,상해없음
2017101800100145,2017년 10월 18일 08시,수요일,충청북도 청주시 서원구 산남동,경상사고,0,0,2,0,차대차 - 추돌,안전운전불이행,건조,맑음,교차로 - 교차로안,승용,남,47세,경상,승용,여,52세,경상
2017101800100178,2017년 10월 18일 09시,수요일,충청북도 청주시 서원구 수곡동,중상사고,0,1,0,0,차대차 - 추돌,안전운전불이행,건조,맑음,단일로 - 기타,이륜,남,57세,중상,화물,남,49세,상해없음
2017101800100196,2017년 10월 18일 10시,수요일,충청북도 증평군 증평읍,중상사고,0,1,0,1,차대차 - 추돌,안전운전불이행,건조,맑음,교차로 - 교차로부근,승용,남,34세,부상신고,승용,여,32세,중상
2017101800100197,2017년 10월 18일 10시,수요일,충청북도 충주시 대소원면,사망사고,1,0,3,0,차대차 - 추돌,안전운전불이행,건조,흐림,단일로 - 기타,화물,남,45세,사망,화물,남,27세,경상
2017101800100226,2017년 10월 18일 11시,수요일,충청북도 청주시 흥덕구 신봉동,경상사고,0,0,1,0,차대차 - 기타,안전운전불이행,건조,맑음,단일로 - 기타,승용,남,49세,상해없음,승용,남,55세,경상
2017101800100251,2017년 10월 18일 12시,수요일,충청북도 청주시 상당구 남문로1가동,중상사고,0,2,3,0,차대차 - 추돌,안전운전불이행,건조,맑음,교차로 - 교차로부근,승합,남,51세,기타불명,화물,남,56세,경상
2017101800100276,2017년 10월 18일 13시,수요일,충청북도 청주시 청원구 내덕동,경상사고,0,0,2,0,차대차 - 측면충돌,안전운전불이행,건조,맑음,교차로 - 교차로부근,화물,남,52세,상해없음,승용,여,57세,경상
2017101800100277,2017년 10월 18일 13시,수요일,충청북도 청주시 흥덕구 가경동,중상사고,0,1,0,0,차대사람 - 횡단중,보행자보호의무위반,건조,맑음,교차로 - 교차로횡단보도내,승용,남,56세,상해없음,보행자,남,7세,중상
2017101800100278,2017년 10월 18일 13시,수요일,충청북도 청주시 흥덕구 가경동,중상사고,0,1,0,0,차대차 - 기타,교차로운행방법위반,건조,맑음,교차로 - 교차로안,승용,여,59세,상해없음,승용,남,29세,중상
2017101800100308,2017년 10월 18일 14시,수요일,충청북도 제천시 천남동,경상사고,0,0,1,0,차대차 - 추돌,안전운전불이행,건조,맑음,교차로 - 교차로부근,화물,남,75세,상해없음,이륜,남,58세,경상
2017101800100336,2017년 10월 18일 15시,수요일,충청북도 증평군 증평읍,경상사고,0,0,1,0,차대사람 - 차도통행중,안전운전불이행,건조,맑음,단일로 - 기타,승용,남,60세,상해없음,보행자,여,65세,경상
2017101800100354,2017년 10월 18일 16시,수요일,충청북도 충주시 연수동,중상사고,0,1,1,0,차대차 - 측면충돌,신호위반,건조,맑음,교차로 - 교차로안,원동기,남,18세,중상,승용,남,25세,경상
2017101800100355,2017년 10월 18일 16시,수요일,충청북도 제천시 한수면,경상사고,0,0,4,1,차대차 - 기타,안전운전불이행,건조,맑음,단일로 - 기타,승용,여,59세,부상신고,화물,남,47세,경상
2017101800100356,2017년 10월 18일 16시,수요일,충청북도 청주시 상당구 문의면,중상사고,0,1,0,0,차대차 - 기타,안전운전불이행,건조,맑음,단일로 - 기타,승용,여,58세,상해없음,자전거,남,48세,중상
2017101800100389,2017년 10월 18일 17시,수요일,충청북도 청주시 청원구 오창읍,중상사고,0,1,1,0,차대차 - 정면충돌,신호위반,건조,맑음,교차로 - 교차로안,승용,남,25세,경상,승용,남,41세,중상
2017101800100442,2017년 10월 18일 18시,수요일,충청북도 충주시 교현동,경상사고,0,0,1,0,차대사람 - 기타,안전운전불이행,건조,맑음,교차로 - 교차로안,승용,여,42세,상해없음,보행자,여,68세,경상
2017101800100443,2017년 10월 18일 18시,수요일,충청북도 제천시 하소동,경상사고,0,0,1,0,차대사람 - 길가장자리구역통행중,안전운전불이행,건조,흐림,교차로 - 교차로부근,승용,남,36세,상해없음,보행자,여,70세,경상
2017101800100444,2017년 10월 18일 18시,수요일,충청북도 청주시 서원구 남이면,중상사고,0,1,0,0,차대차 - 측면충돌,교차로운행방법위반,건조,맑음,교차로 - 교차로안,화물,남,61세,상해없음,이륜,여,67세,중상
2017101800100445,2017년 10월 18일 18시,수요일,충청북도 청주시 서원구 죽림동,중상사고,0,1,4,0,차대차 - 추돌,안전운전불이행,건조,맑음,단일로 - 기타,승용,남,37세,경상,승용,남,45세,경상
2017101800100446,2017년 10월 18일 18시,수요일,충청북도 청주시 서원구 사직동,경상사고,0,0,2,0,차대차 - 추돌,안전운전불이행,건조,맑음,단일로 - 기타,승용,남,38세,경상,승용,남,42세,경상
2017101800100447,2017년 10월 18일 18시,수요일,충청북도 청주시 상당구 용암동,경상사고,0,0,1,0,차대사람 - 횡단중,보행자보호의무위반,건조,맑음,교차로 - 교차로횡단보도내,승용,여,55세,상해없음,보행자,남,7세,경상
2017101800100448,2017년 10월 18일 18시,수요일,충청북도 청주시 상당구 남문로1가동,경상사고,0,0,1,0,차대사람 - 횡단중,안전운전불이행,건조,맑음,단일로 - 기타,승용,여,62세,상해없음,보행자,여,10세,경상
2017101800100500,2017년 10월 18일 19시,수요일,충청북도 제천시 모산동,경상사고,0,0,1,0,차대사람 - 횡단중,안전운전불이행,젖음/습기,비,교차로 - 교차로횡단보도내,승용,남,69세,상해없음,보행자,여,12세,경상
2017101800100501,2017년 10월 18일 19시,수요일,충청북도 음성군 맹동면,경상사고,0,0,1,0,차대차 - 측면충돌,신호위반,건조,맑음,교차로 - 교차로횡단보도내,승용,여,48세,상해없음,자전거,남,12세,경상
2017101800100502,2017년 10월 18일 19시,수요일,충청북도 옥천군 옥천읍,경상사고,0,0,1,0,차대차 - 기타,중앙선침범,건조,맑음,교차로 - 교차로부근,승용,여,39세,상해없음,승용,남,32세,경상
2017101800100538,2017년 10월 18일 20시,수요일,충청북도 음성군 맹동면,경상사고,0,0,4,0,차대차 - 측면충돌,중앙선침범,건조,맑음,단일로 - 기타,승용,여,56세,경상,승용,여,27세,경상
2017101800100575,2017년 10월 18일 21시,수요일,충청북도 청주시 서원구 사창동,경상사고,0,0,2,0,차대차 - 기타,차로위반,건조,맑음,교차로 - 교차로부근,승용,여,45세,경상,승용,여,31세,경상
2017101800100576,2017년 10월 18일 21시,수요일,충청북도 청주시 상당구 낭성면,중상사고,0,2,1,0,차대차 - 추돌,중앙선침범,건조,맑음,단일로 - 기타,승용,남,55세,상해없음,승용,여,43세,중상
2017101800100577,2017년 10월 18일 21시,수요일,충청북도 청주시 청원구 오창읍,경상사고,0,0,2,0,차대차 - 측면충돌,안전거리미확보,건조,맑음,단일로 - 기타,화물,남,57세,상해없음,승용,남,31세,경상
2017101800100601,2017년 10월 18일 22시,수요일,충청북도 청주시 청원구 우암동,경상사고,0,0,1,0,차대차 - 기타,안전운전불이행,건조,맑음,교차로 - 교차로안,자전거,남,70세,경상,승용,남,38세,상해없음
2017101800100602,2017년 10월 18일 22시,수요일,충청북도 단양군 매포읍,사망사고,1,0,1,0,차대사람 - 횡단중,신호위반,젖음/습기,흐림,단일로 - 기타,승합,남,58세,경상,보행자,여,44세,사망
2017101800100621,2017년 10월 18일 23시,수요일,충청북도 청주시 서원구 사직동,중상사고,0,2,1,0,차대차 - 측면충돌,직진우회전진행방해,건조,맑음,교차로 - 교차로안,승용,여,51세,중상,승합,여,43세,중상
2017101900100043,2017년 10월 19일 01시,목요일,충청북도 보은군 탄부면,경상사고,0,0,1,0,차대차 - 측면충돌,안전운전불이행,건조,맑음,단일로 - 기타,화물,남,66세,상해없음,화물,남,59세,경상
2017101900100055,2017년 10월 19일 03시,목요일,충청북도 충주시 교현동,중상사고,0,1,0,1,차대차 - 기타,신호위반,건조,맑음,교차로 - 교차로안,승합,남,45세,부상신고,화물,남,37세,중상
2017101900100084,2017년 10월 19일 06시,목요일,충청북도 청주시 흥덕구 복대동,경상사고,0,0,1,0,차대차 - 기타,안전운전불이행,건조,맑음,단일로 - 기타,이륜,여,27세,상해없음,자전거,남,54세,경상
2017101900100108,2017년 10월 19일 07시,목요일,충청북도 증평군 증평읍,중상사고,0,1,0,0,차대차 - 정면충돌,안전운전불이행,건조,흐림,단일로 - 기타,기타불명,기타불명,미분류,기타불명,자전거,여,73세,중상
2017101900100148,2017년 10월 19일 08시,목요일,충청북도 충주시 용산동,경상사고,0,0,2,0,차대차 - 기타,안전운전불이행,건조,맑음,교차로 - 교차로안,승용,여,57세,경상,승용,여,42세,경상
2017101900100149,2017년 10월 19일 08시,목요일,충청북도 옥천군 청산면,중상사고,0,1,0,0,차대차 - 후진중충돌,안전운전불이행,건조,맑음,단일로 - 기타,화물,남,65세,상해없음,이륜,여,71세,중상
2017101900100201,2017년 10월 19일 09시,목요일,충청북도 청주시 청원구 북이면,중상사고,0,1,0,0,차대차 - 측면충돌,신호위반,건조,맑음,교차로 - 교차로안,화물,남,52세,상해없음,화물,남,25세,중상
2017101900100202,2017년 10월 19일 09시,목요일,충청북도 음성군 대소면,중상사고,0,1,1,0,차대차 - 추돌,안전운전불이행,건조,맑음,교차로 - 교차로부근,승용,여,57세,중상,승용,여,42세,경상
2017101900100234,2017년 10월 19일 10시,목요일,충청북도 청주시 상당구 미원면,부상신고사고,0,0,0,1,차량단독 - 도로외이탈 - 기타,안전운전불이행,건조,맑음,단일로 - 기타,승용,남,28세,부상신고,,,,
2017101900100300,2017년 10월 19일 13시,목요일,충청북도 충주시 중앙탑면,경상사고,0,0,1,0,차량단독 - 전도전복,안전운전불이행,건조,맑음,단일로 - 기타,승용,남,54세,경상,미분류,미분류,미분류,미분류
2017101900100321,2017년 10월 19일 14시,목요일,충청북도 청주시 상당구 금천동,경상사고,0,0,2,0,차대차 - 기타,안전운전불이행,건조,맑음,교차로 - 교차로안,건설기계,남,25세,경상,승용,여,57세,경상
2017101900100359,2017년 10월 19일 15시,목요일,충청북도 청주시 청원구 율량동,중상사고,0,1,1,0,차대차 - 기타,교차로운행방법위반,건조,맑음,교차로 - 교차로안,승용,남,24세,상해없음,승합,남,45세,경상
2017101900100360,2017년 10월 19일 15시,목요일,충청북도 충주시 용관동,중상사고,0,2,2,0,차량단독 - 공작물충돌,안전운전불이행,건조,맑음,단일로 - 기타,승용,여,55세,중상,,,,
2017101900100361,2017년 10월 19일 15시,목요일,충청북도 제천시 금성면,중상사고,0,1,0,0,차대차 - 기타,안전운전불이행,건조,맑음,단일로 - 기타,승용,남,81세,상해없음,이륜,남,75세,중상
2017101900100408,2017년 10월 19일 16시,목요일,충청북도 청주시 청원구 오창읍,경상사고,0,0,2,0,차대차 - 정면충돌,신호위반,건조,맑음,교차로 - 교차로안,승용,여,57세,경상,승용,여,26세,경상
2017101900100409,2017년 10월 19일 16시,목요일,충청북도 충주시 지현동,중상사고,0,1,0,0,차대차 - 기타,교차로운행방법위반,건조,맑음,교차로 - 교차로안,승합,남,67세,상해없음,자전거,여,76세,중상
2017101900100410,2017년 10월 19일 16시,목요일,충청북도 진천군 이월면,경상사고,0,0,1,0,차대차 - 기타,신호위반,건조,맑음,교차로 - 교차로안,승용,남,33세,상해없음,이륜,남,77세,경상
2017101900100411,2017년 10월 19일 16시,목요일,충청북도 청주시 흥덕구 옥산면,경상사고,0,0,1,0,차대차 - 측면충돌,불법유턴,건조,맑음,단일로 - 기타,승용,남,46세,상해없음,화물,남,58세,경상
2017101900100412,2017년 10월 19일 16시,목요일,충청북도 청주시 흥덕구 가경동,경상사고,0,0,1,0,차대사람 - 차도통행중,안전운전불이행,건조,맑음,단일로 - 기타,자전거,기타불명,미분류,기타불명,보행자,여,70세,경상
2017101900100446,2017년 10월 19일 17시,목요일,충청북도 충주시 성남동,중상사고,0,1,0,0,차대차 - 기타,안전운전불이행,건조,맑음,단일로 - 기타,승용,남,58세,상해없음,자전거,여,63세,중상
2017101900100447,2017년 10월 19일 17시,목요일,충청북도 보은군 보은읍,경상사고,0,0,2,0,차대차 - 측면충돌,교차로운행방법위반,건조,맑음,교차로 - 교차로안,승용,남,65세,상해없음,승용,남,55세,경상
2017101900100448,2017년 10월 19일 17시,목요일,충청북도 옥천군 안내면,중상사고,0,4,2,0,차대차 - 측면충돌,중앙선침범,건조,맑음,단일로 - 기타,승용,남,38세,경상,화물,남,47세,중상
2017101900100449,2017년 10월 19일 17시,목요일,충청북도 청주시 상당구 용암동,경상사고,0,0,1,0,차대차 - 추돌,안전운전불이행,건조,맑음,단일로 - 기타,화물,남,56세,상해없음,승용,남,56세,경상
2017101900100486,2017년 10월 19일 18시,목요일,충청북도 청주시 서원구 사직동,경상사고,0,0,1,0,차대사람 - 기타,안전운전불이행,건조,맑음,교차로 - 교차로부근,승용,남,57세,상해없음,보행자,남,71세,경상
2017101900100487,2017년 10월 19일 18시,목요일,충청북도 음성군 대소면,경상사고,0,0,2,0,차대차 - 측면충돌,신호위반,건조,맑음,교차로 - 교차로안,화물,남,69세,상해없음,승용,남,53세,경상
2017101900100488,2017년 10월 19일 18시,목요일,충청북도 청주시 상당구 용암동,중상사고,0,1,0,0,차대사람 - 횡단중,보행자보호의무위반,건조,맑음,교차로 - 교차로횡단보도내,승용,여,53세,상해없음,보행자,여,63세,중상
2017101900100489,2017년 10월 19일 18시,목요일,충청북도 청주시 서원구 모충동,중상사고,0,1,0,0,차대사람 - 기타,안전운전불이행,건조,맑음,기타 - 기타,승용,남,62세,상해없음,보행자,여,18세,중상
2017101900100490,2017년 10월 19일 18시,목요일,충청북도 청주시 상당구 용암동,경상사고,0,0,2,0,차대차 - 기타,안전거리미확보,건조,맑음,단일로 - 기타,승용,여,47세,상해없음,승용,여,38세,경상
2017101900100551,2017년 10월 19일 19시,목요일,충청북도 영동군 상촌면,중상사고,0,1,0,0,차대사람 - 차도통행중,안전운전불이행,건조,맑음,단일로 - 기타,화물,남,76세,상해없음,보행자,남,77세,중상
2017101900100662,2017년 10월 19일 23시,목요일,충청북도 청주시 서원구 사직동,중상사고,0,1,0,0,차대차 - 기타,교차로운행방법위반,건조,맑음,교차로 - 교차로안,이륜,남,31세,상해없음,자전거,남,69세,중상
2017101900100663,2017년 10월 19일 23시,목요일,충청북도 청주시 흥덕구 봉명동,중상사고,0,1,1,0,차대사람 - 횡단중,보행자보호의무위반,건조,맑음,교차로 - 교차로횡단보도내,승용,여,52세,상해없음,보행자,여,21세,중상
2017102000100033,2017년 10월 20일 00시,금요일,충청북도 청주시 서원구 개신동,경상사고,0,0,1,0,차대사람 - 기타,안전운전불이행,건조,맑음,교차로 - 교차로안,승합,남,49세,상해없음,보행자,남,29세,경상
2017102000100074,2017년 10월 20일 05시,금요일,충청북도 청주시 청원구 오창읍,중상사고,0,1,1,0,차대차 - 정면충돌,신호위반,건조,맑음,교차로 - 교차로안,승용,남,66세,경상,승용,남,28세,중상
2017102000100091,2017년 10월 20일 06시,금요일,충청북도 청주시 청원구 오창읍,경상사고,0,0,1,0,차대차 - 정면충돌,신호위반,건조,맑음,교차로 - 교차로안,화물,남,38세,상해없음,승용,여,25세,경상
2017102000100092,2017년 10월 20일 06시,금요일,충청북도 청주시 서원구 남이면,경상사고,0,0,1,0,차대차 - 추돌,안전운전불이행,건조,맑음,단일로 - 기타,화물,남,27세,상해없음,승용,남,45세,상해없음
2017102000100093,2017년 10월 20일 06시,금요일,충청북도 청주시 상당구 남일면,경상사고,0,0,2,0,차대차 - 기타,안전운전불이행,건조,맑음,단일로 - 기타,승용,여,52세,상해없음,승용,남,53세,경상
2017102000100111,2017년 10월 20일 07시,금요일,충청북도 충주시 주덕읍,경상사고,0,0,1,0,차대차 - 기타,직진우회전진행방해,건조,맑음,교차로 - 교차로안,승용,남,32세,상해없음,승용,여,57세,경상
2017102000100152,2017년 10월 20일 08시,금요일,충청북도 제천시 동현동,경상사고,0,0,1,0,차대차 - 기타,신호위반,건조,맑음,교차로 - 교차로안,승용,여,55세,상해없음,승용,남,48세,경상
2017102000100197,2017년 10월 20일 09시,금요일,충청북도 청주시 흥덕구 송정동,중상사고,0,1,0,0,차대차 - 추돌,안전거리미확보,건조,맑음,단일로 - 기타,승용,남,32세,상해없음,승용,남,33세,중상
2017102000100229,2017년 10월 20일 10시,금요일,충청북도 청주시 서원구 사창동,경상사고,0,0,1,0,차대차 - 후진중충돌,안전운전불이행,건조,맑음,주차장 - 주차장,승용,남,48세,상해없음,승용,여,35세,상해없음
2017102000100230,2017년 10월 20일 10시,금요일,충청북도 청주시 흥덕구 오송읍,경상사고,0,0,1,0,차대차 - 측면충돌,차로위반,건조,맑음,단일로 - 기타,승용,남,67세,상해없음,건설기계,남,61세,상해없음
2017102000100231,2017년 10월 20일 10시,금요일,충청북도 청주시 상당구 금천동,경상사고,0,0,1,0,차대차 - 기타,안전운전불이행,건조,맑음,교차로 - 교차로안,화물,남,59세,상해없음,이륜,남,72세,경상
2017102000100269,2017년 10월 20일 11시,금요일,충청북도 충주시 목행동,부상신고사고,0,0,0,1,차량단독 - 전도전복 - 전도,안전운전불이행,건조,맑음,교차로 - 교차로부근,원동기,남,75세,부상신고,,,,
2017102000100270,2017년 10월 20일 11시,금요일,충청북도 제천시 서부동,중상사고,0,1,0,0,차대차 - 측면충돌,안전운전불이행,건조,맑음,기타 - 기타,승용,남,52세,상해없음,자전거,남,88세,중상
2017102000100308,2017년 10월 20일 12시,금요일,충청북도 제천시 영천동,경상사고,0,0,2,0,차대차 - 추돌,안전운전불이행,건조,맑음,교차로 - 교차로부근,화물,남,61세,경상,승용,남,47세,경상
2017102000100309,2017년 10월 20일 12시,금요일,충청북도 청주시 흥덕구 비하동,경상사고,0,0,2,0,차대차 - 측면충돌,차로위반,건조,맑음,단일로 - 기타,건설기계,남,57세,상해없음,승용,여,37세,경상
2017102000100310,2017년 10월 20일 12시,금요일,충청북도 청주시 상당구 서문동,경상사고,0,0,1,0,차대사람 - 횡단중,보행자보호의무위반,건조,맑음,교차로 - 교차로안,화물,남,41세,상해없음,보행자,여,59세,경상
2017102000100348,2017년 10월 20일 13시,금요일,충청북도 청주시 청원구 오창읍,중상사고,0,1,0,0,차대차 - 측면충돌,신호위반,건조,맑음,교차로 - 교차로안,승용,남,41세,상해없음,승용,남,31세,중상
2017102000100349,2017년 10월 20일 13시,금요일,충청북도 영동군 영동읍,부상신고사고,0,0,0,2,차대차 - 추돌,안전거리미확보,건조,맑음,단일로 - 기타,승용,남,47세,상해없음,승용,남,46세,부상신고
2017102000100386,2017년 10월 20일 14시,금요일,충청북도 제천시 봉양읍,경상사고,0,0,2,0,차대차 - 기타,안전운전불이행,건조,맑음,교차로 - 교차로부근,화물,여,55세,경상,승용,여,60세,경상
2017102000100387,2017년 10월 20일 14시,금요일,충청북도 제천시 청전동,중상사고,0,2,3,0,차대차 - 측면충돌,직진우회전진행방해,건조,맑음,교차로 - 교차로안,승용,여,52세,경상,승용,남,36세,경상
2017102000100388,2017년 10월 20일 14시,금요일,충청북도 증평군 증평읍,경상사고,0,0,1,0,차대차 - 측면충돌,중앙선침범,건조,맑음,단일로 - 기타,화물,남,55세,상해없음,승합,남,45세,경상
2017102000100389,2017년 10월 20일 14시,금요일,충청북도 진천군 진천읍,경상사고,0,0,1,0,차대차 - 측면충돌,안전운전불이행,건조,맑음,교차로 - 교차로안,승용,남,61세,상해없음,승용,남,68세,경상
2017102000100390,2017년 10월 20일 14시,금요일,충청북도 청주시 상당구 금천동,경상사고,0,0,1,0,차대차 - 측면충돌,안전거리미확보,건조,맑음,교차로 - 교차로부근,승용,여,62세,기타불명,승용,남,34세,상해없음
2017102000100438,2017년 10월 20일 15시,금요일,충청북도 증평군 증평읍,경상사고,0,0,1,0,차대차 - 기타,안전운전불이행,건조,맑음,교차로 - 교차로안,화물,남,65세,상해없음,자전거,남,82세,경상
2017102000100481,2017년 10월 20일 16시,금요일,충청북도 충주시 안림동,중상사고,0,1,0,0,차대차 - 기타,안전운전불이행,건조,맑음,단일로 - 기타,승용,여,31세,상해없음,이륜,남,47세,중상
2017102000100482,2017년 10월 20일 16시,금요일,충청북도 제천시 송학면,경상사고,0,0,1,0,차대차 - 측면충돌,안전운전불이행,건조,맑음,기타 - 기타,화물,남,58세,경상,승용,남,51세,기타불명
2017102000100483,2017년 10월 20일 16시,금요일,충청북도 음성군 금왕읍,경상사고,0,0,1,0,차대차 - 측면충돌,교차로운행방법위반,건조,맑음,교차로 - 교차로안,승용,남,51세,경상,승합,남,39세,상해없음
2017102000100484,2017년 10월 20일 16시,금요일,충청북도 단양군 어상천면,중상사고,0,1,0,0,차대차 - 정면충돌,중앙선침범,건조,맑음,단일로 - 기타,농기계,남,65세,중상,화물,남,48세,상해없음
2017102000100485,2017년 10월 20일 16시,금요일,충청북도 진천군 초평면,경상사고,0,0,4,0,차대차 - 기타,교차로운행방법위반,건조,맑음,교차로 - 교차로안,승용,남,39세,상해없음,화물,남,47세,경상
2017102000100486,2017년 10월 20일 16시,금요일,충청북도 청주시 흥덕구 봉명동,경상사고,0,0,1,0,차대차 - 측면충돌,교차로운행방법위반,건조,맑음,교차로 - 교차로안,화물,남,58세,상해없음,승용,여,24세,경상
2017102000100524,2017년 10월 20일 17시,금요일,충청북도 청주시 흥덕구 향정동,경상사고,0,0,1,0,차대차 - 추돌,안전운전불이행,건조,맑음,단일로 - 기타,승용,남,35세,상해없음,승용,남,38세,경상
2017102000100525,2017년 10월 20일 17시,금요일,충청북도 청주시 흥덕구 신봉동,경상사고,0,0,2,0,차대차 - 측면충돌,안전거리미확보,건조,맑음,교차로 - 교차로부근,화물,여,37세,상해없음,승합,남,44세,경상