사고번호,사고일시,요일,시군구,사고내용,사망자수,중상자수,경상자수,부상신고자수,사고유형,법규위반,노면상태,기상상태,도로형태,가해운전자 차종,가해운전자 성별,가해운전자 연령,가해운전자 상해정도,피해운전자 차종,피해운전자 성별,피해운전자 연령,피해운전자 상해정도
2017102000100582,2017년 10월 20일 18시,금요일,충청북도 청주시 청원구 주중동,경상사고,0,0,3,0,차대차 - 추돌,안전운전불이행,건조,맑음,교차로 - 교차로부근,승용,남,56세,상해없음,승용,여,21세,경상
2017102000100583,2017년 10월 20일 18시,금요일,충청북도 제천시 봉양읍,경상사고,0,0,1,0,차량단독 - 전도전복 - 전도,안전운전불이행,건조,맑음,단일로 - 기타,승용,여,40세,경상,,,,
2017102000100584,2017년 10월 20일 18시,금요일,충청북도 제천시 장락동,경상사고,0,0,1,0,차대사람 - 횡단중,안전운전불이행,건조,맑음,단일로 - 기타,승용,여,57세,상해없음,보행자,남,7세,경상
2017102000100585,2017년 10월 20일 18시,금요일,충청북도 제천시 화산동,경상사고,0,0,1,0,차대사람 - 기타,안전운전불이행,건조,맑음,단일로 - 기타,화물,남,57세,상해없음,보행자,여,47세,경상
2017102000100586,2017년 10월 20일 18시,금요일,충청북도 증평군 증평읍,중상사고,0,1,1,0,차대차 - 측면충돌,안전거리미확보,건조,흐림,교차로 - 교차로안,이륜,남,60세,경상,승용,남,54세,상해없음
2017102000100587,2017년 10월 20일 18시,금요일,충청북도 음성군 음성읍,경상사고,0,0,1,0,차대차 - 측면충돌,중앙선침범,건조,맑음,단일로 - 기타,화물,남,52세,상해없음,승용,남,60세,경상
2017102000100588,2017년 10월 20일 18시,금요일,충청북도 청주시 흥덕구 비하동,경상사고,0,0,1,0,차대차 - 측면충돌,안전운전불이행,건조,맑음,단일로 - 기타,승용,여,45세,상해없음,개인형이동수단(PM),남,30세,경상
2017102000100650,2017년 10월 20일 19시,금요일,충청북도 청주시 청원구 율량동,경상사고,0,0,1,0,차대차 - 측면충돌,기타,건조,맑음,교차로 - 교차로부근,이륜,남,44세,경상,승용,여,60세,상해없음
2017102000100651,2017년 10월 20일 19시,금요일,충청북도 충주시 신니면,중상사고,0,1,0,0,차대차 - 기타,신호위반,건조,맑음,교차로 - 교차로안,승용,여,35세,상해없음,화물,남,51세,중상
2017102000100699,2017년 10월 20일 20시,금요일,충청북도 충주시 용산동,경상사고,0,0,5,0,차대차 - 측면충돌,직진우회전진행방해,건조,맑음,교차로 - 교차로안,승용,남,52세,경상,승용,여,40세,경상
2017102000100700,2017년 10월 20일 20시,금요일,충청북도 청주시 청원구 오창읍,경상사고,0,0,2,0,차대차 - 추돌,안전운전불이행,건조,맑음,단일로 - 기타,승용,남,50세,상해없음,승용,여,43세,경상
2017102000100703,2017년 10월 20일 20시,금요일,충청북도 청주시 서원구 남이면,경상사고,0,0,1,0,차대차 - 측면충돌,안전운전불이행,건조,맑음,단일로 - 기타,특수,남,65세,상해없음,승용,남,31세,경상
2017102000100731,2017년 10월 20일 21시,금요일,충청북도 청주시 서원구 개신동,경상사고,0,0,1,0,차대차 - 기타,안전거리미확보,건조,맑음,교차로 - 교차로부근,승용,여,25세,상해없음,승용,여,23세,경상
2017102000100732,2017년 10월 20일 21시,금요일,충청북도 충주시 교현동,경상사고,0,0,1,0,차대차 - 후진중충돌,안전운전불이행,건조,맑음,교차로 - 교차로부근,승합,남,70세,상해없음,승용,남,45세,경상
2017102000100733,2017년 10월 20일 21시,금요일,충청북도 청주시 흥덕구 봉명동,경상사고,0,0,2,0,차대차 - 후진중충돌,안전운전불이행,건조,맑음,단일로 - 기타,승용,남,29세,상해없음,승용,남,28세,경상
2017102100100031,2017년 10월 21일 00시,토요일,충청북도 음성군 금왕읍,경상사고,0,0,1,0,차대차 - 측면충돌,안전운전불이행,건조,맑음,교차로 - 교차로안,이륜,남,29세,기타불명,승용,여,55세,경상
2017102100100032,2017년 10월 21일 00시,토요일,충청북도 청주시 서원구 산남동,경상사고,0,0,4,0,차대차 - 측면충돌,신호위반,건조,맑음,교차로 - 교차로안,승용,남,56세,상해없음,승용,남,61세,경상
2017102100100051,2017년 10월 21일 01시,토요일,충청북도 청주시 청원구 오창읍,경상사고,0,0,2,0,차대차 - 추돌,안전운전불이행,건조,맑음,교차로 - 교차로부근,승용,남,37세,상해없음,승용,남,39세,경상
2017102100100073,2017년 10월 21일 02시,토요일,충청북도 청주시 서원구 성화동,경상사고,0,0,3,0,차대차 - 추돌,안전운전불이행,건조,맑음,교차로 - 교차로부근,승용,여,24세,상해없음,승용,남,53세,경상
2017102100100084,2017년 10월 21일 03시,토요일,충청북도 청주시 서원구 개신동,중상사고,0,2,0,0,차대차 - 측면충돌,안전운전불이행,건조,맑음,교차로 - 교차로부근,승용,남,53세,상해없음,이륜,남,21세,중상
2017102100100118,2017년 10월 21일 05시,토요일,충청북도 청주시 청원구 우암동,중상사고,0,1,1,0,차대차 - 추돌,안전운전불이행,건조,맑음,교차로 - 교차로부근,이륜,남,19세,중상,승용,남,52세,상해없음
2017102100100119,2017년 10월 21일 05시,토요일,충청북도 청주시 서원구 모충동,중상사고,0,1,0,0,차대차 - 기타,신호위반,건조,맑음,교차로 - 교차로안,이륜,남,76세,중상,승용,남,52세,상해없음
2017102100100191,2017년 10월 21일 08시,토요일,충청북도 충주시 교현동,중상사고,0,1,0,0,차대사람 - 기타,기타,건조,맑음,단일로 - 기타,승용,여,63세,상해없음,보행자,여,58세,중상
2017102100100192,2017년 10월 21일 08시,토요일,충청북도 청주시 흥덕구 오송읍,사망사고,1,0,0,0,차대차 - 측면충돌,안전운전불이행,건조,맑음,교차로 - 교차로안,건설기계,남,56세,상해없음,자전거,남,90세 이상,사망
2017102100100258,2017년 10월 21일 10시,토요일,충청북도 영동군 영동읍,경상사고,0,0,2,0,차대차 - 추돌,안전운전불이행,건조,맑음,교차로 - 교차로안,승용,남,59세,상해없음,승용,남,41세,경상
2017102100100302,2017년 10월 21일 11시,토요일,충청북도 청주시 청원구 내덕동,경상사고,0,0,1,0,차대차 - 기타,안전운전불이행,건조,맑음,교차로 - 교차로안,기타불명,기타불명,미분류,기타불명,승용,여,49세,상해없음
2017102100100378,2017년 10월 21일 13시,토요일,충청북도 음성군 원남면,경상사고,0,0,1,0,차대사람 - 기타,안전운전불이행,건조,맑음,단일로 - 기타,화물,남,50세,상해없음,보행자,남,34세,경상
2017102100100379,2017년 10월 21일 13시,토요일,충청북도 음성군 대소면,경상사고,0,0,1,0,차대차 - 후진중충돌,안전운전불이행,건조,맑음,주차장 - 주차장,화물,남,57세,상해없음,승용,남,61세,상해없음
2017102100100380,2017년 10월 21일 13시,토요일,충청북도 청주시 흥덕구 강내면,경상사고,0,0,2,0,차대차 - 기타,안전운전불이행,건조,맑음,교차로 - 교차로안,화물,남,64세,상해없음,승용,남,48세,경상
2017102100100419,2017년 10월 21일 14시,토요일,충청북도 청주시 서원구 남이면,중상사고,0,1,0,0,차대차 - 측면충돌,안전운전불이행,건조,맑음,단일로 - 기타,화물,남,59세,상해없음,이륜,남,58세,중상
2017102100100456,2017년 10월 21일 15시,토요일,충청북도 음성군 금왕읍,중상사고,0,1,0,0,차대차 - 측면충돌,안전운전불이행,건조,맑음,단일로 - 기타,이륜,남,16세,중상,승용,남,49세,상해없음
2017102100100457,2017년 10월 21일 15시,토요일,충청북도 청주시 상당구 석교동,중상사고,0,1,0,0,차대사람 - 횡단중,안전운전불이행,건조,맑음,단일로 - 기타,승용,남,41세,상해없음,보행자,여,78세,중상
2017102100100547,2017년 10월 21일 17시,토요일,충청북도 청주시 청원구 사천동,중상사고,0,1,1,0,차대사람 - 기타,신호위반,건조,맑음,교차로 - 교차로안,승용,남,22세,상해없음,보행자,여,12세,경상
2017102100100548,2017년 10월 21일 17시,토요일,충청북도 옥천군 옥천읍,경상사고,0,0,1,0,차대차 - 측면충돌,안전운전불이행,건조,맑음,단일로 - 기타,이륜,여,55세,상해없음,자전거,남,41세,경상
2017102100100596,2017년 10월 21일 18시,토요일,충청북도 충주시 칠금동,중상사고,0,1,0,0,차대차 - 측면충돌,교차로운행방법위반,건조,맑음,교차로 - 교차로안,승합,남,56세,상해없음,원동기,남,17세,중상
2017102100100597,2017년 10월 21일 18시,토요일,충청북도 제천시 봉양읍,경상사고,0,0,1,0,차량단독 - 기타,안전운전불이행,건조,맑음,단일로 - 기타,승합,남,72세,상해없음,,,,
2017102100100598,2017년 10월 21일 18시,토요일,충청북도 청주시 서원구 사직동,경상사고,0,0,6,0,차대차 - 추돌,안전운전불이행,건조,맑음,단일로 - 기타,승용,남,72세,상해없음,승용,여,49세,경상
2017102100100603,2017년 10월 21일 18시,토요일,충청북도 청주시 서원구 남이면,경상사고,0,0,2,0,차대차 - 추돌,안전운전불이행,건조,맑음,단일로 - 기타,승용,남,33세,상해없음,화물,남,66세,경상
2017102100100652,2017년 10월 21일 19시,토요일,충청북도 청주시 상당구 서문동,경상사고,0,0,1,0,차대차 - 기타,안전운전불이행,건조,맑음,단일로 - 기타,이륜,남,46세,경상,승용,남,19세,상해없음
2017102100100686,2017년 10월 21일 20시,토요일,충청북도 청주시 서원구 성화동,부상신고사고,0,0,0,1,차대차 - 기타,안전운전불이행,건조,맑음,교차로 - 교차로안,이륜,남,37세,부상신고,승용,남,34세,상해없음
2017102100100704,2017년 10월 21일 21시,토요일,충청북도 보은군 보은읍,경상사고,0,0,2,0,차대차 - 측면충돌,교차로운행방법위반,건조,흐림,교차로 - 교차로부근,승합,남,46세,상해없음,승용,남,69세,경상
2017102100100734,2017년 10월 21일 22시,토요일,충청북도 청주시 상당구 용암동,경상사고,0,0,1,0,차대차 - 기타,안전운전불이행,건조,맑음,단일로 - 기타,승용,남,23세,상해없음,이륜,남,30세,경상
2017102100100761,2017년 10월 21일 23시,토요일,충청북도 증평군 증평읍,경상사고,0,0,1,0,차량단독 - 공작물충돌,안전운전불이행,건조,맑음,교차로 - 교차로부근,승용,남,37세,경상,,,,
2017102100100762,2017년 10월 21일 23시,토요일,충청북도 청주시 청원구 오창읍,경상사고,0,0,2,0,차대차 - 측면충돌,교차로운행방법위반,건조,맑음,교차로 - 교차로안,화물,남,53세,경상,승용,남,30세,경상
2017102200100089,2017년 10월 22일 04시,일요일,충청북도 청주시 흥덕구 비하동,경상사고,0,0,1,0,차대차 - 측면충돌,신호위반,건조,맑음,교차로 - 교차로안,승용,남,29세,기타불명,승용,여,42세,경상
2017102200100101,2017년 10월 22일 05시,일요일,충청북도 청주시 흥덕구 봉명동,경상사고,0,0,3,0,차대차 - 추돌,안전운전불이행,건조,맑음,교차로 - 교차로부근,승용,남,22세,상해없음,승용,남,67세,경상
2017102200100108,2017년 10월 22일 06시,일요일,충청북도 제천시 신동,경상사고,0,0,3,0,차대차 - 추돌,안전운전불이행,건조,맑음,단일로 - 기타,승용,남,28세,상해없음,승용,여,68세,경상
2017102200100121,2017년 10월 22일 07시,일요일,충청북도 청주시 청원구 우암동,중상사고,0,1,1,0,차대차 - 측면충돌,중앙선침범,건조,맑음,단일로 - 기타,승용,남,56세,상해없음,이륜,남,17세,중상
2017102200100136,2017년 10월 22일 08시,일요일,충청북도 청주시 상당구 금천동,경상사고,0,0,1,0,차대차 - 기타,교차로운행방법위반,건조,맑음,교차로 - 교차로안,건설기계,남,56세,상해없음,승용,남,48세,경상
2017102200100155,2017년 10월 22일 09시,일요일,충청북도 청주시 흥덕구 가경동,경상사고,0,0,1,0,차대사람 - 횡단중,보행자보호의무위반,건조,맑음,교차로 - 교차로횡단보도내,승용,남,57세,상해없음,보행자,여,28세,경상
2017102200100177,2017년 10월 22일 10시,일요일,충청북도 음성군 생극면,경상사고,0,0,1,0,차대차 - 측면충돌,차로위반,건조,맑음,단일로 - 기타,건설기계,남,25세,상해없음,이륜,남,31세,경상
2017102200100200,2017년 10월 22일 11시,일요일,충청북도 음성군 생극면,중상사고,0,2,0,0,차대차 - 측면충돌,신호위반,건조,맑음,교차로 - 교차로안,승용,여,48세,상해없음,화물,남,66세,중상
2017102200100225,2017년 10월 22일 12시,일요일,충청북도 청주시 청원구 정하동,경상사고,0,0,1,0,차대차 - 기타,교차로운행방법위반,건조,맑음,교차로 - 교차로안,자전거,남,13세,경상,승용,여,58세,상해없음
2017102200100226,2017년 10월 22일 12시,일요일,충청북도 제천시 두학동,경상사고,0,0,3,0,차대차 - 추돌,안전운전불이행,건조,맑음,단일로 - 기타,승용,남,48세,상해없음,승용,남,51세,경상
2017102200100252,2017년 10월 22일 13시,일요일,충청북도 괴산군 청천면,사망사고,1,0,0,0,차량단독 - 기타,안전운전불이행,건조,흐림,단일로 - 기타,이륜,남,59세,사망,,,,
2017102200100294,2017년 10월 22일 14시,일요일,충청북도 단양군 매포읍,경상사고,0,0,3,0,차대차 - 기타,교차로운행방법위반,건조,맑음,교차로 - 교차로안,승용,남,46세,상해없음,승합,남,44세,상해없음
2017102200100337,2017년 10월 22일 15시,일요일,충청북도 청주시 청원구 율량동,경상사고,0,0,1,0,차대차 - 기타,안전운전불이행,건조,맑음,단일로 - 기타,승용,남,48세,상해없음,승용,남,29세,경상
2017102200100338,2017년 10월 22일 15시,일요일,충청북도 충주시 봉방동,경상사고,0,0,1,0,차대차 - 추돌,안전운전불이행,건조,맑음,단일로 - 기타,승합,남,50세,상해없음,화물,남,33세,상해없음
2017102200100339,2017년 10월 22일 15시,일요일,충청북도 청주시 상당구 미원면,사망사고,1,0,0,0,차대차 - 정면충돌,중앙선침범,건조,맑음,단일로 - 기타,화물,남,65세,상해없음,이륜,남,61세,사망
2017102200100379,2017년 10월 22일 16시,일요일,충청북도 괴산군 감물면,경상사고,0,0,3,0,차대차 - 측면충돌,신호위반,건조,맑음,교차로 - 교차로안,승용,남,49세,상해없음,승용,남,50세,경상
2017102200100380,2017년 10월 22일 16시,일요일,충청북도 진천군 백곡면,경상사고,0,0,1,0,차대차 - 기타,안전운전불이행,건조,맑음,단일로 - 기타,이륜,남,45세,경상,승용,남,27세,상해없음
2017102200100381,2017년 10월 22일 16시,일요일,충청북도 진천군 덕산면,경상사고,0,0,2,0,차대차 - 측면충돌,교차로운행방법위반,건조,맑음,교차로 - 교차로안,승용,여,49세,상해없음,승용,남,38세,경상
2017102200100409,2017년 10월 22일 17시,일요일,충청북도 괴산군 소수면,경상사고,0,0,6,0,차대차 - 측면충돌,중앙선침범,건조,맑음,단일로 - 기타,승용,남,65세,상해없음,승용,남,40세,경상
2017102200100451,2017년 10월 22일 18시,일요일,충청북도 청주시 흥덕구 가경동,경상사고,0,0,5,0,차대차 - 기타,안전거리미확보,건조,맑음,단일로 - 기타,승합,남,64세,경상,화물,남,58세,상해없음
2017102200100452,2017년 10월 22일 18시,일요일,충청북도 청주시 상당구 용암동,경상사고,0,0,2,0,차대차 - 기타,안전운전불이행,건조,맑음,교차로 - 교차로부근,승용,남,49세,상해없음,승용,남,43세,경상
2017102200100453,2017년 10월 22일 18시,일요일,충청북도 청주시 상당구 문화동,경상사고,0,0,2,0,차대사람 - 횡단중,안전운전불이행,건조,맑음,단일로 - 기타,승용,남,53세,상해없음,보행자,여,51세,경상
2017102200100492,2017년 10월 22일 19시,일요일,충청북도 보은군 보은읍,경상사고,0,0,1,0,차대차 - 측면충돌,신호위반,건조,맑음,교차로 - 교차로안,화물,남,71세,상해없음,승용,남,51세,상해없음
2017102200100493,2017년 10월 22일 19시,일요일,충청북도 청주시 흥덕구 오송읍,중상사고,0,1,3,0,차대차 - 추돌,안전운전불이행,건조,맑음,교차로 - 교차로부근,승용,남,50세,상해없음,승용,여,43세,중상
2017102200100494,2017년 10월 22일 19시,일요일,충청북도 청주시 흥덕구 옥산면,중상사고,0,1,0,0,차대차 - 기타,교차로운행방법위반,건조,맑음,교차로 - 교차로안,원동기,남,43세,중상,승용,남,48세,상해없음
2017102200100548,2017년 10월 22일 21시,일요일,충청북도 청주시 청원구 오창읍,중상사고,0,1,0,0,차대사람 - 기타,안전운전불이행,건조,맑음,교차로 - 교차로안,승용,여,46세,상해없음,보행자,남,46세,중상
2017102200100549,2017년 10월 22일 21시,일요일,충청북도 충주시 안림동,중상사고,0,1,1,0,차대차 - 기타,안전운전불이행,건조,맑음,단일로 - 기타,승용,남,27세,상해없음,승용,여,51세,경상
2017102200100550,2017년 10월 22일 21시,일요일,충청북도 제천시 의림동,중상사고,0,1,1,0,차대사람 - 횡단중,안전운전불이행,건조,흐림,교차로 - 교차로부근,이륜,남,18세,중상,보행자,여,22세,경상
2017102200100587,2017년 10월 22일 23시,일요일,충청북도 충주시 연수동,중상사고,0,1,0,0,차대차 - 기타,교차로운행방법위반,건조,맑음,교차로 - 교차로안,화물,남,20세,상해없음,이륜,남,23세,중상
2017102200100588,2017년 10월 22일 23시,일요일,충청북도 청주시 흥덕구 봉명동,경상사고,0,0,1,0,차대차 - 측면충돌,안전거리미확보,건조,맑음,교차로 - 교차로안,승용,남,33세,상해없음,승용,남,53세,경상
2017102300100047,2017년 10월 23일 04시,월요일,충청북도 청주시 서원구 남이면,중상사고,0,2,0,0,차대차 - 추돌,안전운전불이행,건조,맑음,단일로 - 기타,화물,남,38세,상해없음,승용,남,26세,중상
2017102300100078,2017년 10월 23일 06시,월요일,충청북도 청주시 서원구 분평동,경상사고,0,0,1,0,차대차 - 기타,안전운전불이행,건조,맑음,단일로 - 기타,자전거,여,65세,경상,승용,남,61세,상해없음
2017102300100100,2017년 10월 23일 07시,월요일,충청북도 충주시 목행동,경상사고,0,0,1,0,차대차 - 기타,안전거리미확보,건조,맑음,단일로 - 기타,승용,남,46세,상해없음,승용,남,52세,경상
2017102300100101,2017년 10월 23일 07시,월요일,충청북도 증평군 증평읍,중상사고,0,1,2,0,차대차 - 측면충돌,안전운전불이행,건조,맑음,교차로 - 교차로안,승용,남,34세,경상,승용,남,59세,경상
2017102300100102,2017년 10월 23일 07시,월요일,충청북도 청주시 흥덕구 송정동,중상사고,0,1,2,0,차대차 - 측면충돌,안전운전불이행,건조,맑음,단일로 - 기타,승용,여,45세,중상,승용,남,36세,경상
2017102300100130,2017년 10월 23일 08시,월요일,충청북도 청주시 흥덕구 봉명동,부상신고사고,0,0,0,1,차대차 - 기타,교차로운행방법위반,건조,맑음,교차로 - 교차로부근,이륜,남,23세,부상신고,승용,여,46세,상해없음
2017102300100131,2017년 10월 23일 08시,월요일,충청북도 청주시 서원구 수곡동,경상사고,0,0,1,0,차대차 - 정면충돌,안전운전불이행,건조,맑음,교차로 - 교차로안,승용,여,48세,경상,승용,남,55세,상해없음
2017102300100181,2017년 10월 23일 09시,월요일,충청북도 청주시 흥덕구 가경동,경상사고,0,0,1,0,차대차 - 측면충돌,안전운전불이행,건조,맑음,단일로 - 기타,승용,여,37세,상해없음,승용,남,66세,상해없음
2017102300100205,2017년 10월 23일 10시,월요일,충청북도 청주시 서원구 죽림동,경상사고,0,0,2,0,차대차 - 추돌,안전거리미확보,건조,맑음,교차로 - 교차로부근,승용,여,38세,상해없음,승용,남,65세,경상
2017102300100240,2017년 10월 23일 11시,월요일,충청북도 충주시 용산동,경상사고,0,0,1,0,차대차 - 기타,직진우회전진행방해,건조,맑음,교차로 - 교차로안,자전거,여,67세,경상,승용,남,49세,상해없음
2017102300100241,2017년 10월 23일 11시,월요일,충청북도 괴산군 괴산읍,경상사고,0,0,4,0,차대차 - 정면충돌,중앙선침범,건조,맑음,단일로 - 기타,화물,남,74세,경상,승용,남,76세,경상
2017102300100299,2017년 10월 23일 13시,월요일,충청북도 영동군 영동읍,경상사고,0,0,1,0,차대차 - 기타,안전운전불이행,건조,맑음,교차로 - 교차로안,승용,남,48세,상해없음,자전거,남,68세,경상
2017102300100300,2017년 10월 23일 13시,월요일,충청북도 음성군 금왕읍,경상사고,0,0,1,0,차대차 - 추돌,안전운전불이행,건조,맑음,교차로 - 교차로부근,승용,남,26세,상해없음,승용,여,42세,경상
2017102300100336,2017년 10월 23일 14시,월요일,충청북도 진천군 이월면,경상사고,0,0,1,0,차대차 - 기타,차로위반,건조,맑음,단일로 - 기타,승용,여,19세,상해없음,승용,남,74세,경상
2017102300100337,2017년 10월 23일 14시,월요일,충청북도 청주시 상당구 남일면,중상사고,0,1,2,0,차대차 - 기타,안전운전불이행,건조,맑음,교차로 - 교차로안,승용,남,64세,경상,승용,남,54세,상해없음
2017102300100382,2017년 10월 23일 15시,월요일,충청북도 충주시 봉방동,중상사고,0,1,0,0,차대차 - 기타,안전운전불이행,건조,맑음,교차로 - 교차로안,승용,여,55세,상해없음,자전거,남,80세,중상
2017102300100383,2017년 10월 23일 15시,월요일,충청북도 제천시 청전동,경상사고,0,0,1,0,차대사람 - 기타,안전운전불이행,건조,맑음,교차로 - 교차로부근,기타불명,기타불명,미분류,기타불명,보행자,남,55세,경상
2017102300100384,2017년 10월 23일 15시,월요일,충청북도 진천군 진천읍,중상사고,0,1,0,0,차대차 - 측면충돌,안전운전불이행,건조,맑음,단일로 - 기타,이륜,남,67세,중상,이륜,남,66세,상해없음
2017102300100385,2017년 10월 23일 15시,월요일,충청북도 청주시 흥덕구 옥산면,경상사고,0,0,1,0,차대차 - 후진중충돌,안전운전불이행,건조,맑음,단일로 - 기타,승합,남,60세,상해없음,이륜,남,28세,경상
2017102300100428,2017년 10월 23일 16시,월요일,충청북도 음성군 대소면,경상사고,0,0,1,0,차대차 - 기타,안전운전불이행,건조,맑음,단일로 - 기타,화물,남,51세,상해없음,자전거,남,10세,경상
2017102300100467,2017년 10월 23일 17시,월요일,충청북도 영동군 심천면,중상사고,0,1,1,0,차대차 - 기타,안전운전불이행,건조,맑음,단일로 - 기타,화물,남,57세,상해없음,화물,남,26세,경상
2017102300100468,2017년 10월 23일 17시,월요일,충청북도 청주시 상당구 대성동,중상사고,0,1,0,0,차대차 - 기타,안전운전불이행,건조,맑음,교차로 - 교차로부근,승용,남,26세,상해없음,자전거,여,52세,중상
2017102300100469,2017년 10월 23일 17시,월요일,충청북도 괴산군 장연면,경상사고,0,0,2,0,차대차 - 추돌,안전운전불이행,건조,맑음,단일로 - 기타,승용,남,22세,상해없음,승용,남,48세,경상
2017102300100525,2017년 10월 23일 18시,월요일,충청북도 제천시 고암동,경상사고,0,0,2,0,차대차 - 추돌,안전운전불이행,건조,맑음,단일로 - 기타,승용,남,26세,경상,화물,남,42세,경상
2017102300100526,2017년 10월 23일 18시,월요일,충청북도 진천군 진천읍,중상사고,0,1,0,0,차대사람 - 기타,안전운전불이행,건조,맑음,단일로 - 기타,승용,여,56세,상해없음,보행자,여,86세,중상
2017102300100527,2017년 10월 23일 18시,월요일,충청북도 청주시 서원구 산남동,중상사고,0,3,5,1,차대차 - 기타,안전운전불이행,건조,맑음,단일로 - 기타,승합,남,36세,상해없음,특수,남,38세,경상
2017102300100587,2017년 10월 23일 19시,월요일,충청북도 청주시 청원구 내수읍,중상사고,0,1,1,0,차대차 - 추돌,안전운전불이행,건조,맑음,단일로 - 기타,승용,남,60세,경상,농기계,남,64세,중상
2017102300100588,2017년 10월 23일 19시,월요일,충청북도 충주시 중앙탑면,중상사고,0,1,0,0,차대차 - 기타,신호위반,건조,맑음,교차로 - 교차로안,승용,남,30세,상해없음,승용,남,76세,중상
2017102300100589,2017년 10월 23일 19시,월요일,충청북도 충주시 지현동,경상사고,0,0,1,0,차대차 - 기타,직진우회전진행방해,건조,맑음,교차로 - 교차로안,승용,여,63세,상해없음,이륜,남,40세,경상
2017102300100590,2017년 10월 23일 19시,월요일,충청북도 충주시 연수동,경상사고,0,0,1,0,차대차 - 기타,안전거리미확보,건조,맑음,교차로 - 교차로부근,승용,남,59세,상해없음,승용,여,39세,경상
2017102300100591,2017년 10월 23일 19시,월요일,충청북도 청주시 서원구 산남동,경상사고,0,0,1,0,차대차 - 추돌,안전운전불이행,건조,맑음,교차로 - 교차로부근,승용,여,56세,상해없음,승용,남,44세,경상
2017102300100663,2017년 10월 23일 21시,월요일,충청북도 청주시 흥덕구 운천동,부상신고사고,0,0,0,1,차대차 - 측면충돌,신호위반,건조,맑음,교차로 - 교차로안,승용,남,53세,상해없음,이륜,남,29세,부상신고
2017102300100664,2017년 10월 23일 21시,월요일,충청북도 청주시 상당구 용담동,경상사고,0,0,1,0,차대차 - 기타,안전운전불이행,건조,맑음,교차로 - 교차로부근,승용,남,29세,상해없음,승용,남,32세,경상
2017102300100691,2017년 10월 23일 22시,월요일,충청북도 청주시 청원구 주중동,중상사고,0,2,1,0,차대차 - 추돌,안전운전불이행,건조,맑음,교차로 - 교차로부근,승용,남,51세,경상,승용,남,44세,중상
2017102400100055,2017년 10월 24일 03시,화요일,충청북도 청주시 청원구 오창읍,중상사고,0,1,0,0,차량단독 - 기타,안전운전불이행,건조,맑음,단일로 - 기타,자전거,남,28세,중상,,,,
2017102400100060,2017년 10월 24일 04시,화요일,충청북도 청주시 청원구 주성동,중상사고,0,1,0,0,차대차 - 추돌,안전운전불이행,건조,맑음,단일로 - 기타,승용,남,36세,중상,승합,남,55세,상해없음
2017102400100075,2017년 10월 24일 05시,화요일,충청북도 진천군 초평면,사망사고,1,1,2,0,차대차 - 기타,안전운전불이행,건조,맑음,단일로 - 기타,승용,남,70세,상해없음,화물,남,52세,사망
2017102400100076,2017년 10월 24일 05시,화요일,충청북도 진천군 문백면,경상사고,0,0,1,0,차대차 - 추돌,안전운전불이행,건조,맑음,단일로 - 기타,승용,남,78세,상해없음,화물,남,43세,경상
2017102400100090,2017년 10월 24일 06시,화요일,충청북도 청주시 서원구 사창동,중상사고,0,1,0,0,차대사람 - 횡단중,안전운전불이행,건조,맑음,교차로 - 교차로부근,승용,남,37세,상해없음,보행자,남,90세 이상,중상
2017102400100110,2017년 10월 24일 07시,화요일,충청북도 음성군 소이면,중상사고,0,1,0,0,차대사람 - 기타,안전운전불이행,건조,흐림,단일로 - 기타,화물,남,59세,상해없음,보행자,여,62세,중상
2017102400100111,2017년 10월 24일 07시,화요일,충청북도 옥천군 옥천읍,중상사고,0,1,0,0,차대차 - 기타,교차로운행방법위반,건조,맑음,교차로 - 교차로안,승용,남,46세,상해없음,자전거,여,69세,중상
2017102400100147,2017년 10월 24일 08시,화요일,충청북도 충주시 연수동,경상사고,0,0,1,0,차대차 - 기타,안전운전불이행,건조,맑음,단일로 - 기타,승용,남,55세,상해없음,승용,여,54세,경상
2017102400100148,2017년 10월 24일 08시,화요일,충청북도 음성군 맹동면,중상사고,0,4,2,0,차대차 - 측면충돌,교차로운행방법위반,건조,맑음,교차로 - 교차로안,승합,남,49세,경상,화물,남,57세,중상
2017102400100187,2017년 10월 24일 09시,화요일,충청북도 충주시 칠금동,경상사고,0,0,1,0,차대차 - 기타,직진우회전진행방해,건조,맑음,교차로 - 교차로안,승용,여,61세,상해없음,자전거,남,72세,경상
2017102400100188,2017년 10월 24일 09시,화요일,충청북도 영동군 학산면,경상사고,0,0,2,4,차대차 - 측면충돌,신호위반,건조,맑음,교차로 - 교차로안,승용,남,76세,상해없음,승용,남,84세,경상
2017102400100233,2017년 10월 24일 10시,화요일,충청북도 청주시 청원구 내수읍,중상사고,0,1,0,0,차대사람 - 횡단중,보행자보호의무위반,건조,맑음,교차로 - 교차로횡단보도내,승용,남,27세,상해없음,보행자,남,87세,중상