사고번호,사고일시,요일,시군구,사고내용,사망자수,중상자수,경상자수,부상신고자수,사고유형,법규위반,노면상태,기상상태,도로형태,가해운전자 차종,가해운전자 성별,가해운전자 연령,가해운전자 상해정도,피해운전자 차종,피해운전자 성별,피해운전자 연령,피해운전자 상해정도
2017102400100234,2017년 10월 24일 10시,화요일,충청북도 제천시 장락동,중상사고,0,1,0,0,차대차 - 측면충돌,신호위반,건조,맑음,교차로 - 교차로부근,화물,남,65세,상해없음,승용,여,34세,중상
2017102400100256,2017년 10월 24일 11시,화요일,충청북도 청주시 상당구 석교동,경상사고,0,0,1,0,차대사람 - 기타,안전운전불이행,건조,맑음,단일로 - 기타,기타불명,여,55세,상해없음,보행자,여,61세,경상
2017102400100289,2017년 10월 24일 12시,화요일,충청북도 제천시 신월동,사망사고,1,1,0,0,차대차 - 측면충돌,중앙선침범,건조,맑음,교차로 - 교차로안,원동기,남,81세,중상,화물,남,56세,상해없음
2017102400100422,2017년 10월 24일 16시,화요일,충청북도 청주시 흥덕구 봉명동,중상사고,0,1,0,0,차대차 - 기타,안전운전불이행,건조,맑음,교차로 - 교차로안,기타불명,기타불명,미분류,기타불명,자전거,남,12세,중상
2017102400100423,2017년 10월 24일 16시,화요일,충청북도 청주시 상당구 가덕면,사망사고,1,0,0,0,차대사람 - 길가장자리구역통행중,안전운전불이행,건조,맑음,단일로 - 기타,화물,여,74세,상해없음,보행자,남,80세,사망
2017102400100462,2017년 10월 24일 17시,화요일,충청북도 청주시 청원구 내덕동,경상사고,0,0,1,0,차대사람 - 기타,교차로운행방법위반,건조,맑음,교차로 - 교차로부근,승용,남,56세,상해없음,보행자,여,59세,경상
2017102400100463,2017년 10월 24일 17시,화요일,충청북도 청주시 청원구 사천동,경상사고,0,0,1,0,차대차 - 추돌,안전운전불이행,건조,맑음,단일로 - 기타,승용,남,27세,상해없음,승용,남,37세,경상
2017102400100511,2017년 10월 24일 18시,화요일,충청북도 괴산군 괴산읍,중상사고,0,1,0,0,차대차 - 추돌,안전운전불이행,건조,흐림,단일로 - 기타,승용,남,21세,상해없음,농기계,남,52세,중상
2017102400100573,2017년 10월 24일 19시,화요일,충청북도 청주시 흥덕구 복대동,경상사고,0,0,1,0,차대차 - 기타,신호위반,건조,맑음,교차로 - 교차로안,승용,여,43세,상해없음,승용,여,59세,경상
2017102400100608,2017년 10월 24일 20시,화요일,충청북도 제천시 산곡동,경상사고,0,0,1,0,차대차 - 추돌,안전운전불이행,건조,맑음,교차로 - 교차로부근,승용,남,69세,상해없음,승용,남,27세,경상
2017102400100639,2017년 10월 24일 21시,화요일,충청북도 청주시 흥덕구 향정동,경상사고,0,0,2,0,차대차 - 기타,안전운전불이행,건조,맑음,교차로 - 교차로안,승용,남,38세,상해없음,승용,남,49세,경상
2017102400100674,2017년 10월 24일 22시,화요일,충청북도 청주시 흥덕구 향정동,경상사고,0,0,1,0,차대차 - 기타,안전운전불이행,건조,맑음,교차로 - 교차로안,승용,여,35세,상해없음,승용,남,39세,경상
2017102400100709,2017년 10월 24일 23시,화요일,충청북도 충주시 용산동,부상신고사고,0,0,0,1,차대차 - 기타,안전운전불이행,건조,맑음,교차로 - 교차로부근,승용,여,51세,부상신고,승용,남,41세,상해없음
2017102400100710,2017년 10월 24일 23시,화요일,충청북도 제천시 고명동,경상사고,0,0,1,0,차대차 - 측면충돌,안전운전불이행,건조,맑음,기타 - 기타,승용,남,32세,경상,화물,남,34세,기타불명
2017102400100711,2017년 10월 24일 23시,화요일,충청북도 제천시 봉양읍,경상사고,0,0,1,0,차대차 - 측면충돌,안전거리미확보,건조,맑음,단일로 - 기타,승용,남,29세,상해없음,승용,남,42세,경상
2017102500100034,2017년 10월 25일 00시,수요일,충청북도 제천시 송학면,중상사고,0,1,0,0,차대차 - 추돌,안전운전불이행,건조,맑음,단일로 - 기타,특수,남,48세,상해없음,자전거,남,38세,중상
2017102500100039,2017년 10월 25일 01시,수요일,충청북도 청주시 청원구 사천동,경상사고,0,0,1,0,차대차 - 추돌,안전운전불이행,건조,맑음,단일로 - 기타,이륜,남,22세,경상,승용,남,58세,상해없음
2017102500100059,2017년 10월 25일 03시,수요일,충청북도 청주시 흥덕구 복대동,경상사고,0,0,1,1,차대차 - 기타,불법유턴,건조,맑음,교차로 - 교차로안,화물,남,15세,상해없음,승용,남,25세,경상
2017102500100071,2017년 10월 25일 05시,수요일,충청북도 충주시 살미면,사망사고,1,0,0,0,차대사람 - 횡단중,안전운전불이행,젖음/습기,안개,단일로 - 기타,승용,남,41세,상해없음,보행자,남,83세,사망
2017102500100087,2017년 10월 25일 06시,수요일,충청북도 청주시 흥덕구 오송읍,중상사고,0,1,0,0,차대차 - 기타,중앙선침범,건조,맑음,교차로 - 교차로부근,승용,남,59세,상해없음,이륜,남,43세,중상
2017102500100102,2017년 10월 25일 07시,수요일,충청북도 청주시 청원구 율량동,경상사고,0,0,2,0,차대차 - 기타,교차로운행방법위반,건조,맑음,교차로 - 교차로안,승용,남,49세,경상,승용,여,24세,경상
2017102500100103,2017년 10월 25일 07시,수요일,충청북도 옥천군 옥천읍,경상사고,0,0,3,0,차대차 - 기타,안전거리미확보,젖음/습기,안개,단일로 - 기타,승용,남,46세,경상,승용,남,57세,경상
2017102500100104,2017년 10월 25일 07시,수요일,충청북도 청주시 흥덕구 신봉동,경상사고,0,0,1,0,차대차 - 기타,안전운전불이행,건조,맑음,단일로 - 기타,자전거,남,37세,경상,화물,남,29세,상해없음
2017102500100148,2017년 10월 25일 08시,수요일,충청북도 청주시 청원구 우암동,중상사고,0,1,0,0,차대차 - 측면충돌,안전거리미확보,건조,맑음,교차로 - 교차로안,승용,남,80세,상해없음,자전거,남,73세,중상
2017102500100149,2017년 10월 25일 08시,수요일,충청북도 청주시 청원구 내덕동,경상사고,0,0,1,0,차대사람 - 기타,안전운전불이행,건조,맑음,교차로 - 교차로안,승용,여,34세,상해없음,보행자,남,19세,경상
2017102500100150,2017년 10월 25일 08시,수요일,충청북도 청주시 서원구 산남동,경상사고,0,0,1,0,차대사람 - 보도통행중,기타,건조,맑음,기타 - 기타,개인형이동수단(PM),여,60세,상해없음,보행자,남,23세,경상
2017102500100193,2017년 10월 25일 09시,수요일,충청북도 충주시 봉방동,중상사고,0,1,0,0,차대사람 - 기타,안전운전불이행,건조,맑음,단일로 - 기타,승용,남,32세,상해없음,보행자,여,56세,중상
2017102500100194,2017년 10월 25일 09시,수요일,충청북도 청주시 서원구 모충동,경상사고,0,0,2,0,차대차 - 기타,안전운전불이행,건조,맑음,단일로 - 기타,승합,남,61세,경상,승합,남,39세,경상
2017102500100233,2017년 10월 25일 10시,수요일,충청북도 괴산군 괴산읍,경상사고,0,0,4,0,차대차 - 측면충돌,안전운전불이행,건조,맑음,교차로 - 교차로안,승용,남,76세,경상,승용,남,75세,경상
2017102500100234,2017년 10월 25일 10시,수요일,충청북도 보은군 산외면,사망사고,1,0,0,0,차대차 - 측면충돌,교차로운행방법위반,건조,맑음,교차로 - 교차로안,이륜,남,82세,사망,화물,남,52세,상해없음
2017102500100305,2017년 10월 25일 12시,수요일,충청북도 청주시 서원구 사직동,중상사고,0,1,0,0,차대차 - 기타,안전거리미확보,건조,맑음,교차로 - 교차로부근,승용,남,45세,상해없음,화물,남,51세,중상
2017102500100306,2017년 10월 25일 12시,수요일,충청북도 충주시 살미면,중상사고,0,1,2,0,차대차 - 기타,안전운전불이행,건조,맑음,기타 - 기타,승용,남,37세,경상,화물,남,59세,중상
2017102500100308,2017년 10월 25일 12시,수요일,충청북도 청주시 흥덕구 석소동,경상사고,0,0,1,0,차대차 - 측면충돌,안전운전불이행,건조,맑음,단일로 - 기타,승용,남,22세,상해없음,화물,남,40세,경상
2017102500100331,2017년 10월 25일 13시,수요일,충청북도 충주시 교현동,경상사고,0,0,1,0,차대차 - 측면충돌,안전거리미확보,건조,맑음,단일로 - 기타,승용,남,43세,상해없음,승용,남,69세,경상
2017102500100332,2017년 10월 25일 13시,수요일,충청북도 청주시 흥덕구 복대동,경상사고,0,0,1,0,차대차 - 기타,교차로운행방법위반,건조,맑음,교차로 - 교차로안,화물,남,52세,상해없음,승용,여,24세,경상
2017102500100333,2017년 10월 25일 13시,수요일,충청북도 충주시 노은면,경상사고,0,0,1,0,차대차 - 추돌,안전거리미확보,건조,맑음,기타 - 기타,화물,남,52세,상해없음,화물,남,54세,경상
2017102500100368,2017년 10월 25일 14시,수요일,충청북도 청주시 흥덕구 송정동,경상사고,0,0,1,0,차대차 - 측면충돌,중앙선침범,건조,맑음,단일로 - 기타,승용,남,53세,상해없음,화물,남,39세,경상
2017102500100404,2017년 10월 25일 15시,수요일,충청북도 청주시 청원구 내덕동,중상사고,0,1,1,0,차대차 - 기타,신호위반,건조,맑음,교차로 - 교차로안,승용,남,64세,상해없음,승용,남,55세,경상
2017102500100405,2017년 10월 25일 15시,수요일,충청북도 충주시 산척면,중상사고,0,1,0,0,차대차 - 추돌,신호위반,건조,맑음,교차로 - 교차로안,화물,남,62세,상해없음,승용,여,57세,중상
2017102500100406,2017년 10월 25일 15시,수요일,충청북도 충주시 중앙탑면,중상사고,0,1,1,0,차대차 - 추돌,안전거리미확보,건조,맑음,단일로 - 기타,승용,남,23세,상해없음,승용,여,53세,경상
2017102500100407,2017년 10월 25일 15시,수요일,충청북도 제천시 영천동,경상사고,0,0,2,0,차대차 - 추돌,안전거리미확보,건조,맑음,기타 - 기타,승용,여,53세,상해없음,승용,남,59세,경상
2017102500100408,2017년 10월 25일 15시,수요일,충청북도 청주시 상당구 영운동,경상사고,0,0,1,0,차대차 - 기타,교차로운행방법위반,건조,맑음,교차로 - 교차로안,승합,남,41세,경상,화물,남,58세,상해없음
2017102500100409,2017년 10월 25일 15시,수요일,충청북도 청주시 상당구 남일면,중상사고,0,1,1,0,차량단독 - 공작물충돌,안전운전불이행,건조,맑음,단일로 - 기타,승용,남,61세,경상,,,,
2017102500100442,2017년 10월 25일 16시,수요일,충청북도 청주시 서원구 사직동,경상사고,0,0,1,0,차대차 - 정면충돌,안전운전불이행,건조,맑음,교차로 - 교차로안,승용,남,48세,상해없음,이륜,남,43세,경상
2017102500100488,2017년 10월 25일 17시,수요일,충청북도 옥천군 옥천읍,중상사고,0,1,0,0,차대차 - 측면충돌,안전운전불이행,건조,맑음,교차로 - 교차로안,원동기,여,66세,중상,화물,남,66세,상해없음
2017102500100548,2017년 10월 25일 18시,수요일,충청북도 청주시 청원구 외평동,중상사고,0,1,0,0,차대차 - 기타,안전운전불이행,건조,맑음,교차로 - 교차로부근,승용,여,33세,상해없음,승용,여,39세,중상
2017102500100549,2017년 10월 25일 18시,수요일,충청북도 진천군 진천읍,경상사고,0,0,1,0,차대차 - 측면충돌,안전운전불이행,건조,맑음,교차로 - 교차로부근,승용,남,54세,상해없음,자전거,여,50세,경상
2017102500100550,2017년 10월 25일 18시,수요일,충청북도 청주시 상당구 금천동,경상사고,0,0,1,0,차대차 - 기타,안전운전불이행,건조,맑음,단일로 - 기타,승용,남,45세,상해없음,승용,여,57세,경상
2017102500100608,2017년 10월 25일 19시,수요일,충청북도 청주시 청원구 오창읍,경상사고,0,0,1,0,차대차 - 측면충돌,안전거리미확보,건조,맑음,교차로 - 교차로부근,승용,여,36세,상해없음,승용,남,33세,경상
2017102500100647,2017년 10월 25일 20시,수요일,충청북도 청주시 청원구 내덕동,경상사고,0,0,1,0,차대차 - 기타,안전거리미확보,건조,맑음,단일로 - 기타,이륜,여,20세,경상,승용,남,57세,상해없음
2017102500100648,2017년 10월 25일 20시,수요일,충청북도 청주시 흥덕구 신봉동,경상사고,0,0,1,0,차대사람 - 기타,안전운전불이행,건조,맑음,단일로 - 기타,승용,남,50세,상해없음,보행자,남,10세,경상
2017102500100649,2017년 10월 25일 20시,수요일,충청북도 청주시 서원구 모충동,경상사고,0,0,1,0,차대사람 - 기타,안전운전불이행,건조,맑음,단일로 - 기타,승용,남,47세,상해없음,보행자,남,23세,경상
2017102500100678,2017년 10월 25일 21시,수요일,충청북도 제천시 강제동,중상사고,0,1,0,0,차대사람 - 길가장자리구역통행중,안전운전불이행,건조,맑음,기타 - 기타,승용,남,35세,상해없음,보행자,여,63세,중상
2017102500100679,2017년 10월 25일 21시,수요일,충청북도 음성군 삼성면,중상사고,0,1,0,0,차량단독 - 공작물충돌,안전운전불이행,건조,맑음,단일로 - 기타,승용,여,49세,중상,,,,
2017102500100708,2017년 10월 25일 22시,수요일,충청북도 단양군 단양읍,경상사고,0,0,2,0,차대차 - 기타,직진우회전진행방해,건조,맑음,교차로 - 교차로안,승용,남,74세,상해없음,승용,남,42세,경상
2017102500100709,2017년 10월 25일 22시,수요일,충청북도 청주시 흥덕구 복대동,경상사고,0,0,1,0,차대차 - 기타,안전운전불이행,건조,맑음,단일로 - 기타,승용,남,56세,상해없음,승용,남,29세,경상
2017102500100741,2017년 10월 25일 23시,수요일,충청북도 청주시 청원구 북이면,경상사고,0,0,1,0,차대차 - 추돌,안전운전불이행,건조,맑음,교차로 - 교차로부근,승용,여,37세,상해없음,승용,남,46세,경상
2017102500100742,2017년 10월 25일 23시,수요일,충청북도 청주시 흥덕구 봉명동,경상사고,0,0,1,0,차대차 - 기타,안전운전불이행,건조,맑음,교차로 - 교차로부근,승용,남,43세,상해없음,승용,남,35세,경상
2017102600100034,2017년 10월 26일 01시,목요일,충청북도 증평군 증평읍,경상사고,0,0,1,1,차량단독 - 공작물충돌,안전운전불이행,건조,맑음,교차로 - 교차로안,이륜,남,19세,부상신고,,,,
2017102600100035,2017년 10월 26일 01시,목요일,충청북도 음성군 대소면,경상사고,0,0,1,0,차대사람 - 기타,안전운전불이행,건조,맑음,교차로 - 교차로안,화물,남,57세,상해없음,보행자,남,21세,경상
2017102600100048,2017년 10월 26일 02시,목요일,충청북도 제천시 명지동,사망사고,1,0,0,0,차량단독 - 기타,안전운전불이행,건조,맑음,단일로 - 기타,승용,여,43세,사망,,,,
2017102600100132,2017년 10월 26일 08시,목요일,충청북도 청주시 흥덕구 오송읍,경상사고,0,0,1,1,차대차 - 기타,교차로운행방법위반,건조,맑음,교차로 - 교차로안,승용,남,55세,부상신고,승용,여,42세,경상
2017102600100133,2017년 10월 26일 08시,목요일,충청북도 청주시 흥덕구 오송읍,부상신고사고,0,0,0,1,차대차 - 측면충돌,교차로운행방법위반,건조,맑음,교차로 - 교차로안,자전거,남,9세,부상신고,승용,여,31세,상해없음
2017102600100164,2017년 10월 26일 09시,목요일,충청북도 증평군 증평읍,경상사고,0,0,4,0,차대차 - 추돌,안전운전불이행,건조,맑음,단일로 - 기타,승용,남,46세,경상,승용,남,28세,경상
2017102600100189,2017년 10월 26일 10시,목요일,충청북도 충주시 칠금동,경상사고,0,0,3,0,차대차 - 기타,교차로운행방법위반,건조,맑음,교차로 - 교차로안,승용,남,44세,경상,승용,남,49세,경상
2017102600100219,2017년 10월 26일 11시,목요일,충청북도 청주시 상당구 가덕면,경상사고,0,0,1,0,차대차 - 측면충돌,교차로운행방법위반,건조,맑음,교차로 - 교차로안,승용,여,75세,경상,승용,남,66세,상해없음
2017102600100276,2017년 10월 26일 13시,목요일,충청북도 청주시 상당구 금천동,중상사고,0,1,0,0,차대사람 - 길가장자리구역통행중,안전운전불이행,건조,맑음,단일로 - 기타,승용,여,37세,상해없음,보행자,여,60세,중상
2017102600100307,2017년 10월 26일 14시,목요일,충청북도 제천시 금성면,중상사고,0,1,1,0,차대차 - 기타,안전운전불이행,건조,맑음,단일로 - 기타,승용,남,77세,경상,승용,여,58세,중상
2017102600100348,2017년 10월 26일 15시,목요일,충청북도 청주시 서원구 사창동,경상사고,0,0,1,0,차대차 - 기타,안전거리미확보,건조,맑음,교차로 - 교차로부근,승용,남,62세,상해없음,승용,여,36세,경상
2017102600100349,2017년 10월 26일 15시,목요일,충청북도 영동군 추풍령면,중상사고,0,1,0,0,차량단독 - 기타,안전운전불이행,건조,맑음,단일로 - 기타,이륜,남,67세,중상,,,,
2017102600100464,2017년 10월 26일 18시,목요일,충청북도 영동군 매곡면,중상사고,0,1,0,0,차대사람 - 길가장자리구역통행중,안전운전불이행,건조,맑음,단일로 - 기타,화물,남,57세,상해없음,보행자,여,78세,중상
2017102600100465,2017년 10월 26일 18시,목요일,충청북도 증평군 증평읍,중상사고,0,1,0,0,차대차 - 측면충돌,안전운전불이행,건조,맑음,단일로 - 기타,이륜,여,52세,중상,이륜,남,17세,상해없음
2017102600100466,2017년 10월 26일 18시,목요일,충청북도 청주시 상당구 용암동,경상사고,0,0,1,0,차대차 - 추돌,안전운전불이행,건조,맑음,단일로 - 기타,화물,남,29세,상해없음,승용,남,47세,경상
2017102600100467,2017년 10월 26일 18시,목요일,충청북도 청주시 상당구 금천동,경상사고,0,0,1,0,차대차 - 기타,안전운전불이행,건조,맑음,교차로 - 교차로안,화물,남,50세,상해없음,승용,여,31세,경상
2017102600100468,2017년 10월 26일 18시,목요일,충청북도 청주시 서원구 산남동,경상사고,0,0,1,0,차대차 - 측면충돌,안전운전불이행,건조,맑음,단일로 - 기타,승용,여,35세,상해없음,승용,여,28세,경상
2017102600100527,2017년 10월 26일 19시,목요일,충청북도 청주시 서원구 사창동,중상사고,0,1,0,0,차대차 - 측면충돌,신호위반,건조,맑음,교차로 - 교차로안,이륜,남,70세,상해없음,승용,남,40세,상해없음
2017102600100528,2017년 10월 26일 19시,목요일,충청북도 청주시 청원구 오창읍,중상사고,0,1,0,0,차대차 - 추돌,안전운전불이행,건조,맑음,교차로 - 교차로부근,승용,남,61세,상해없음,이륜,남,17세,중상
2017102600100529,2017년 10월 26일 19시,목요일,충청북도 제천시 영천동,경상사고,0,0,2,0,차대차 - 측면충돌,안전운전불이행,건조,맑음,교차로 - 교차로안,승용,여,57세,경상,승용,여,27세,경상
2017102600100564,2017년 10월 26일 20시,목요일,충청북도 단양군 단양읍,경상사고,0,0,1,0,차대차 - 추돌,안전운전불이행,건조,맑음,단일로 - 기타,승용,남,50세,상해없음,승용,남,31세,경상
2017102600100592,2017년 10월 26일 21시,목요일,충청북도 청주시 상당구 북문로2가동,경상사고,0,0,2,0,차대사람 - 기타,안전운전불이행,건조,맑음,단일로 - 기타,원동기,남,19세,경상,보행자,남,20세,경상
2017102600100593,2017년 10월 26일 21시,목요일,충청북도 충주시 중앙탑면,사망사고,1,1,0,0,차대차 - 추돌,안전운전불이행,건조,맑음,단일로 - 기타,화물,남,57세,사망,특수,남,46세,중상
2017102600100615,2017년 10월 26일 22시,목요일,충청북도 청주시 흥덕구 복대동,중상사고,0,1,0,0,차대차 - 기타,안전운전불이행,건조,맑음,단일로 - 기타,자전거,남,13세,중상,화물,남,48세,기타불명
2017102700100032,2017년 10월 27일 00시,금요일,충청북도 청주시 청원구 내덕동,경상사고,0,0,2,0,차대사람 - 횡단중,보행자보호의무위반,건조,맑음,단일로 - 기타,이륜,남,16세,경상,보행자,여,23세,경상
2017102700100033,2017년 10월 27일 00시,금요일,충청북도 청주시 상당구 석교동,중상사고,0,1,2,0,차대차 - 기타,신호위반,건조,맑음,교차로 - 교차로안,승용,남,28세,상해없음,승용,남,27세,중상
2017102700100077,2017년 10월 27일 06시,금요일,충청북도 충주시 안림동,부상신고사고,0,0,0,1,차대차 - 기타,안전운전불이행,건조,맑음,단일로 - 기타,자전거,여,57세,부상신고,승합,남,59세,상해없음
2017102700100078,2017년 10월 27일 06시,금요일,충청북도 청주시 흥덕구 신전동,경상사고,0,0,2,0,차대차 - 추돌,안전거리미확보,건조,맑음,교차로 - 교차로부근,승용,남,49세,상해없음,승용,남,74세,경상
2017102700100102,2017년 10월 27일 07시,금요일,충청북도 청주시 흥덕구 강서동,경상사고,0,0,2,0,차대차 - 측면충돌,안전운전불이행,건조,맑음,교차로 - 교차로안,승용,남,60세,상해없음,승용,남,60세,경상
2017102700100149,2017년 10월 27일 08시,금요일,충청북도 단양군 단양읍,경상사고,0,0,1,0,차대사람 - 횡단중,안전운전불이행,건조,맑음,단일로 - 기타,승용,남,44세,상해없음,보행자,여,13세,경상
2017102700100150,2017년 10월 27일 08시,금요일,충청북도 청주시 상당구 탑동,경상사고,0,0,2,0,차대차 - 기타,안전운전불이행,건조,맑음,교차로 - 교차로부근,승용,남,84세,상해없음,승용,남,19세,경상
2017102700100268,2017년 10월 27일 11시,금요일,충청북도 청주시 서원구 현도면,경상사고,0,0,1,0,차대차 - 기타,안전거리미확보,건조,맑음,단일로 - 기타,승용,여,57세,상해없음,승용,남,67세,경상
2017102700100269,2017년 10월 27일 11시,금요일,충청북도 청주시 서원구 분평동,경상사고,0,0,1,0,차대차 - 추돌,안전운전불이행,건조,맑음,단일로 - 기타,이륜,남,43세,경상,승용,여,54세,상해없음
2017102700100297,2017년 10월 27일 12시,금요일,충청북도 충주시 주덕읍,경상사고,0,0,1,0,차대차 - 추돌,신호위반,건조,맑음,교차로 - 교차로안,승용,남,59세,상해없음,화물,남,58세,경상
2017102700100298,2017년 10월 27일 12시,금요일,충청북도 음성군 원남면,중상사고,0,1,0,0,차대차 - 기타,차로위반,건조,맑음,단일로 - 기타,승용,남,53세,상해없음,승용,남,25세,중상
2017102700100332,2017년 10월 27일 13시,금요일,충청북도 청주시 상당구 북문로3가동,경상사고,0,0,1,0,차대차 - 기타,교차로운행방법위반,건조,맑음,교차로 - 교차로부근,원동기,남,90세 이상,경상,승용,여,32세,상해없음
2017102700100333,2017년 10월 27일 13시,금요일,충청북도 옥천군 이원면,경상사고,0,0,2,0,차대차 - 기타,안전운전불이행,건조,맑음,교차로 - 교차로부근,승용,남,69세,경상,승용,여,25세,경상
2017102700100370,2017년 10월 27일 14시,금요일,충청북도 충주시 산척면,중상사고,0,1,2,0,차대차 - 기타,직진우회전진행방해,건조,맑음,교차로 - 교차로안,승용,남,60세,경상,화물,남,70세,중상
2017102700100371,2017년 10월 27일 14시,금요일,충청북도 청주시 서원구 남이면,경상사고,0,0,1,0,차대차 - 기타,안전운전불이행,건조,맑음,단일로 - 기타,특수,남,39세,상해없음,승용,남,47세,경상
2017102700100372,2017년 10월 27일 14시,금요일,충청북도 청주시 서원구 분평동,경상사고,0,0,3,0,차대차 - 기타,안전거리미확보,건조,맑음,교차로 - 교차로부근,승용,남,42세,경상,승용,여,61세,경상
2017102700100409,2017년 10월 27일 15시,금요일,충청북도 보은군 보은읍,경상사고,0,0,6,0,차대차 - 추돌,안전운전불이행,건조,맑음,단일로 - 기타,화물,남,59세,상해없음,승용,남,42세,경상
2017102700100410,2017년 10월 27일 15시,금요일,충청북도 음성군 음성읍,중상사고,0,1,0,0,차대차 - 측면충돌,안전운전불이행,건조,맑음,단일로 - 기타,화물,남,63세,상해없음,승용,여,65세,중상
2017102700100450,2017년 10월 27일 16시,금요일,충청북도 증평군 증평읍,중상사고,0,1,0,0,차대차 - 측면충돌,안전운전불이행,건조,맑음,단일로 - 기타,승용,남,64세,상해없음,자전거,여,54세,중상
2017102700100451,2017년 10월 27일 16시,금요일,충청북도 옥천군 옥천읍,경상사고,0,0,1,0,차대차 - 측면충돌,신호위반,건조,맑음,교차로 - 교차로안,원동기,남,88세,경상,승합,남,56세,상해없음
2017102700100452,2017년 10월 27일 16시,금요일,충청북도 청주시 상당구 용암동,경상사고,0,0,2,0,차대차 - 기타,안전운전불이행,건조,맑음,단일로 - 기타,승용,여,46세,경상,승용,여,59세,경상
2017102700100494,2017년 10월 27일 17시,금요일,충청북도 청주시 청원구 내덕동,경상사고,0,0,1,0,차대차 - 기타,안전운전불이행,건조,맑음,단일로 - 기타,화물,남,68세,상해없음,이륜,남,25세,경상
2017102700100495,2017년 10월 27일 17시,금요일,충청북도 청주시 청원구 오창읍,경상사고,0,0,1,0,차대차 - 기타,기타,건조,맑음,기타 - 기타,승용,남,71세,경상,승용,남,38세,상해없음
2017102700100550,2017년 10월 27일 18시,금요일,충청북도 청주시 청원구 내수읍,경상사고,0,0,2,0,차대차 - 기타,안전운전불이행,건조,맑음,교차로 - 교차로부근,화물,남,58세,상해없음,승용,여,25세,경상
2017102700100551,2017년 10월 27일 18시,금요일,충청북도 제천시 의림동,중상사고,0,1,1,0,차대차 - 기타,안전운전불이행,건조,맑음,교차로 - 교차로부근,승용,남,58세,상해없음,승용,남,28세,상해없음
2017102700100552,2017년 10월 27일 18시,금요일,충청북도 영동군 황간면,중상사고,0,1,3,0,차대차 - 추돌,안전운전불이행,건조,맑음,단일로 - 기타,승용,남,50세,중상,승용,남,27세,경상
2017102700100553,2017년 10월 27일 18시,금요일,충청북도 청주시 흥덕구 가경동,경상사고,0,0,1,0,차대차 - 기타,교차로운행방법위반,건조,맑음,교차로 - 교차로안,승용,남,57세,상해없음,이륜,남,20세,경상
2017102700100624,2017년 10월 27일 19시,금요일,충청북도 증평군 증평읍,중상사고,0,1,0,0,차대차 - 정면충돌,신호위반,건조,흐림,교차로 - 교차로안,화물,남,57세,상해없음,승용,남,57세,중상
2017102700100625,2017년 10월 27일 19시,금요일,충청북도 괴산군 청천면,중상사고,0,1,1,1,차량단독 - 공작물충돌,안전운전불이행,건조,맑음,단일로 - 기타,화물,남,60세,부상신고,,,,
2017102700100626,2017년 10월 27일 19시,금요일,충청북도 음성군 금왕읍,경상사고,0,0,1,0,차대차 - 추돌,안전운전불이행,건조,맑음,단일로 - 기타,승용,남,38세,상해없음,승용,남,54세,상해없음
2017102700100682,2017년 10월 27일 20시,금요일,충청북도 청주시 상당구 영동,경상사고,0,0,3,0,차대차 - 측면충돌,차로위반,건조,맑음,교차로 - 교차로부근,이륜,남,57세,기타불명,승용,여,61세,경상
2017102700100683,2017년 10월 27일 20시,금요일,충청북도 청주시 서원구 분평동,경상사고,0,0,1,0,차대차 - 기타,기타,건조,맑음,단일로 - 기타,승용,남,56세,상해없음,원동기,남,44세,경상
2017102700100684,2017년 10월 27일 20시,금요일,충청북도 청주시 상당구 용담동,경상사고,0,0,1,0,차대차 - 측면충돌,안전운전불이행,건조,맑음,단일로 - 기타,화물,남,34세,상해없음,승용,남,36세,경상
2017102700100720,2017년 10월 27일 21시,금요일,충청북도 청주시 서원구 남이면,경상사고,0,0,1,0,차대차 - 측면충돌,안전운전불이행,건조,맑음,단일로 - 기타,화물,남,40세,상해없음,승용,남,36세,경상
2017102700100792,2017년 10월 27일 23시,금요일,충청북도 청주시 상당구 영운동,경상사고,0,0,3,0,차대차 - 측면충돌,신호위반,건조,맑음,교차로 - 교차로안,승합,남,70세,상해없음,승용,남,37세,경상
2017102800100029,2017년 10월 28일 00시,토요일,충청북도 청주시 흥덕구 복대동,경상사고,0,0,1,0,차대차 - 기타,안전운전불이행,건조,맑음,단일로 - 기타,승용,남,38세,상해없음,기타불명,남,48세,경상
2017102800100051,2017년 10월 28일 01시,토요일,충청북도 청주시 상당구 용암동,중상사고,0,1,0,0,차대차 - 기타,안전운전불이행,건조,맑음,단일로 - 기타,승용,남,37세,상해없음,자전거,여,62세,중상
2017102800100077,2017년 10월 28일 03시,토요일,충청북도 영동군 용산면,중상사고,0,1,0,0,차량단독 - 공작물충돌,안전운전불이행,건조,맑음,교차로 - 교차로안,승용,남,39세,중상,,,,