사고번호,사고일시,요일,시군구,사고내용,사망자수,중상자수,경상자수,부상신고자수,사고유형,법규위반,노면상태,기상상태,도로형태,가해운전자 차종,가해운전자 성별,가해운전자 연령,가해운전자 상해정도,피해운전자 차종,피해운전자 성별,피해운전자 연령,피해운전자 상해정도
2017111500100349,2017년 11월 15일 14시,수요일,충청북도 충주시 용산동,경상사고,0,0,1,0,차대차 - 추돌,안전운전불이행,건조,흐림,교차로 - 교차로부근,승용,남,59세,상해없음,승용,여,41세,경상
2017111500100350,2017년 11월 15일 14시,수요일,충청북도 충주시 교현동,경상사고,0,0,1,0,차대사람 - 기타,안전운전불이행,건조,맑음,단일로 - 기타,승용,남,39세,상해없음,보행자,남,13세,경상
2017111500100351,2017년 11월 15일 14시,수요일,충청북도 청주시 상당구 영운동,부상신고사고,0,0,0,1,차대차 - 기타,중앙선침범,건조,맑음,단일로 - 기타,이륜,남,44세,부상신고,승용,남,46세,상해없음
2017111500100389,2017년 11월 15일 15시,수요일,충청북도 청주시 서원구 사창동,중상사고,0,1,0,0,차대사람 - 횡단중,보행자보호의무위반,건조,맑음,단일로 - 기타,승용,남,26세,상해없음,보행자,남,31세,중상
2017111500100390,2017년 11월 15일 15시,수요일,충청북도 단양군 매포읍,중상사고,0,1,0,1,차대차 - 정면충돌,중앙선침범,건조,맑음,단일로 - 기타,화물,남,59세,상해없음,화물,남,49세,중상
2017111500100433,2017년 11월 15일 16시,수요일,충청북도 영동군 용산면,중상사고,0,1,0,0,차량단독 - 기타,안전운전불이행,건조,맑음,단일로 - 기타,사륜오토바이(ATV),남,68세,중상,,,,
2017111500100434,2017년 11월 15일 16시,수요일,충청북도 청주시 흥덕구 가경동,경상사고,0,0,1,0,차대차 - 기타,안전거리미확보,건조,맑음,단일로 - 기타,기타불명,기타불명,미분류,기타불명,승합,남,49세,상해없음
2017111500100469,2017년 11월 15일 17시,수요일,충청북도 충주시 호암동,경상사고,0,0,3,0,차대차 - 기타,안전운전불이행,건조,맑음,단일로 - 기타,승용,남,26세,경상,승용,남,50세,경상
2017111500100470,2017년 11월 15일 17시,수요일,충청북도 영동군 영동읍,경상사고,0,0,1,0,차대차 - 측면충돌,교차로운행방법위반,건조,맑음,교차로 - 교차로부근,승용,남,26세,상해없음,승용,남,42세,경상
2017111500100471,2017년 11월 15일 17시,수요일,충청북도 음성군 금왕읍,중상사고,0,1,1,0,차대차 - 측면충돌,교차로운행방법위반,건조,맑음,교차로 - 교차로안,승용,여,26세,경상,승용,여,43세,중상
2017111500100472,2017년 11월 15일 17시,수요일,충청북도 청주시 흥덕구 옥산면,경상사고,0,0,1,0,차대차 - 추돌,안전운전불이행,기타,맑음,단일로 - 기타,승용,남,33세,상해없음,승용,남,36세,경상
2017111500100473,2017년 11월 15일 17시,수요일,충청북도 청주시 흥덕구 상신동,경상사고,0,0,2,0,차대차 - 추돌,안전운전불이행,건조,맑음,단일로 - 기타,화물,남,54세,상해없음,승용,남,36세,경상
2017111500100522,2017년 11월 15일 18시,수요일,충청북도 제천시 중앙로2가,중상사고,0,1,0,0,차대사람 - 기타,안전운전불이행,건조,맑음,단일로 - 기타,승용,남,35세,상해없음,보행자,남,82세,중상
2017111500100523,2017년 11월 15일 18시,수요일,충청북도 청주시 흥덕구 지동동,경상사고,0,0,2,0,차대차 - 추돌,차로위반,건조,맑음,교차로 - 교차로부근,승용,남,77세,경상,화물,남,50세,경상
2017111500100575,2017년 11월 15일 19시,수요일,충청북도 청주시 청원구 오창읍,경상사고,0,0,1,0,차대차 - 추돌,안전운전불이행,건조,맑음,단일로 - 기타,승용,여,49세,상해없음,승용,남,33세,경상
2017111500100608,2017년 11월 15일 20시,수요일,충청북도 영동군 영동읍,경상사고,0,0,1,0,차대차 - 기타,안전운전불이행,건조,맑음,교차로 - 교차로안,승용,남,43세,경상,승용,여,48세,상해없음
2017111500100609,2017년 11월 15일 20시,수요일,충청북도 청주시 흥덕구 복대동,중상사고,0,1,0,0,차대사람 - 기타,안전운전불이행,건조,맑음,교차로 - 교차로안,승용,남,67세,상해없음,보행자,남,54세,중상
2017111500100640,2017년 11월 15일 21시,수요일,충청북도 제천시 동현동,중상사고,0,1,4,0,차대차 - 기타,신호위반,건조,맑음,교차로 - 교차로안,승용,남,67세,중상,승용,남,58세,경상
2017111500100641,2017년 11월 15일 21시,수요일,충청북도 청주시 흥덕구 송정동,경상사고,0,0,1,0,차대사람 - 기타,신호위반,건조,맑음,교차로 - 교차로안,승용,여,54세,상해없음,보행자,여,22세,경상
2017111500100694,2017년 11월 15일 23시,수요일,충청북도 진천군 이월면,사망사고,1,0,0,0,차대사람 - 차도통행중,안전운전불이행,건조,기타,교차로 - 교차로부근,승용,남,22세,상해없음,보행자,남,56세,사망
2017111600100042,2017년 11월 16일 01시,목요일,충청북도 청주시 서원구 사직동,경상사고,0,0,4,0,차대차 - 측면충돌,교차로운행방법위반,건조,맑음,교차로 - 교차로안,승용,남,37세,경상,승용,남,23세,경상
2017111600100043,2017년 11월 16일 01시,목요일,충청북도 청주시 서원구 수곡동,경상사고,0,0,1,0,차대차 - 정면충돌,안전운전불이행,건조,맑음,교차로 - 교차로부근,승용,여,47세,상해없음,승용,남,42세,상해없음
2017111600100089,2017년 11월 16일 06시,목요일,충청북도 음성군 대소면,경상사고,0,0,1,0,차대사람 - 기타,안전운전불이행,건조,맑음,단일로 - 기타,승용,남,60세,상해없음,보행자,남,58세,경상
2017111600100109,2017년 11월 16일 07시,목요일,충청북도 충주시 대소원면,경상사고,0,0,1,0,차대차 - 기타,안전운전불이행,건조,맑음,교차로 - 교차로부근,승용,여,40세,상해없음,자전거,남,44세,경상
2017111600100110,2017년 11월 16일 07시,목요일,충청북도 진천군 이월면,중상사고,0,4,4,0,차대차 - 기타,신호위반,건조,맑음,교차로 - 교차로안,승용,남,48세,상해없음,승합,남,56세,경상
2017111600100111,2017년 11월 16일 07시,목요일,충청북도 청주시 서원구 남이면,중상사고,0,1,1,0,차대차 - 추돌,안전운전불이행,건조,맑음,단일로 - 기타,건설기계,남,55세,상해없음,승용,남,44세,중상
2017111600100264,2017년 11월 16일 12시,목요일,충청북도 청주시 상당구 용암동,경상사고,0,0,2,0,차대차 - 기타,신호위반,건조,맑음,교차로 - 교차로안,이륜,남,28세,상해없음,승용,남,62세,경상
2017111600100292,2017년 11월 16일 13시,목요일,충청북도 충주시 충의동,경상사고,0,0,1,0,차대사람 - 기타,안전운전불이행,건조,맑음,교차로 - 교차로안,자전거,남,75세,상해없음,보행자,남,75세,경상
2017111600100293,2017년 11월 16일 13시,목요일,충청북도 음성군 삼성면,경상사고,0,0,2,0,차량단독 - 공작물충돌,안전운전불이행,건조,맑음,단일로 - 기타,승용,남,37세,경상,,,,
2017111600100319,2017년 11월 16일 14시,목요일,충청북도 청주시 청원구 오창읍,경상사고,0,0,1,0,차대차 - 추돌,안전운전불이행,건조,맑음,교차로 - 교차로부근,승용,남,45세,상해없음,화물,남,31세,경상
2017111600100320,2017년 11월 16일 14시,목요일,충청북도 충주시 연수동,경상사고,0,0,1,0,차대차 - 기타,교차로운행방법위반,건조,맑음,교차로 - 교차로안,승용,여,57세,상해없음,이륜,남,17세,경상
2017111600100321,2017년 11월 16일 14시,목요일,충청북도 영동군 심천면,중상사고,0,1,0,0,차대사람 - 횡단중,안전운전불이행,건조,맑음,단일로 - 기타,승용,여,56세,상해없음,보행자,여,86세,중상
2017111600100322,2017년 11월 16일 14시,목요일,충청북도 청주시 상당구 용암동,경상사고,0,0,2,0,차대차 - 기타,안전운전불이행,건조,맑음,단일로 - 기타,화물,남,50세,상해없음,승용,남,24세,경상
2017111600100350,2017년 11월 16일 15시,목요일,충청북도 청주시 청원구 북이면,경상사고,0,0,2,0,차대차 - 측면충돌,교차로운행방법위반,건조,맑음,교차로 - 교차로안,건설기계,남,56세,경상,승용,여,62세,경상
2017111600100351,2017년 11월 16일 15시,목요일,충청북도 청주시 청원구 오창읍,중상사고,0,1,0,0,차대차 - 기타,중앙선침범,건조,맑음,단일로 - 기타,승용,남,71세,상해없음,승용,여,53세,중상
2017111600100385,2017년 11월 16일 16시,목요일,충청북도 제천시 청전동,경상사고,0,0,1,0,차대차 - 기타,신호위반,건조,맑음,교차로 - 교차로부근,승용,남,31세,상해없음,이륜,남,18세,경상
2017111600100421,2017년 11월 16일 17시,목요일,충청북도 충주시 금가면,중상사고,0,1,1,0,차대사람 - 기타,기타,건조,맑음,기타 - 기타,건설기계,남,63세,상해없음,보행자,여,55세,중상
2017111600100422,2017년 11월 16일 17시,목요일,충청북도 충주시 살미면,중상사고,0,1,0,1,차대차 - 측면충돌,중앙선침범,건조,맑음,단일로 - 기타,승용,여,30세,부상신고,승용,여,53세,중상
2017111600100423,2017년 11월 16일 17시,목요일,충청북도 제천시 장락동,중상사고,0,1,0,1,차대차 - 측면충돌,신호위반,건조,흐림,교차로 - 교차로안,승용,여,60세,부상신고,승용,남,57세,중상
2017111600100467,2017년 11월 16일 18시,목요일,충청북도 청주시 청원구 오창읍,경상사고,0,0,1,0,차대차 - 측면충돌,안전운전불이행,건조,맑음,교차로 - 교차로안,화물,남,61세,상해없음,승용,여,53세,경상
2017111600100468,2017년 11월 16일 18시,목요일,충청북도 음성군 맹동면,경상사고,0,0,1,0,차대차 - 기타,신호위반,건조,맑음,교차로 - 교차로안,기타불명,기타불명,미분류,기타불명,승용,여,34세,상해없음
2017111600100526,2017년 11월 16일 19시,목요일,충청북도 청주시 상당구 남문로1가동,경상사고,0,0,1,0,차대차 - 기타,안전운전불이행,건조,맑음,단일로 - 기타,화물,남,58세,상해없음,기타불명,여,53세,경상
2017111600100553,2017년 11월 16일 20시,목요일,충청북도 제천시 장락동,경상사고,0,0,2,0,차대차 - 측면충돌,신호위반,건조,맑음,교차로 - 교차로안,승용,여,49세,경상,승용,여,35세,경상
2017111700100048,2017년 11월 17일 02시,금요일,충청북도 청주시 청원구 오동동,경상사고,0,0,1,0,차대차 - 기타,안전운전불이행,건조,맑음,단일로 - 기타,화물,남,59세,상해없음,화물,남,40세,상해없음
2017111700100049,2017년 11월 17일 02시,금요일,충청북도 청주시 서원구 남이면,중상사고,0,1,2,0,차대차 - 기타,안전운전불이행,건조,맑음,단일로 - 교량,승용,남,27세,상해없음,승용,남,32세,중상
2017111700100110,2017년 11월 17일 07시,금요일,충청북도 청주시 서원구 남이면,중상사고,0,1,2,1,차대차 - 측면충돌,과속,건조,맑음,교차로 - 교차로부근,승용,남,39세,경상,승용,남,58세,경상
2017111700100150,2017년 11월 17일 08시,금요일,충청북도 청주시 서원구 죽림동,경상사고,0,0,1,0,차대차 - 기타,안전운전불이행,건조,맑음,교차로 - 교차로부근,승용,여,44세,상해없음,승용,남,65세,상해없음
2017111700100187,2017년 11월 17일 09시,금요일,충청북도 청주시 청원구 오창읍,중상사고,0,1,1,0,차대차 - 추돌,차로위반,건조,맑음,단일로 - 기타,승용,여,48세,중상,건설기계,남,58세,경상
2017111700100188,2017년 11월 17일 09시,금요일,충청북도 음성군 금왕읍,경상사고,0,0,1,0,차대차 - 측면충돌,신호위반,건조,맑음,교차로 - 교차로안,승용,남,32세,상해없음,승용,남,42세,경상
2017111700100225,2017년 11월 17일 10시,금요일,충청북도 충주시 용산동,경상사고,0,0,1,0,차대차 - 추돌,안전운전불이행,젖음/습기,비,단일로 - 기타,승용,남,21세,상해없음,승용,여,44세,경상
2017111700100255,2017년 11월 17일 11시,금요일,충청북도 청주시 서원구 사직동,경상사고,0,0,1,0,차대사람 - 기타,안전운전불이행,건조,맑음,교차로 - 교차로부근,승용,남,54세,기타불명,보행자,남,61세,경상
2017111700100256,2017년 11월 17일 11시,금요일,충청북도 충주시 문화동,경상사고,0,0,1,0,차대차 - 기타,안전운전불이행,건조,맑음,교차로 - 교차로횡단보도내,화물,남,63세,상해없음,자전거,여,64세,경상
2017111700100281,2017년 11월 17일 12시,금요일,충청북도 충주시 호암동,중상사고,0,1,0,1,차대차 - 측면충돌,신호위반,건조,맑음,교차로 - 교차로안,화물,남,39세,부상신고,승용,남,56세,중상
2017111700100282,2017년 11월 17일 12시,금요일,충청북도 옥천군 옥천읍,경상사고,0,0,1,0,차대차 - 기타,안전운전불이행,건조,맑음,교차로 - 교차로부근,승용,남,33세,상해없음,이륜,남,24세,경상
2017111700100306,2017년 11월 17일 13시,금요일,충청북도 충주시 앙성면,중상사고,0,1,0,0,차대차 - 기타,교차로운행방법위반,건조,맑음,교차로 - 교차로안,승용,남,70세,상해없음,이륜,남,80세,중상
2017111700100331,2017년 11월 17일 14시,금요일,충청북도 제천시 청전동,경상사고,0,0,2,0,차대차 - 측면충돌,중앙선침범,건조,맑음,교차로 - 교차로부근,승용,남,18세,상해없음,화물,남,52세,상해없음
2017111700100357,2017년 11월 17일 15시,금요일,충청북도 청주시 청원구 오창읍,경상사고,0,0,1,0,차량단독 - 기타,안전운전불이행,건조,맑음,단일로 - 기타,승합,남,56세,기타불명,,,,
2017111700100358,2017년 11월 17일 15시,금요일,충청북도 청주시 흥덕구 신봉동,중상사고,0,1,0,0,차대사람 - 횡단중,보행자보호의무위반,건조,맑음,단일로 - 기타,승용,남,39세,상해없음,보행자,남,36세,중상
2017111700100396,2017년 11월 17일 16시,금요일,충청북도 괴산군 문광면,중상사고,0,3,0,0,차대차 - 측면충돌,직진우회전진행방해,건조,맑음,교차로 - 교차로안,건설기계,남,59세,상해없음,승용,여,54세,중상
2017111700100397,2017년 11월 17일 16시,금요일,충청북도 진천군 진천읍,중상사고,0,1,0,0,차대차 - 측면충돌,신호위반,건조,맑음,교차로 - 교차로안,이륜,남,83세,중상,승용,남,35세,상해없음
2017111700100429,2017년 11월 17일 17시,금요일,충청북도 충주시 문화동,경상사고,0,0,1,0,차대사람 - 보도통행중,보행자보호의무위반,건조,맑음,교차로 - 교차로횡단보도내,승용,남,29세,상해없음,보행자,남,75세,경상
2017111700100430,2017년 11월 17일 17시,금요일,충청북도 음성군 음성읍,중상사고,0,1,1,0,차대차 - 측면충돌,교차로운행방법위반,건조,맑음,교차로 - 교차로안,화물,남,41세,상해없음,승용,여,61세,중상
2017111700100431,2017년 11월 17일 17시,금요일,충청북도 음성군 대소면,경상사고,0,0,2,0,차대차 - 정면충돌,교차로운행방법위반,건조,맑음,교차로 - 교차로안,화물,남,62세,상해없음,승용,여,48세,경상
2017111700100432,2017년 11월 17일 17시,금요일,충청북도 단양군 매포읍,사망사고,1,0,0,0,차대차 - 추돌,안전운전불이행,건조,맑음,교차로 - 교차로안,승용,여,55세,사망,건설기계,남,25세,상해없음
2017111700100433,2017년 11월 17일 17시,금요일,충청북도 청주시 서원구 수곡동,중상사고,0,1,0,0,차대사람 - 횡단중,안전운전불이행,건조,맑음,단일로 - 기타,승용,남,32세,상해없음,보행자,여,74세,중상
2017111700100494,2017년 11월 17일 18시,금요일,충청북도 제천시 봉양읍,중상사고,0,1,0,0,차대차 - 추돌,안전거리미확보,건조,맑음,기타 - 기타,승용,남,39세,상해없음,승용,여,32세,중상
2017111700100495,2017년 11월 17일 18시,금요일,충청북도 보은군 삼승면,경상사고,0,0,4,0,차대차 - 정면충돌,중앙선침범,젖음/습기,비,단일로 - 기타,화물,남,63세,경상,승용,남,64세,경상
2017111700100564,2017년 11월 17일 19시,금요일,충청북도 청주시 청원구 율량동,경상사고,0,0,1,0,차대차 - 기타,중앙선침범,젖음/습기,비,교차로 - 교차로안,이륜,남,58세,경상,승용,남,54세,상해없음
2017111700100565,2017년 11월 17일 19시,금요일,충청북도 청주시 청원구 오창읍,경상사고,0,0,2,0,차대차 - 추돌,안전운전불이행,건조,맑음,단일로 - 기타,승용,남,77세,상해없음,승용,여,50세,경상
2017111700100566,2017년 11월 17일 19시,금요일,충청북도 청주시 흥덕구 강서동,경상사고,0,0,1,0,차대사람 - 횡단중,신호위반,젖음/습기,흐림,교차로 - 교차로횡단보도내,승용,여,61세,상해없음,보행자,여,42세,경상
2017111700100606,2017년 11월 17일 20시,금요일,충청북도 청주시 서원구 수곡동,사망사고,1,0,0,0,차대사람 - 횡단중,과속,젖음/습기,비,교차로 - 교차로부근,화물,남,58세,상해없음,보행자,여,75세,사망
2017111700100607,2017년 11월 17일 20시,금요일,충청북도 청주시 서원구 분평동,경상사고,0,0,2,0,차대차 - 기타,교차로운행방법위반,건조,맑음,교차로 - 교차로안,승용,남,52세,경상,승용,여,32세,경상
2017111700100641,2017년 11월 17일 21시,금요일,충청북도 진천군 광혜원면,중상사고,0,1,0,0,차대차 - 추돌,안전거리미확보,젖음/습기,비,단일로 - 기타,화물,남,42세,상해없음,승용,여,29세,중상
2017111700100642,2017년 11월 17일 21시,금요일,충청북도 청주시 청원구 오창읍,경상사고,0,0,1,0,차대차 - 측면충돌,안전운전불이행,건조,맑음,단일로 - 기타,화물,남,41세,상해없음,승용,남,35세,경상
2017111700100686,2017년 11월 17일 22시,금요일,충청북도 청주시 서원구 사직동,경상사고,0,0,1,0,차대차 - 기타,교차로운행방법위반,건조,맑음,단일로 - 기타,화물,남,56세,상해없음,승용,여,29세,경상
2017111700100687,2017년 11월 17일 22시,금요일,충청북도 청주시 흥덕구 가경동,경상사고,0,0,1,0,차대차 - 기타,안전운전불이행,건조,맑음,교차로 - 교차로부근,승용,여,33세,상해없음,승용,여,48세,경상
2017111700100688,2017년 11월 17일 22시,금요일,충청북도 청주시 상당구 금천동,경상사고,0,0,3,0,차대차 - 측면충돌,교차로운행방법위반,건조,맑음,교차로 - 교차로부근,승용,남,66세,경상,승용,여,36세,경상
2017111800100095,2017년 11월 18일 04시,토요일,충청북도 진천군 진천읍,중상사고,0,1,0,0,차대차 - 추돌,안전운전불이행,건조,맑음,단일로 - 기타,건설기계,남,36세,상해없음,승용,남,35세,중상
2017111800100138,2017년 11월 18일 07시,토요일,충청북도 충주시 호암동,경상사고,0,0,1,0,차대차 - 측면충돌,신호위반,건조,흐림,교차로 - 교차로안,승용,남,54세,상해없음,승용,남,30세,경상
2017111800100139,2017년 11월 18일 07시,토요일,충청북도 진천군 광혜원면,중상사고,0,1,1,0,차대차 - 기타,신호위반,건조,맑음,교차로 - 교차로안,승용,남,46세,중상,승용,남,37세,경상
2017111800100177,2017년 11월 18일 09시,토요일,충청북도 청주시 청원구 율량동,경상사고,0,0,2,0,차대차 - 측면충돌,안전거리미확보,건조,맑음,교차로 - 교차로부근,승용,여,58세,상해없음,승용,여,46세,경상
2017111800100204,2017년 11월 18일 10시,토요일,충청북도 청주시 서원구 사직동,중상사고,0,1,2,0,차대차 - 측면충돌,신호위반,건조,맑음,교차로 - 교차로안,승용,여,52세,경상,화물,남,55세,중상
2017111800100205,2017년 11월 18일 10시,토요일,충청북도 청주시 서원구 분평동,경상사고,0,0,1,0,차대차 - 후진중충돌,안전운전불이행,건조,맑음,기타 - 기타,승용,남,70세,기타불명,승용,여,33세,경상
2017111800100242,2017년 11월 18일 11시,토요일,충청북도 청주시 흥덕구 복대동,경상사고,0,0,1,0,차대차 - 추돌,안전운전불이행,건조,맑음,교차로 - 교차로안,승용,남,26세,상해없음,승용,남,60세,경상
2017111800100243,2017년 11월 18일 11시,토요일,충청북도 청주시 상당구 남일면,경상사고,0,0,1,0,차대차 - 측면충돌,교차로운행방법위반,건조,맑음,교차로 - 교차로안,승용,여,22세,경상,화물,남,55세,상해없음
2017111800100287,2017년 11월 18일 12시,토요일,충청북도 청주시 청원구 율량동,중상사고,0,1,0,0,차량단독 - 기타,안전운전불이행,건조,맑음,단일로 - 기타,승합,남,49세,기타불명,,,,
2017111800100288,2017년 11월 18일 12시,토요일,충청북도 제천시 송학면,중상사고,0,1,1,1,차대차 - 정면충돌,중앙선침범,건조,맑음,단일로 - 기타,특수,남,47세,부상신고,승용,여,44세,중상
2017111800100289,2017년 11월 18일 12시,토요일,충청북도 옥천군 옥천읍,경상사고,0,0,1,0,차대차 - 기타,안전운전불이행,건조,맑음,단일로 - 기타,화물,남,63세,상해없음,승용,남,69세,경상
2017111800100290,2017년 11월 18일 12시,토요일,충청북도 청주시 흥덕구 가경동,중상사고,0,1,0,0,차대사람 - 횡단중,안전운전불이행,건조,맑음,교차로 - 교차로안,승용,여,38세,상해없음,보행자,남,81세,중상
2017111800100321,2017년 11월 18일 13시,토요일,충청북도 청주시 청원구 내덕동,중상사고,0,1,0,0,차대차 - 기타,안전거리미확보,건조,맑음,단일로 - 기타,승용,여,46세,상해없음,승용,남,48세,중상
2017111800100322,2017년 11월 18일 13시,토요일,충청북도 충주시 풍동,중상사고,0,1,1,1,차대차 - 기타,안전운전불이행,건조,맑음,단일로 - 기타,승용,남,66세,부상신고,특수,남,38세,상해없음
2017111800100323,2017년 11월 18일 13시,토요일,충청북도 청주시 서원구 산남동,중상사고,0,2,0,0,차대사람 - 횡단중,보행자보호의무위반,건조,맑음,교차로 - 교차로횡단보도내,승용,남,84세,상해없음,보행자,여,11세,중상
2017111800100364,2017년 11월 18일 14시,토요일,충청북도 청주시 상당구 용암동,중상사고,0,1,0,0,차대사람 - 기타,안전운전불이행,건조,맑음,단일로 - 기타,승용,남,37세,상해없음,보행자,여,81세,중상
2017111800100365,2017년 11월 18일 14시,토요일,충청북도 청주시 상당구 석교동,경상사고,0,0,1,0,차대차 - 추돌,안전운전불이행,건조,맑음,단일로 - 기타,승용,여,46세,상해없음,승용,여,56세,경상
2017111800100404,2017년 11월 18일 15시,토요일,충청북도 음성군 금왕읍,경상사고,0,0,1,0,차대차 - 측면충돌,교차로운행방법위반,건조,맑음,교차로 - 교차로안,승용,여,39세,상해없음,승용,남,66세,경상
2017111800100405,2017년 11월 18일 15시,토요일,충청북도 청주시 흥덕구 지동동,경상사고,0,0,1,0,차대차 - 추돌,안전거리미확보,건조,맑음,기타 - 기타,승용,남,25세,상해없음,승용,남,67세,경상
2017111800100455,2017년 11월 18일 16시,토요일,충청북도 괴산군 괴산읍,중상사고,0,1,0,0,차대차 - 추돌,안전운전불이행,건조,맑음,단일로 - 기타,화물,남,58세,상해없음,농기계,남,61세,중상
2017111800100456,2017년 11월 18일 16시,토요일,충청북도 청주시 흥덕구 비하동,경상사고,0,0,1,0,차대차 - 기타,안전거리미확보,건조,맑음,단일로 - 기타,화물,남,62세,상해없음,승용,남,67세,경상
2017111800100458,2017년 11월 18일 16시,토요일,충청북도 청주시 서원구 현도면,경상사고,0,0,1,1,차대차 - 추돌,안전운전불이행,건조,맑음,단일로 - 기타,승용,남,26세,상해없음,승용,남,48세,부상신고
2017111800100498,2017년 11월 18일 17시,토요일,충청북도 청주시 서원구 죽림동,경상사고,0,0,2,0,차대차 - 측면충돌,교차로운행방법위반,건조,맑음,교차로 - 교차로안,승용,남,65세,상해없음,승용,여,35세,경상
2017111800100499,2017년 11월 18일 17시,토요일,충청북도 청주시 서원구 분평동,경상사고,0,0,4,0,차대차 - 기타,안전운전불이행,건조,맑음,교차로 - 교차로부근,승용,여,38세,상해없음,승용,여,41세,경상
2017111800100500,2017년 11월 18일 17시,토요일,충청북도 청주시 상당구 용암동,중상사고,0,1,1,0,차대차 - 기타,교차로운행방법위반,건조,맑음,교차로 - 교차로부근,이륜,남,47세,중상,승용,여,70세,경상
2017111800100538,2017년 11월 18일 18시,토요일,충청북도 증평군 증평읍,중상사고,0,1,0,0,차대차 - 기타,신호위반,건조,맑음,교차로 - 교차로안,원동기,남,45세,중상,승용,여,37세,상해없음
2017111800100539,2017년 11월 18일 18시,토요일,충청북도 청주시 흥덕구 복대동,경상사고,0,0,2,0,차대차 - 기타,안전거리미확보,건조,맑음,교차로 - 교차로부근,승용,남,57세,상해없음,승용,남,42세,경상
2017111800100540,2017년 11월 18일 18시,토요일,충청북도 청주시 흥덕구 복대동,경상사고,0,0,2,0,차대차 - 기타,교차로운행방법위반,건조,맑음,교차로 - 교차로안,승용,여,42세,상해없음,승용,남,45세,상해없음
2017111800100575,2017년 11월 18일 19시,토요일,충청북도 청주시 청원구 율량동,경상사고,0,0,7,0,차대차 - 추돌,안전운전불이행,건조,맑음,교차로 - 교차로부근,승용,여,39세,상해없음,승합,남,45세,경상
2017111800100576,2017년 11월 18일 19시,토요일,충청북도 충주시 연수동,부상신고사고,0,0,0,1,차대차 - 기타,안전운전불이행,건조,맑음,단일로 - 기타,원동기,남,17세,부상신고,승용,여,27세,상해없음
2017111800100577,2017년 11월 18일 19시,토요일,충청북도 단양군 어상천면,경상사고,0,0,1,0,차대차 - 추돌,안전운전불이행,건조,맑음,단일로 - 기타,승용,남,50세,경상,화물,남,51세,기타불명
2017111800100578,2017년 11월 18일 19시,토요일,충청북도 청주시 서원구 수곡동,경상사고,0,0,2,0,차대차 - 측면충돌,교차로운행방법위반,건조,맑음,교차로 - 교차로안,승용,여,65세,상해없음,승용,여,49세,경상
2017111800100609,2017년 11월 18일 20시,토요일,충청북도 옥천군 옥천읍,사망사고,1,0,0,0,차대사람 - 횡단중,안전운전불이행,건조,맑음,교차로 - 교차로안,화물,남,74세,상해없음,보행자,남,68세,사망
2017111800100610,2017년 11월 18일 20시,토요일,충청북도 청주시 흥덕구 복대동,경상사고,0,0,1,0,차대사람 - 횡단중,보행자보호의무위반,건조,맑음,교차로 - 교차로횡단보도내,이륜,남,19세,상해없음,보행자,여,60세,경상
2017111800100641,2017년 11월 18일 21시,토요일,충청북도 청주시 흥덕구 가경동,중상사고,0,2,0,0,차대사람 - 기타,안전운전불이행,건조,맑음,교차로 - 교차로횡단보도내,이륜,남,18세,중상,보행자,여,50세,중상
2017111800100668,2017년 11월 18일 22시,토요일,충청북도 청주시 흥덕구 송정동,경상사고,0,0,2,0,차대차 - 추돌,안전운전불이행,건조,맑음,교차로 - 교차로부근,승용,남,29세,상해없음,승용,여,34세,경상
2017111800100690,2017년 11월 18일 23시,토요일,충청북도 청주시 상당구 미원면,사망사고,1,0,0,0,차량단독 - 기타,안전운전불이행,건조,맑음,단일로 - 기타,화물,남,44세,사망,,,,
2017111900100052,2017년 11월 19일 02시,일요일,충청북도 충주시 교현동,경상사고,0,0,1,0,차대사람 - 기타,안전운전불이행,건조,맑음,교차로 - 교차로부근,승용,남,42세,상해없음,보행자,남,19세,경상
2017111900100079,2017년 11월 19일 05시,일요일,충청북도 청주시 상당구 용암동,경상사고,0,0,1,0,차대사람 - 기타,안전운전불이행,건조,맑음,단일로 - 기타,승용,남,44세,상해없음,보행자,여,75세,경상
2017111900100086,2017년 11월 19일 06시,일요일,충청북도 청주시 상당구 수동,중상사고,0,1,2,0,차대차 - 추돌,안전운전불이행,건조,맑음,단일로 - 기타,승용,남,56세,상해없음,사륜오토바이(ATV),남,68세,중상
2017111900100087,2017년 11월 19일 06시,일요일,충청북도 청주시 서원구 장암동,경상사고,0,0,2,0,차대차 - 측면충돌,신호위반,건조,맑음,교차로 - 교차로안,승용,여,37세,상해없음,화물,남,53세,경상
2017111900100121,2017년 11월 19일 09시,일요일,충청북도 청주시 상당구 수동,중상사고,0,1,3,0,차대차 - 추돌,안전운전불이행,건조,맑음,교차로 - 교차로부근,승용,남,62세,상해없음,승용,여,59세,경상
2017111900100142,2017년 11월 19일 10시,일요일,충청북도 제천시 봉양읍,중상사고,0,1,2,0,차대차 - 추돌,안전거리미확보,건조,맑음,단일로 - 기타,화물,남,49세,상해없음,승용,남,56세,경상