사고번호,사고일시,요일,시군구,사고내용,사망자수,중상자수,경상자수,부상신고자수,사고유형,법규위반,노면상태,기상상태,도로형태,가해운전자 차종,가해운전자 성별,가해운전자 연령,가해운전자 상해정도,피해운전자 차종,피해운전자 성별,피해운전자 연령,피해운전자 상해정도
2017111900100165,2017년 11월 19일 11시,일요일,충청북도 충주시 연수동,경상사고,0,0,1,0,차대차 - 기타,안전운전불이행,건조,맑음,단일로 - 기타,기타불명,남,65세,경상,기타불명,기타불명,미분류,기타불명
2017111900100191,2017년 11월 19일 12시,일요일,충청북도 음성군 금왕읍,경상사고,0,0,1,0,차대차 - 측면충돌,차로위반,건조,맑음,단일로 - 기타,승용,남,54세,상해없음,승용,여,39세,경상
2017111900100192,2017년 11월 19일 12시,일요일,충청북도 진천군 진천읍,경상사고,0,0,1,0,차대차 - 기타,직진우회전진행방해,건조,맑음,교차로 - 교차로안,승용,남,23세,상해없음,승용,남,45세,경상
2017111900100219,2017년 11월 19일 13시,일요일,충청북도 청주시 상당구 수동,경상사고,0,0,4,0,차대차 - 측면충돌,안전운전불이행,건조,맑음,교차로 - 교차로안,승용,남,62세,상해없음,승용,남,47세,경상
2017111900100220,2017년 11월 19일 13시,일요일,충청북도 청주시 서원구 산남동,중상사고,0,1,0,0,차대차 - 측면충돌,교차로운행방법위반,건조,맑음,단일로 - 기타,승용,남,51세,상해없음,승용,남,68세,중상
2017111900100250,2017년 11월 19일 14시,일요일,충청북도 충주시 연수동,경상사고,0,0,1,0,차대차 - 기타,안전운전불이행,건조,맑음,단일로 - 기타,승용,여,46세,상해없음,원동기,남,17세,경상
2017111900100251,2017년 11월 19일 14시,일요일,충청북도 진천군 이월면,경상사고,0,0,6,0,차대차 - 추돌,안전운전불이행,건조,맑음,기타 - 기타,승용,여,32세,상해없음,승합,남,47세,상해없음
2017111900100288,2017년 11월 19일 15시,일요일,충청북도 청주시 흥덕구 오송읍,경상사고,0,0,2,0,차대차 - 측면충돌,신호위반,건조,맑음,교차로 - 교차로안,승용,여,57세,상해없음,승용,남,30세,경상
2017111900100319,2017년 11월 19일 16시,일요일,충청북도 단양군 단양읍,중상사고,0,1,0,0,차대차 - 측면충돌,안전운전불이행,건조,맑음,교차로 - 교차로안,승용,남,76세,상해없음,승합,남,54세,상해없음
2017111900100320,2017년 11월 19일 16시,일요일,충청북도 단양군 단양읍,경상사고,0,0,1,0,차대차 - 정면충돌,안전운전불이행,건조,맑음,단일로 - 기타,승용,남,52세,상해없음,승용,여,39세,경상
2017111900100380,2017년 11월 19일 18시,일요일,충청북도 충주시 지현동,경상사고,0,0,4,0,차대차 - 측면충돌,교차로운행방법위반,건조,맑음,교차로 - 교차로안,기타불명,기타불명,미분류,기타불명,승용,남,45세,경상
2017111900100381,2017년 11월 19일 18시,일요일,충청북도 청주시 상당구 용암동,경상사고,0,0,5,0,차대차 - 측면충돌,안전운전불이행,건조,맑음,교차로 - 교차로안,승합,남,56세,경상,승용,여,54세,경상
2017111900100412,2017년 11월 19일 19시,일요일,충청북도 충주시 신니면,중상사고,0,1,0,0,차대사람 - 횡단중,신호위반,건조,맑음,교차로 - 교차로안,승용,남,43세,상해없음,보행자,여,77세,중상
2017111900100445,2017년 11월 19일 20시,일요일,충청북도 청주시 서원구 남이면,경상사고,0,0,1,0,차대차 - 기타,안전운전불이행,건조,맑음,단일로 - 기타,화물,남,68세,상해없음,승용,남,34세,경상
2017111900100472,2017년 11월 19일 21시,일요일,충청북도 청주시 청원구 북이면,경상사고,0,0,1,0,차대차 - 추돌,안전운전불이행,건조,맑음,교차로 - 교차로부근,승용,남,37세,상해없음,승용,여,55세,경상
2017111900100473,2017년 11월 19일 21시,일요일,충청북도 충주시 대소원면,경상사고,0,0,1,0,차대차 - 기타,안전운전불이행,건조,맑음,교차로 - 교차로안,기타불명,기타불명,미분류,기타불명,승합,남,35세,상해없음
2017111900100474,2017년 11월 19일 21시,일요일,충청북도 옥천군 동이면,중상사고,0,1,0,0,차대사람 - 차도통행중,안전운전불이행,건조,맑음,단일로 - 기타,승용,남,62세,상해없음,보행자,남,57세,중상
2017111900100496,2017년 11월 19일 22시,일요일,충청북도 진천군 진천읍,경상사고,0,0,1,0,차대차 - 기타,안전운전불이행,건조,맑음,교차로 - 교차로부근,화물,남,65세,상해없음,화물,남,63세,경상
2017111900100512,2017년 11월 19일 23시,일요일,충청북도 청주시 청원구 율량동,경상사고,0,0,2,0,차대차 - 기타,안전운전불이행,건조,맑음,교차로 - 교차로안,승용,남,49세,상해없음,이륜,남,46세,경상
2017111900100513,2017년 11월 19일 23시,일요일,충청북도 진천군 진천읍,경상사고,0,0,1,0,차량단독 - 공작물충돌,안전운전불이행,건조,맑음,단일로 - 기타,승용,남,29세,경상,,,,
2017112000100039,2017년 11월 20일 00시,월요일,충청북도 청주시 청원구 율량동,경상사고,0,0,2,0,차대차 - 기타,안전운전불이행,건조,맑음,교차로 - 교차로안,승용,남,25세,상해없음,승용,남,60세,경상
2017112000100101,2017년 11월 20일 06시,월요일,충청북도 청주시 흥덕구 봉명동,경상사고,0,0,1,0,차대차 - 기타,중앙선침범,건조,맑음,교차로 - 교차로부근,화물,남,64세,경상,승용,남,21세,상해없음
2017112000100131,2017년 11월 20일 07시,월요일,충청북도 충주시 용두동,경상사고,0,0,2,0,차대차 - 기타,교차로운행방법위반,건조,맑음,교차로 - 교차로안,승용,남,33세,경상,화물,남,48세,경상
2017112000100181,2017년 11월 20일 08시,월요일,충청북도 청주시 서원구 개신동,중상사고,0,1,0,0,차대차 - 기타,교차로운행방법위반,건조,맑음,교차로 - 교차로안,승용,여,47세,상해없음,이륜,여,23세,중상
2017112000100182,2017년 11월 20일 08시,월요일,충청북도 청주시 청원구 내수읍,경상사고,0,0,1,0,차대차 - 기타,안전운전불이행,건조,맑음,단일로 - 기타,승용,남,25세,상해없음,승용,여,28세,경상
2017112000100183,2017년 11월 20일 08시,월요일,충청북도 충주시 문화동,경상사고,0,0,3,0,차대차 - 추돌,안전거리미확보,건조,맑음,단일로 - 기타,승용,여,27세,상해없음,승용,여,42세,경상
2017112000100184,2017년 11월 20일 08시,월요일,충청북도 청주시 서원구 모충동,경상사고,0,0,3,0,차대차 - 기타,교차로운행방법위반,건조,맑음,교차로 - 교차로안,승용,여,54세,경상,화물,남,47세,경상
2017112000100185,2017년 11월 20일 08시,월요일,충청북도 청주시 상당구 영운동,경상사고,0,0,2,0,차대차 - 기타,안전운전불이행,건조,맑음,단일로 - 기타,승용,남,37세,상해없음,승용,여,24세,상해없음
2017112000100220,2017년 11월 20일 09시,월요일,충청북도 청주시 흥덕구 봉명동,경상사고,0,0,1,0,차대차 - 기타,안전운전불이행,건조,맑음,교차로 - 교차로부근,승용,남,60세,상해없음,승용,여,39세,경상
2017112000100221,2017년 11월 20일 09시,월요일,충청북도 청주시 흥덕구 복대동,부상신고사고,0,0,0,1,차대차 - 기타,안전운전불이행,건조,맑음,단일로 - 기타,승용,여,39세,부상신고,승용,남,61세,상해없음
2017112000100288,2017년 11월 20일 11시,월요일,충청북도 청주시 청원구 내덕동,경상사고,0,0,1,0,차대차 - 측면충돌,신호위반,건조,맑음,교차로 - 교차로횡단보도내,승용,남,59세,상해없음,승용,남,47세,경상
2017112000100289,2017년 11월 20일 11시,월요일,충청북도 청주시 상당구 남일면,경상사고,0,0,1,0,차대차 - 기타,교차로운행방법위반,건조,맑음,교차로 - 교차로안,승용,여,34세,경상,승용,남,37세,상해없음
2017112000100326,2017년 11월 20일 12시,월요일,충청북도 청주시 청원구 우암동,경상사고,0,0,1,0,차대차 - 기타,안전운전불이행,건조,맑음,교차로 - 교차로안,화물,남,32세,상해없음,승용,여,28세,경상
2017112000100351,2017년 11월 20일 13시,월요일,충청북도 청주시 청원구 북이면,중상사고,0,1,1,0,차대차 - 기타,중앙선침범,건조,맑음,교차로 - 교차로안,승용,여,25세,중상,화물,남,50세,경상
2017112000100352,2017년 11월 20일 13시,월요일,충청북도 충주시 문화동,중상사고,0,1,3,0,차대차 - 추돌,안전운전불이행,건조,맑음,단일로 - 기타,화물,남,59세,상해없음,승용,남,52세,경상
2017112000100353,2017년 11월 20일 13시,월요일,충청북도 진천군 진천읍,경상사고,0,0,1,0,차대차 - 측면충돌,안전운전불이행,건조,맑음,단일로 - 기타,승합,남,72세,경상,승용,남,60세,상해없음
2017112000100393,2017년 11월 20일 14시,월요일,충청북도 청주시 상당구 영동,중상사고,0,1,0,0,차량단독 - 기타,안전운전불이행,건조,맑음,단일로 - 기타,승합,남,35세,상해없음,,,,
2017112000100550,2017년 11월 20일 18시,월요일,충청북도 청주시 청원구 율량동,경상사고,0,0,1,0,차대차 - 기타,안전운전불이행,건조,맑음,단일로 - 기타,승용,남,64세,상해없음,승용,여,29세,경상
2017112000100610,2017년 11월 20일 19시,월요일,충청북도 청주시 서원구 사창동,경상사고,0,0,2,0,차대차 - 측면충돌,신호위반,건조,맑음,교차로 - 교차로안,승용,남,37세,상해없음,승용,남,56세,경상
2017112000100611,2017년 11월 20일 19시,월요일,충청북도 제천시 서부동,경상사고,0,0,1,0,차대사람 - 차도통행중,안전운전불이행,건조,맑음,교차로 - 교차로부근,승용,남,69세,상해없음,보행자,여,16세,경상
2017112000100679,2017년 11월 20일 21시,월요일,충청북도 청주시 흥덕구 강서동,부상신고사고,0,0,0,1,차량단독 - 기타,안전운전불이행,건조,맑음,단일로 - 기타,이륜,남,51세,부상신고,,,,
2017112000100711,2017년 11월 20일 22시,월요일,충청북도 충주시 봉방동,중상사고,0,1,0,0,차대차 - 기타,직진우회전진행방해,건조,맑음,교차로 - 교차로안,승용,여,42세,상해없음,이륜,남,28세,중상
2017112000100712,2017년 11월 20일 22시,월요일,충청북도 청주시 상당구 영운동,경상사고,0,0,1,0,차대차 - 추돌,안전운전불이행,건조,맑음,단일로 - 기타,화물,남,61세,상해없음,승용,남,28세,경상
2017112100100037,2017년 11월 21일 00시,화요일,충청북도 충주시 안림동,부상신고사고,0,0,0,1,차량단독 - 공작물충돌,안전운전불이행,건조,맑음,교차로 - 교차로부근,승용,남,23세,부상신고,,,,
2017112100100038,2017년 11월 21일 00시,화요일,충청북도 청주시 흥덕구 복대동,경상사고,0,0,1,0,차대사람 - 기타,보행자보호의무위반,건조,맑음,교차로 - 교차로횡단보도내,승용,남,30세,상해없음,보행자,남,54세,경상
2017112100100054,2017년 11월 21일 01시,화요일,충청북도 청주시 상당구 금천동,중상사고,0,1,0,0,차량단독 - 기타,안전운전불이행,건조,맑음,교차로 - 교차로안,승용,남,51세,상해없음,,,,
2017112100100095,2017년 11월 21일 06시,화요일,충청북도 청주시 청원구 내덕동,경상사고,0,0,1,0,차대차 - 기타,교차로운행방법위반,건조,맑음,교차로 - 교차로부근,승용,남,55세,상해없음,자전거,남,61세,경상
2017112100100164,2017년 11월 21일 08시,화요일,충청북도 청주시 서원구 모충동,경상사고,0,0,1,0,차대차 - 기타,안전운전불이행,건조,맑음,단일로 - 기타,승용,여,37세,상해없음,자전거,남,11세,경상
2017112100100269,2017년 11월 21일 11시,화요일,충청북도 괴산군 연풍면,경상사고,0,0,1,0,차대차 - 측면충돌,직진우회전진행방해,건조,맑음,교차로 - 교차로안,승용,여,56세,경상,승용,여,62세,상해없음
2017112100100270,2017년 11월 21일 11시,화요일,충청북도 진천군 진천읍,경상사고,0,0,1,0,차대차 - 추돌,안전운전불이행,건조,기타,단일로 - 기타,승용,남,49세,경상,승용,남,33세,기타불명
2017112100100307,2017년 11월 21일 12시,화요일,충청북도 보은군 보은읍,경상사고,0,0,1,0,차대차 - 정면충돌,중앙선침범,건조,맑음,교차로 - 교차로안,자전거,남,73세,경상,사륜오토바이(ATV),남,77세,상해없음
2017112100100338,2017년 11월 21일 13시,화요일,충청북도 청주시 서원구 사직동,경상사고,0,0,1,0,차대차 - 측면충돌,안전운전불이행,건조,맑음,단일로 - 기타,승합,남,51세,상해없음,화물,남,49세,상해없음
2017112100100339,2017년 11월 21일 13시,화요일,충청북도 옥천군 이원면,중상사고,0,1,3,0,차대차 - 측면충돌,신호위반,건조,맑음,교차로 - 교차로안,화물,남,61세,경상,화물,남,38세,경상
2017112100100402,2017년 11월 21일 15시,화요일,충청북도 제천시 청전동,중상사고,0,1,0,0,차대차 - 기타,직진우회전진행방해,건조,맑음,교차로 - 교차로안,이륜,남,64세,중상,승용,남,67세,상해없음
2017112100100455,2017년 11월 21일 17시,화요일,충청북도 청주시 청원구 사천동,경상사고,0,0,1,0,차대차 - 측면충돌,교차로운행방법위반,건조,맑음,교차로 - 교차로안,이륜,남,77세,경상,승용,남,52세,상해없음
2017112100100456,2017년 11월 21일 17시,화요일,충청북도 충주시 금가면,중상사고,0,1,0,0,차대차 - 측면충돌,안전거리미확보,건조,맑음,단일로 - 기타,승용,남,49세,상해없음,승용,여,26세,중상
2017112100100457,2017년 11월 21일 17시,화요일,충청북도 옥천군 옥천읍,부상신고사고,0,0,0,2,차대차 - 추돌,안전거리미확보,건조,맑음,교차로 - 교차로부근,이륜,남,67세,부상신고,이륜,남,51세,상해없음
2017112100100458,2017년 11월 21일 17시,화요일,충청북도 옥천군 청산면,중상사고,0,1,0,0,차대차 - 측면충돌,교차로운행방법위반,건조,맑음,교차로 - 교차로안,승용,남,53세,상해없음,원동기,남,70세,중상
2017112100100459,2017년 11월 21일 17시,화요일,충청북도 청주시 상당구 명암동,경상사고,0,0,1,0,차대차 - 기타,안전운전불이행,건조,맑음,교차로 - 교차로안,승용,남,40세,상해없음,승용,남,57세,경상
2017112100100460,2017년 11월 21일 17시,화요일,충청북도 청주시 서원구 모충동,중상사고,0,1,3,0,차대차 - 기타,안전운전불이행,건조,맑음,교차로 - 교차로안,화물,남,66세,경상,이륜,남,23세,중상
2017112100100515,2017년 11월 21일 18시,화요일,충청북도 청주시 청원구 외평동,경상사고,0,0,1,0,차대차 - 기타,교차로운행방법위반,건조,맑음,교차로 - 교차로안,승용,여,46세,상해없음,승합,남,39세,경상
2017112100100516,2017년 11월 21일 18시,화요일,충청북도 청주시 흥덕구 가경동,경상사고,0,0,3,0,차대차 - 측면충돌,안전운전불이행,건조,맑음,교차로 - 교차로안,승용,여,40세,경상,승용,남,43세,경상
2017112100100612,2017년 11월 21일 21시,화요일,충청북도 음성군 감곡면,사망사고,1,0,1,0,차대차 - 측면충돌,중앙선침범,건조,맑음,단일로 - 기타,승용,남,24세,사망,화물,남,59세,경상
2017112100100613,2017년 11월 21일 21시,화요일,충청북도 청주시 서원구 산남동,중상사고,0,1,0,0,차대차 - 기타,중앙선침범,건조,맑음,단일로 - 기타,승용,여,59세,상해없음,이륜,남,46세,중상
2017112100100637,2017년 11월 21일 22시,화요일,충청북도 청주시 서원구 사창동,경상사고,0,0,1,0,차대사람 - 기타,안전운전불이행,건조,맑음,단일로 - 기타,승용,남,35세,상해없음,보행자,남,25세,경상
2017112200100059,2017년 11월 22일 02시,수요일,충청북도 청주시 청원구 내덕동,경상사고,0,0,4,0,차대차 - 측면충돌,신호위반,건조,맑음,교차로 - 교차로안,승용,남,36세,기타불명,승용,남,53세,경상
2017112200100123,2017년 11월 22일 07시,수요일,충청북도 충주시 대소원면,경상사고,0,0,5,0,차대차 - 기타,중앙선침범,건조,맑음,교차로 - 교차로부근,승용,남,21세,상해없음,화물,남,52세,경상
2017112200100124,2017년 11월 22일 07시,수요일,충청북도 괴산군 괴산읍,경상사고,0,0,4,0,차대차 - 측면충돌,직진우회전진행방해,건조,맑음,교차로 - 교차로안,승용,남,23세,경상,승용,남,49세,경상
2017112200100125,2017년 11월 22일 07시,수요일,충청북도 청주시 흥덕구 오송읍,중상사고,0,1,2,0,차대차 - 측면충돌,교차로운행방법위반,건조,흐림,교차로 - 교차로안,화물,남,53세,기타불명,화물,남,51세,경상
2017112200100126,2017년 11월 22일 07시,수요일,충청북도 청주시 흥덕구 송정동,중상사고,0,2,1,0,차대차 - 측면충돌,교차로운행방법위반,건조,맑음,교차로 - 교차로안,승용,남,65세,중상,승용,남,57세,경상
2017112200100174,2017년 11월 22일 08시,수요일,충청북도 청주시 청원구 내덕동,중상사고,0,1,0,0,차대차 - 측면충돌,안전운전불이행,건조,맑음,교차로 - 교차로횡단보도내,특수,남,61세,상해없음,자전거,여,58세,중상
2017112200100175,2017년 11월 22일 08시,수요일,충청북도 보은군 보은읍,경상사고,0,0,2,0,차대차 - 측면충돌,안전운전불이행,건조,맑음,교차로 - 교차로안,승용,남,58세,경상,승용,남,53세,경상
2017112200100241,2017년 11월 22일 10시,수요일,충청북도 충주시 산척면,중상사고,0,1,1,0,차대차 - 기타,안전거리미확보,건조,맑음,교차로 - 교차로안,승용,남,30세,상해없음,승용,남,56세,중상
2017112200100242,2017년 11월 22일 10시,수요일,충청북도 영동군 영동읍,경상사고,0,0,1,0,차대차 - 기타,안전운전불이행,건조,맑음,단일로 - 기타,승용,여,53세,경상,화물,남,55세,상해없음
2017112200100243,2017년 11월 22일 10시,수요일,충청북도 음성군 감곡면,중상사고,0,1,5,0,차대차 - 기타,안전운전불이행,서리/결빙,눈,단일로 - 기타,승용,여,57세,중상,화물,남,34세,경상
2017112200100244,2017년 11월 22일 10시,수요일,충청북도 청주시 흥덕구 봉명동,중상사고,0,1,0,0,차대차 - 측면충돌,안전운전불이행,건조,맑음,교차로 - 교차로안,승용,남,68세,상해없음,승용,남,72세,중상
2017112200100328,2017년 11월 22일 13시,수요일,충청북도 청주시 서원구 사창동,경상사고,0,0,2,0,차대차 - 기타,교차로운행방법위반,건조,맑음,교차로 - 교차로안,승용,남,19세,경상,승용,남,23세,경상
2017112200100329,2017년 11월 22일 13시,수요일,충청북도 괴산군 괴산읍,경상사고,0,0,1,0,차량단독 - 공작물충돌,안전운전불이행,건조,맑음,단일로 - 기타,화물,남,46세,경상,,,,
2017112200100362,2017년 11월 22일 14시,수요일,충청북도 충주시 칠금동,경상사고,0,0,1,0,차대차 - 기타,직진우회전진행방해,건조,맑음,교차로 - 교차로안,승용,남,53세,상해없음,승합,남,52세,경상
2017112200100468,2017년 11월 22일 17시,수요일,충청북도 진천군 덕산면,중상사고,0,1,0,0,차대차 - 기타,교차로운행방법위반,젖음/습기,맑음,교차로 - 교차로안,화물,남,66세,상해없음,이륜,남,49세,중상
2017112200100469,2017년 11월 22일 17시,수요일,충청북도 청주시 흥덕구 복대동,중상사고,0,1,0,0,차대사람 - 기타,안전운전불이행,건조,맑음,교차로 - 교차로안,승용,여,50세,상해없음,보행자,남,84세,중상
2017112200100517,2017년 11월 22일 18시,수요일,충청북도 청주시 청원구 사천동,경상사고,0,0,2,0,차대차 - 측면충돌,안전운전불이행,건조,맑음,단일로 - 교량,승용,남,66세,상해없음,승용,여,33세,경상
2017112200100518,2017년 11월 22일 18시,수요일,충청북도 청주시 청원구 오동동,경상사고,0,0,1,0,차대차 - 기타,안전운전불이행,건조,맑음,단일로 - 기타,승용,여,24세,상해없음,승용,여,55세,경상
2017112200100519,2017년 11월 22일 18시,수요일,충청북도 진천군 진천읍,경상사고,0,0,4,0,차대차 - 측면충돌,안전운전불이행,건조,맑음,교차로 - 교차로부근,승용,여,39세,상해없음,승용,여,31세,경상
2017112200100520,2017년 11월 22일 18시,수요일,충청북도 청주시 흥덕구 신봉동,부상신고사고,0,0,0,1,차대차 - 측면충돌,안전운전불이행,건조,맑음,교차로 - 교차로안,이륜,남,59세,부상신고,승용,여,43세,상해없음
2017112200100577,2017년 11월 22일 19시,수요일,충청북도 충주시 칠금동,부상신고사고,0,0,0,1,차대차 - 측면충돌,교차로운행방법위반,젖음/습기,흐림,교차로 - 교차로안,원동기,남,44세,부상신고,승용,남,61세,상해없음
2017112200100578,2017년 11월 22일 19시,수요일,충청북도 충주시 목행동,경상사고,0,0,1,0,차대차 - 기타,중앙선침범,건조,맑음,단일로 - 기타,승용,남,80세,상해없음,화물,남,52세,경상
2017112200100579,2017년 11월 22일 19시,수요일,충청북도 제천시 중앙로2가,부상신고사고,0,0,0,1,차대차 - 측면충돌,안전운전불이행,건조,맑음,기타 - 기타,승용,여,64세,부상신고,승용,여,49세,상해없음
2017112200100580,2017년 11월 22일 19시,수요일,충청북도 제천시 강제동,중상사고,0,1,0,0,차대사람 - 횡단중,안전운전불이행,젖음/습기,흐림,단일로 - 기타,승합,남,59세,상해없음,보행자,남,12세,중상
2017112200100581,2017년 11월 22일 19시,수요일,충청북도 증평군 증평읍,경상사고,0,0,1,0,차대차 - 기타,안전운전불이행,건조,맑음,교차로 - 교차로안,원동기,남,16세,경상,승용,남,56세,상해없음
2017112200100618,2017년 11월 22일 20시,수요일,충청북도 청주시 흥덕구 상신동,경상사고,0,0,1,0,차대차 - 추돌,안전운전불이행,건조,맑음,단일로 - 기타,승용,남,47세,상해없음,승용,남,42세,경상
2017112200100619,2017년 11월 22일 20시,수요일,충청북도 청주시 상당구 용암동,경상사고,0,0,1,0,차대차 - 기타,안전운전불이행,건조,맑음,단일로 - 기타,승용,남,26세,상해없음,승용,여,53세,경상
2017112200100649,2017년 11월 22일 21시,수요일,충청북도 청주시 서원구 사창동,경상사고,0,0,1,0,차대차 - 기타,안전운전불이행,건조,맑음,단일로 - 기타,승용,남,47세,상해없음,승용,여,60세,경상
2017112200100701,2017년 11월 22일 23시,수요일,충청북도 충주시 봉방동,중상사고,0,2,1,0,차대차 - 기타,안전운전불이행,건조,맑음,단일로 - 기타,이륜,남,25세,중상,자전거,남,24세,경상
2017112300100106,2017년 11월 23일 06시,목요일,충청북도 충주시 살미면,중상사고,0,1,0,0,차대차 - 기타,중앙선침범,건조,맑음,단일로 - 기타,승용,여,31세,상해없음,화물,남,72세,중상
2017112300100130,2017년 11월 23일 07시,목요일,충청북도 음성군 금왕읍,중상사고,0,1,0,0,차대차 - 측면충돌,교차로운행방법위반,건조,맑음,교차로 - 교차로안,화물,남,60세,상해없음,자전거,여,42세,중상
2017112300100131,2017년 11월 23일 07시,목요일,충청북도 옥천군 안내면,중상사고,0,2,0,0,차대차 - 측면충돌,교차로운행방법위반,건조,맑음,교차로 - 교차로안,승용,남,61세,중상,승합,남,67세,중상
2017112300100229,2017년 11월 23일 10시,목요일,충청북도 청주시 흥덕구 강내면,중상사고,0,1,0,0,차량단독 - 전도전복 - 전복,안전운전불이행,서리/결빙,눈,단일로 - 기타,승용,여,49세,상해없음,,,,
2017112300100267,2017년 11월 23일 11시,목요일,충청북도 진천군 이월면,중상사고,0,1,0,0,차대차 - 기타,안전운전불이행,기타,눈,단일로 - 기타,이륜,남,83세,중상,승용,여,57세,상해없음
2017112300100356,2017년 11월 23일 14시,목요일,충청북도 청주시 서원구 현도면,중상사고,0,1,2,0,차대차 - 측면충돌,신호위반,건조,맑음,교차로 - 교차로안,승용,여,36세,중상,화물,남,42세,경상
2017112300100384,2017년 11월 23일 15시,목요일,충청북도 청주시 청원구 내덕동,경상사고,0,0,2,0,차대차 - 추돌,안전거리미확보,건조,맑음,단일로 - 기타,승용,남,27세,경상,승용,여,41세,경상
2017112300100385,2017년 11월 23일 15시,목요일,충청북도 진천군 광혜원면,경상사고,0,0,1,0,차대차 - 측면충돌,안전운전불이행,건조,맑음,단일로 - 기타,승용,남,73세,상해없음,승용,남,26세,경상
2017112300100421,2017년 11월 23일 16시,목요일,충청북도 증평군 증평읍,중상사고,0,1,0,1,차대차 - 측면충돌,안전운전불이행,건조,맑음,교차로 - 교차로안,화물,남,51세,부상신고,승용,남,49세,중상
2017112300100422,2017년 11월 23일 16시,목요일,충청북도 청주시 흥덕구 강서동,경상사고,0,0,2,0,차대차 - 기타,교차로운행방법위반,건조,맑음,교차로 - 교차로안,승용,남,62세,상해없음,승합,남,29세,경상
2017112300100460,2017년 11월 23일 17시,목요일,충청북도 청주시 청원구 사천동,경상사고,0,0,1,0,차대사람 - 횡단중,보행자보호의무위반,건조,맑음,교차로 - 교차로부근,승용,여,60세,상해없음,보행자,여,69세,경상
2017112300100461,2017년 11월 23일 17시,목요일,충청북도 청주시 서원구 산남동,경상사고,0,0,1,0,차대사람 - 횡단중,보행자보호의무위반,젖음/습기,눈,교차로 - 교차로부근,승용,여,30세,상해없음,보행자,남,19세,경상
2017112300100513,2017년 11월 23일 18시,목요일,충청북도 진천군 진천읍,경상사고,0,0,1,0,차대차 - 기타,직진우회전진행방해,건조,기타,교차로 - 교차로안,승용,남,41세,상해없음,승용,남,49세,경상
2017112300100514,2017년 11월 23일 18시,목요일,충청북도 청주시 상당구 용담동,경상사고,0,0,1,0,차대사람 - 횡단중,안전운전불이행,건조,맑음,단일로 - 기타,승용,여,48세,상해없음,보행자,여,14세,경상
2017112300100515,2017년 11월 23일 18시,목요일,충청북도 청주시 서원구 모충동,경상사고,0,0,1,0,차대차 - 추돌,차로위반,건조,맑음,단일로 - 기타,화물,남,57세,상해없음,이륜,남,57세,경상
2017112300100565,2017년 11월 23일 19시,목요일,충청북도 충주시 충인동,경상사고,0,0,2,0,차대차 - 측면충돌,안전운전불이행,건조,맑음,교차로 - 교차로안,이륜,남,22세,경상,승용,남,19세,경상
2017112300100566,2017년 11월 23일 19시,목요일,충청북도 진천군 진천읍,경상사고,0,0,1,0,차대사람 - 기타,보행자보호의무위반,건조,맑음,교차로 - 교차로부근,이륜,남,20세,상해없음,보행자,남,34세,경상
2017112300100567,2017년 11월 23일 19시,목요일,충청북도 청주시 흥덕구 오송읍,경상사고,0,0,1,0,차대사람 - 기타,안전운전불이행,건조,맑음,교차로 - 교차로횡단보도내,승용,여,44세,상해없음,보행자,여,31세,경상
2017112400100043,2017년 11월 24일 00시,금요일,충청북도 제천시 강제동,경상사고,0,0,2,0,차대차 - 측면충돌,신호위반,적설,눈,교차로 - 교차로안,승용,여,30세,상해없음,승용,남,58세,경상
2017112400100070,2017년 11월 24일 01시,금요일,충청북도 청주시 서원구 사직동,중상사고,0,1,0,0,차대사람 - 보도통행중,보행자보호의무위반,건조,맑음,교차로 - 교차로부근,승용,남,54세,상해없음,보행자,남,81세,중상
2017112400100071,2017년 11월 24일 01시,금요일,충청북도 제천시 중앙로2가,경상사고,0,0,2,0,차대차 - 추돌,안전운전불이행,적설,눈,교차로 - 교차로부근,화물,남,50세,상해없음,승용,남,40세,경상
2017112400100072,2017년 11월 24일 01시,금요일,충청북도 제천시 청전동,경상사고,0,0,2,0,차대사람 - 횡단중,안전운전불이행,적설,눈,교차로 - 교차로안,승용,남,29세,경상,보행자,남,46세,경상
2017112400100073,2017년 11월 24일 01시,금요일,충청북도 음성군 감곡면,중상사고,0,1,3,0,차대차 - 추돌,안전운전불이행,적설,눈,단일로 - 기타,화물,남,56세,경상,승용,남,41세,상해없음
2017112400100098,2017년 11월 24일 03시,금요일,충청북도 청주시 청원구 오창읍,경상사고,0,0,2,0,차대차 - 기타,차로위반,적설,눈,단일로 - 기타,승용,남,49세,경상,승합,남,52세,경상
2017112400100100,2017년 11월 24일 03시,금요일,충청북도 옥천군 군북면,사망사고,1,0,0,0,차대차 - 측면충돌,안전운전불이행,젖음/습기,눈,단일로 - 기타,화물,남,61세,상해없음,화물,남,51세,사망
2017112400100144,2017년 11월 24일 06시,금요일,충청북도 청주시 청원구 율량동,경상사고,0,0,1,0,차대차 - 기타,교차로운행방법위반,건조,맑음,교차로 - 교차로안,이륜,남,46세,경상,승용,남,55세,상해없음