사고번호,사고일시,요일,시군구,사고내용,사망자수,중상자수,경상자수,부상신고자수,사고유형,법규위반,노면상태,기상상태,도로형태,가해운전자 차종,가해운전자 성별,가해운전자 연령,가해운전자 상해정도,피해운전자 차종,피해운전자 성별,피해운전자 연령,피해운전자 상해정도
2017120200100617,2017년 12월 2일 22시,토요일,충청북도 청주시 흥덕구 가경동,중상사고,0,1,0,0,차대사람 - 기타,안전운전불이행,건조,맑음,교차로 - 교차로횡단보도내,이륜,남,25세,상해없음,보행자,남,40세,중상
2017120200100618,2017년 12월 2일 22시,토요일,충청북도 청주시 서원구 분평동,경상사고,0,0,3,0,차대차 - 기타,안전운전불이행,건조,맑음,단일로 - 기타,승용,여,49세,경상,승용,남,54세,경상
2017120200100621,2017년 12월 2일 22시,토요일,충청북도 청주시 서원구 남이면,경상사고,0,0,1,0,차대차 - 측면충돌,안전운전불이행,건조,흐림,단일로 - 기타,승용,남,65세,상해없음,승용,남,40세,경상
2017120200100650,2017년 12월 2일 23시,토요일,충청북도 청주시 서원구 남이면,경상사고,0,0,3,0,차대차 - 측면충돌,안전운전불이행,건조,맑음,단일로 - 기타,승용,남,38세,상해없음,승용,남,51세,경상
2017120300100032,2017년 12월 3일 00시,일요일,충청북도 진천군 문백면,중상사고,0,1,0,0,차량단독 - 전도전복 - 전복,안전운전불이행,건조,흐림,단일로 - 기타,승용,남,35세,상해없음,,,,
2017120300100063,2017년 12월 3일 02시,일요일,충청북도 청주시 청원구 내덕동,중상사고,0,1,0,0,차대사람 - 횡단중,안전운전불이행,건조,맑음,단일로 - 기타,승용,남,36세,상해없음,보행자,여,47세,중상
2017120300100080,2017년 12월 3일 03시,일요일,충청북도 청주시 상당구 석교동,경상사고,0,0,1,0,차량단독 - 공작물충돌,안전운전불이행,건조,맑음,단일로 - 기타,승용,여,58세,경상,,,,
2017120300100096,2017년 12월 3일 05시,일요일,충청북도 음성군 맹동면,중상사고,0,1,1,0,차대차 - 기타,안전운전불이행,건조,맑음,단일로 - 기타,승용,여,53세,중상,화물,남,46세,경상
2017120300100111,2017년 12월 3일 06시,일요일,충청북도 청주시 흥덕구 가경동,경상사고,0,0,1,0,차대차 - 기타,안전운전불이행,건조,맑음,단일로 - 기타,승합,남,40세,상해없음,화물,남,45세,경상
2017120300100129,2017년 12월 3일 08시,일요일,충청북도 청주시 상당구 용암동,경상사고,0,0,1,0,차대차 - 기타,안전운전불이행,건조,맑음,단일로 - 기타,승용,남,69세,상해없음,승용,남,62세,상해없음
2017120300100159,2017년 12월 3일 10시,일요일,충청북도 제천시 청풍면,경상사고,0,0,1,0,차대차 - 기타,안전거리미확보,건조,맑음,단일로 - 기타,화물,남,60세,상해없음,승용,남,59세,경상
2017120300100160,2017년 12월 3일 10시,일요일,충청북도 청주시 흥덕구 강서동,중상사고,0,1,0,0,차대차 - 기타,안전운전불이행,건조,맑음,교차로 - 교차로안,승용,남,30세,상해없음,승용,여,43세,중상
2017120300100161,2017년 12월 3일 10시,일요일,충청북도 청주시 서원구 개신동,경상사고,0,0,1,0,차대차 - 기타,신호위반,건조,맑음,교차로 - 교차로안,승용,남,75세,상해없음,승용,여,31세,경상
2017120300100203,2017년 12월 3일 12시,일요일,충청북도 충주시,중상사고,0,3,1,0,차대차 - 측면충돌,신호위반,건조,맑음,교차로 - 교차로안,승용,남,30세,중상,승용,남,55세,중상
2017120300100231,2017년 12월 3일 13시,일요일,충청북도 청주시 상당구 금천동,경상사고,0,0,1,0,차대차 - 측면충돌,안전운전불이행,건조,맑음,단일로 - 기타,승용,남,55세,기타불명,승용,남,35세,경상
2017120300100250,2017년 12월 3일 14시,일요일,충청북도 청주시 청원구 오창읍,중상사고,0,1,2,0,차대차 - 정면충돌,교차로운행방법위반,건조,흐림,교차로 - 교차로부근,승용,남,62세,경상,승용,남,26세,중상
2017120300100334,2017년 12월 3일 17시,일요일,충청북도 충주시 엄정면,부상신고사고,0,0,0,1,차량단독 - 공작물충돌,안전운전불이행,건조,맑음,교차로 - 교차로안,화물,남,64세,부상신고,,,,
2017120300100335,2017년 12월 3일 17시,일요일,충청북도 청주시 서원구 개신동,경상사고,0,0,1,0,차량단독 - 전도전복,안전운전불이행,젖음/습기,비,단일로 - 기타,이륜,남,25세,경상,미분류,미분류,미분류,미분류
2017120300100365,2017년 12월 3일 18시,일요일,충청북도 청주시 서원구 사직동,경상사고,0,0,2,0,차대차 - 기타,안전운전불이행,건조,맑음,단일로 - 기타,승용,남,44세,상해없음,승용,남,29세,경상
2017120300100366,2017년 12월 3일 18시,일요일,충청북도 음성군 생극면,경상사고,0,0,1,0,차대차 - 기타,신호위반,건조,맑음,교차로 - 교차로안,자전거,남,31세,경상,승용,남,59세,상해없음
2017120300100407,2017년 12월 3일 19시,일요일,충청북도 청주시 청원구 오창읍,경상사고,0,0,4,0,차대차 - 추돌,안전운전불이행,건조,기타,교차로 - 교차로부근,화물,남,54세,상해없음,승용,남,39세,경상
2017120300100408,2017년 12월 3일 19시,일요일,충청북도 청주시 청원구 오창읍,경상사고,0,0,1,0,차대차 - 기타,안전운전불이행,건조,맑음,단일로 - 기타,승용,남,64세,상해없음,화물,여,62세,기타불명
2017120300100409,2017년 12월 3일 19시,일요일,충청북도 청주시 상당구 용암동,경상사고,0,0,1,0,차대사람 - 기타,안전운전불이행,건조,맑음,교차로 - 교차로안,승용,남,21세,상해없음,보행자,남,37세,경상
2017120300100438,2017년 12월 3일 20시,일요일,충청북도 청주시 상당구 남일면,경상사고,0,0,2,0,차량단독 - 공작물충돌,안전운전불이행,서리/결빙,안개,교차로 - 교차로부근,승용,남,25세,상해없음,,,,
2017120300100458,2017년 12월 3일 21시,일요일,충청북도 청주시 흥덕구 복대동,경상사고,0,0,3,0,차대차 - 측면충돌,안전거리미확보,건조,맑음,단일로 - 기타,승용,남,44세,상해없음,화물,남,53세,경상
2017120300100478,2017년 12월 3일 22시,일요일,충청북도 청주시 서원구 모충동,중상사고,0,1,0,0,차대사람 - 기타,안전운전불이행,건조,맑음,교차로 - 교차로부근,승용,여,57세,기타불명,보행자,남,51세,중상
2017120400100056,2017년 12월 4일 05시,월요일,충청북도 제천시 왕암동,중상사고,0,1,0,0,차대사람 - 횡단중,신호위반,건조,맑음,교차로 - 교차로횡단보도내,승용,남,55세,상해없음,보행자,여,71세,중상
2017120400100067,2017년 12월 4일 06시,월요일,충청북도 제천시 화산동,경상사고,0,0,1,0,차대차 - 측면충돌,신호위반,건조,맑음,교차로 - 교차로안,화물,남,61세,상해없음,화물,남,64세,경상
2017120400100068,2017년 12월 4일 06시,월요일,충청북도 청주시 상당구 가덕면,경상사고,0,0,1,0,차대차 - 기타,안전운전불이행,건조,맑음,단일로 - 기타,승용,남,60세,상해없음,농기계,남,56세,경상
2017120400100094,2017년 12월 4일 07시,월요일,충청북도 충주시 금릉동,경상사고,0,0,1,0,차대차 - 기타,안전운전불이행,건조,맑음,교차로 - 교차로부근,승용,남,32세,상해없음,승용,남,51세,경상
2017120400100140,2017년 12월 4일 08시,월요일,충청북도 청주시 청원구 사천동,중상사고,0,1,1,0,차대차 - 측면충돌,직진우회전진행방해,건조,맑음,교차로 - 교차로안,승용,여,25세,중상,승용,남,41세,경상
2017120400100141,2017년 12월 4일 08시,월요일,충청북도 청주시 서원구 사직동,경상사고,0,0,1,0,차대사람 - 기타,기타,건조,맑음,기타 - 기타,승합,남,58세,상해없음,보행자,남,20세,경상
2017120400100142,2017년 12월 4일 08시,월요일,충청북도 충주시 살미면,중상사고,0,1,0,0,차량단독 - 기타,안전운전불이행,서리/결빙,비,단일로 - 기타,화물,여,65세,중상,,,,
2017120400100143,2017년 12월 4일 08시,월요일,충청북도 제천시 장락동,경상사고,0,0,2,0,차대차 - 추돌,안전운전불이행,서리/결빙,흐림,단일로 - 기타,승용,여,46세,상해없음,승용,여,47세,경상
2017120400100144,2017년 12월 4일 08시,월요일,충청북도 제천시 장락동,경상사고,0,0,3,0,차대차 - 측면충돌,안전운전불이행,서리/결빙,흐림,기타 - 기타,승용,남,60세,경상,승용,여,56세,경상
2017120400100145,2017년 12월 4일 08시,월요일,충청북도 음성군 금왕읍,경상사고,0,0,1,0,차대차 - 측면충돌,안전운전불이행,건조,맑음,단일로 - 기타,화물,여,40세,상해없음,승용,남,48세,경상
2017120400100185,2017년 12월 4일 09시,월요일,충청북도 제천시 하소동,경상사고,0,0,2,0,차대차 - 측면충돌,직진우회전진행방해,건조,맑음,교차로 - 교차로안,승용,남,52세,경상,승용,남,60세,경상
2017120400100186,2017년 12월 4일 09시,월요일,충청북도 청주시 상당구 방서동,경상사고,0,0,2,0,차대차 - 추돌,안전운전불이행,건조,맑음,교차로 - 교차로부근,승용,남,55세,상해없음,승용,남,26세,경상
2017120400100234,2017년 12월 4일 11시,월요일,충청북도 진천군 이월면,경상사고,0,0,3,0,차대차 - 추돌,안전거리미확보,건조,맑음,기타 - 기타,승용,남,54세,상해없음,화물,남,45세,경상
2017120400100235,2017년 12월 4일 11시,월요일,충청북도 진천군 이월면,경상사고,0,0,3,0,차대차 - 추돌,안전거리미확보,건조,맑음,단일로 - 기타,승용,남,54세,상해없음,화물,남,45세,경상
2017120400100258,2017년 12월 4일 12시,월요일,충청북도 청주시 상당구 용암동,경상사고,0,0,3,0,차대차 - 측면충돌,신호위반,건조,맑음,교차로 - 교차로안,승합,여,58세,경상,승용,남,53세,경상
2017120400100291,2017년 12월 4일 13시,월요일,충청북도 음성군 소이면,경상사고,0,0,2,0,차대차 - 측면충돌,교차로운행방법위반,건조,맑음,교차로 - 교차로안,농기계,남,64세,경상,건설기계,남,50세,상해없음
2017120400100323,2017년 12월 4일 14시,월요일,충청북도 충주시 칠금동,경상사고,0,0,1,0,차대차 - 기타,안전운전불이행,건조,맑음,교차로 - 교차로안,승용,여,51세,상해없음,승용,여,50세,경상
2017120400100324,2017년 12월 4일 14시,월요일,충청북도 청주시 상당구 서문동,중상사고,0,1,0,0,차대차 - 기타,안전운전불이행,건조,맑음,교차로 - 교차로안,승용,남,40세,상해없음,승용,여,55세,중상
2017120400100357,2017년 12월 4일 15시,월요일,충청북도 충주시 연수동,경상사고,0,0,1,0,차대차 - 추돌,안전운전불이행,건조,맑음,교차로 - 교차로부근,승용,남,51세,상해없음,승용,여,31세,경상
2017120400100388,2017년 12월 4일 16시,월요일,충청북도 충주시 금가면,중상사고,0,1,1,1,차대차 - 기타,신호위반,건조,맑음,교차로 - 교차로안,승용,남,72세,부상신고,화물,남,54세,경상
2017120400100389,2017년 12월 4일 16시,월요일,충청북도 청주시 서원구 수곡동,경상사고,0,0,1,0,차대차 - 기타,안전운전불이행,건조,맑음,교차로 - 교차로안,이륜,남,16세,경상,승용,남,58세,상해없음
2017120400100416,2017년 12월 4일 17시,월요일,충청북도 진천군 이월면,중상사고,0,1,0,0,차대사람 - 횡단중,안전운전불이행,건조,맑음,교차로 - 교차로안,건설기계,남,50세,상해없음,보행자,여,78세,중상
2017120400100417,2017년 12월 4일 17시,월요일,충청북도 청주시 서원구 수곡동,경상사고,0,0,1,0,차대차 - 추돌,안전운전불이행,건조,맑음,교차로 - 교차로안,승용,여,41세,상해없음,승용,남,23세,경상
2017120400100458,2017년 12월 4일 18시,월요일,충청북도 청주시 청원구 우암동,경상사고,0,0,1,0,차대차 - 기타,안전운전불이행,건조,맑음,단일로 - 기타,이륜,남,36세,경상,승용,남,30세,상해없음
2017120400100459,2017년 12월 4일 18시,월요일,충청북도 충주시 금릉동,경상사고,0,0,2,0,차대차 - 추돌,안전운전불이행,건조,맑음,교차로 - 교차로부근,승용,남,74세,상해없음,승용,남,58세,경상
2017120400100460,2017년 12월 4일 18시,월요일,충청북도 제천시 장락동,경상사고,0,0,2,0,차대사람 - 횡단중,보행자보호의무위반,건조,맑음,교차로 - 교차로횡단보도내,화물,남,53세,상해없음,보행자,여,13세,경상
2017120400100461,2017년 12월 4일 18시,월요일,충청북도 청주시 서원구 현도면,중상사고,0,1,0,0,차대사람 - 기타,안전운전불이행,건조,맑음,단일로 - 기타,승용,남,35세,상해없음,보행자,여,67세,중상
2017120400100462,2017년 12월 4일 18시,월요일,충청북도 청주시 서원구 분평동,중상사고,0,1,0,0,차대사람 - 횡단중,안전운전불이행,건조,맑음,교차로 - 교차로안,화물,남,52세,상해없음,보행자,남,70세,중상
2017120400100523,2017년 12월 4일 19시,월요일,충청북도 충주시 성서동,중상사고,0,1,0,0,차대차 - 측면충돌,차로위반,건조,맑음,교차로 - 교차로안,이륜,여,69세,중상,화물,남,67세,상해없음
2017120400100524,2017년 12월 4일 19시,월요일,충청북도 음성군 감곡면,중상사고,0,1,0,0,차대차 - 측면충돌,차로위반,건조,맑음,단일로 - 기타,승용,여,35세,상해없음,이륜,남,19세,중상
2017120400100525,2017년 12월 4일 19시,월요일,충청북도 청주시 흥덕구 비하동,경상사고,0,0,2,0,차대차 - 추돌,안전운전불이행,건조,맑음,단일로 - 기타,승합,남,38세,상해없음,승용,여,45세,경상
2017120400100555,2017년 12월 4일 20시,월요일,충청북도 음성군 금왕읍,중상사고,0,1,0,0,차대차 - 측면충돌,교차로운행방법위반,건조,맑음,교차로 - 교차로안,이륜,남,44세,중상,승용,남,43세,상해없음
2017120400100556,2017년 12월 4일 20시,월요일,충청북도 음성군 대소면,경상사고,0,0,3,0,차대차 - 기타,신호위반,건조,맑음,교차로 - 교차로안,승용,남,47세,경상,승용,남,42세,경상
2017120400100571,2017년 12월 4일 21시,월요일,충청북도 충주시 안림동,경상사고,0,0,3,0,차대차 - 추돌,안전운전불이행,건조,맑음,단일로 - 기타,승용,남,60세,상해없음,승용,여,50세,경상
2017120400100625,2017년 12월 4일 23시,월요일,충청북도 청주시 흥덕구 봉명동,부상신고사고,0,0,0,1,차대차 - 기타,교차로운행방법위반,건조,맑음,교차로 - 교차로안,이륜,남,35세,부상신고,이륜,남,29세,상해없음
2017120400100626,2017년 12월 4일 23시,월요일,충청북도 청주시 서원구 수곡동,중상사고,0,1,0,0,차대사람 - 기타,보행자보호의무위반,건조,맑음,교차로 - 교차로횡단보도내,승용,남,58세,상해없음,보행자,여,75세,중상
2017120500100042,2017년 12월 5일 00시,화요일,충청북도 청주시 상당구 용암동,경상사고,0,0,1,0,차대차 - 기타,안전운전불이행,건조,맑음,교차로 - 교차로횡단보도내,승용,남,30세,상해없음,이륜,남,25세,경상
2017120500100068,2017년 12월 5일 03시,화요일,충청북도 청주시 서원구 산남동,경상사고,0,0,1,0,차대차 - 기타,안전운전불이행,건조,맑음,교차로 - 교차로부근,승용,남,37세,상해없음,승용,남,50세,경상
2017120500100111,2017년 12월 5일 07시,화요일,충청북도 음성군 삼성면,중상사고,0,1,0,0,차대차 - 측면충돌,교차로운행방법위반,건조,맑음,교차로 - 교차로안,승용,남,34세,상해없음,이륜,남,65세,중상
2017120500100112,2017년 12월 5일 07시,화요일,충청북도 청주시 흥덕구 복대동,경상사고,0,0,3,0,차대차 - 기타,불법유턴,건조,맑음,단일로 - 기타,승용,여,51세,경상,승용,남,36세,경상
2017120500100113,2017년 12월 5일 07시,화요일,충청북도 청주시 흥덕구 가경동,경상사고,0,0,2,0,차대차 - 측면충돌,교차로운행방법위반,건조,맑음,교차로 - 교차로부근,승용,남,44세,경상,승용,남,34세,경상
2017120500100114,2017년 12월 5일 07시,화요일,충청북도 청주시 상당구 문화동,경상사고,0,0,2,0,차대차 - 기타,신호위반,건조,맑음,교차로 - 교차로안,승용,여,45세,상해없음,승용,여,57세,경상
2017120500100156,2017년 12월 5일 08시,화요일,충청북도 청주시 상당구 영운동,중상사고,0,1,0,0,차대차 - 기타,교차로운행방법위반,건조,맑음,교차로 - 교차로안,승용,남,39세,상해없음,자전거,남,36세,중상
2017120500100239,2017년 12월 5일 11시,화요일,충청북도 옥천군 옥천읍,중상사고,0,1,0,0,차대사람 - 기타,보행자보호의무위반,건조,맑음,교차로 - 교차로횡단보도내,원동기,남,83세,상해없음,보행자,여,66세,중상
2017120500100282,2017년 12월 5일 12시,화요일,충청북도 청주시 청원구 율량동,경상사고,0,0,3,0,차대차 - 측면충돌,신호위반,건조,맑음,교차로 - 교차로안,승용,남,57세,경상,승용,남,43세,경상
2017120500100306,2017년 12월 5일 13시,화요일,충청북도 음성군 금왕읍,중상사고,0,1,0,0,차대차 - 측면충돌,교차로운행방법위반,건조,맑음,교차로 - 교차로안,이륜,남,77세,중상,승용,남,30세,상해없음
2017120500100307,2017년 12월 5일 13시,화요일,충청북도 청주시 흥덕구 오송읍,경상사고,0,0,1,0,차대차 - 기타,안전운전불이행,건조,맑음,단일로 - 기타,화물,남,31세,상해없음,승용,남,62세,상해없음
2017120500100356,2017년 12월 5일 15시,화요일,충청북도 진천군 초평면,중상사고,0,1,0,0,차대차 - 측면충돌,교차로운행방법위반,건조,맑음,교차로 - 교차로안,승용,남,56세,상해없음,화물,남,49세,중상
2017120500100380,2017년 12월 5일 16시,화요일,충청북도 음성군 원남면,경상사고,0,0,1,0,차대차 - 추돌,신호위반,건조,맑음,교차로 - 교차로안,승용,여,62세,상해없음,승용,남,61세,경상
2017120500100467,2017년 12월 5일 18시,화요일,충청북도 충주시 봉방동,경상사고,0,0,1,0,차대사람 - 기타,안전운전불이행,건조,맑음,교차로 - 교차로부근,승용,남,38세,상해없음,보행자,남,60세,경상
2017120500100468,2017년 12월 5일 18시,화요일,충청북도 청주시 흥덕구 복대동,경상사고,0,0,1,0,차대차 - 기타,안전운전불이행,건조,맑음,단일로 - 기타,이륜,남,25세,경상,승용,남,22세,상해없음
2017120500100469,2017년 12월 5일 18시,화요일,충청북도 청주시 흥덕구 신봉동,경상사고,0,0,1,0,차대사람 - 기타,안전운전불이행,건조,맑음,기타 - 기타,화물,남,44세,상해없음,보행자,여,51세,경상
2017120500100521,2017년 12월 5일 19시,화요일,충청북도 청주시 청원구 북이면,중상사고,0,1,0,0,차대차 - 기타,교차로운행방법위반,건조,맑음,교차로 - 교차로안,이륜,남,53세,중상,승합,남,50세,상해없음
2017120500100550,2017년 12월 5일 20시,화요일,충청북도 청주시 흥덕구 오송읍,경상사고,0,0,2,0,차대차 - 측면충돌,안전운전불이행,건조,맑음,단일로 - 기타,승용,남,33세,상해없음,승용,남,56세,경상
2017120500100570,2017년 12월 5일 21시,화요일,충청북도 청주시 흥덕구 향정동,경상사고,0,0,4,0,차대차 - 추돌,안전운전불이행,건조,맑음,단일로 - 기타,승용,남,43세,상해없음,승용,여,52세,경상
2017120600100057,2017년 12월 6일 01시,수요일,충청북도 청주시 서원구 산남동,경상사고,0,0,3,0,차대차 - 추돌,안전운전불이행,건조,맑음,단일로 - 기타,승용,남,43세,상해없음,승용,남,18세,경상
2017120600100076,2017년 12월 6일 03시,수요일,충청북도 영동군 학산면,중상사고,0,1,0,0,차량단독 - 공작물충돌,안전운전불이행,건조,맑음,단일로 - 기타,승용,남,34세,중상,,,,
2017120600100077,2017년 12월 6일 03시,수요일,충청북도 음성군 생극면,중상사고,0,1,1,0,차대차 - 측면충돌,안전운전불이행,적설,눈,교차로 - 교차로안,승용,남,25세,중상,승용,남,38세,경상
2017120600100111,2017년 12월 6일 06시,수요일,충청북도 청주시 청원구 율량동,경상사고,0,0,2,0,차대차 - 기타,안전운전불이행,적설,눈,단일로 - 기타,승용,여,54세,경상,승용,남,42세,경상
2017120600100112,2017년 12월 6일 06시,수요일,충청북도 청주시 청원구 북이면,경상사고,0,0,2,0,차대차 - 정면충돌,안전운전불이행,건조,맑음,단일로 - 기타,화물,남,58세,상해없음,화물,남,52세,경상
2017120600100113,2017년 12월 6일 06시,수요일,충청북도 청주시 흥덕구 비하동,중상사고,0,1,0,0,차대차 - 기타,안전운전불이행,적설,눈,단일로 - 기타,승용,남,52세,상해없음,승용,남,55세,상해없음
2017120600100114,2017년 12월 6일 06시,수요일,충청북도 청주시 흥덕구 옥산면,부상신고사고,0,0,0,1,차대차 - 기타,안전운전불이행,서리/결빙,눈,교차로 - 교차로안,승용,남,71세,부상신고,화물,남,70세,상해없음
2017120600100115,2017년 12월 6일 06시,수요일,충청북도 청주시 흥덕구 오송읍,경상사고,0,0,1,0,차대차 - 정면충돌,중앙선침범,적설,눈,단일로 - 기타,승용,남,53세,상해없음,승용,여,33세,경상
2017120600100131,2017년 12월 6일 07시,수요일,충청북도 충주시 목행동,경상사고,0,0,1,0,차대차 - 추돌,교차로운행방법위반,적설,눈,교차로 - 교차로부근,승용,남,66세,상해없음,승용,여,45세,경상
2017120600100132,2017년 12월 6일 07시,수요일,충청북도 음성군 맹동면,중상사고,0,1,1,0,차대차 - 측면충돌,안전운전불이행,적설,눈,단일로 - 기타,화물,남,60세,경상,승용,여,53세,중상
2017120600100133,2017년 12월 6일 07시,수요일,충청북도 음성군 대소면,중상사고,0,1,0,0,차대차 - 측면충돌,신호위반,적설,흐림,교차로 - 교차로안,승용,여,44세,상해없음,승용,남,37세,중상
2017120600100134,2017년 12월 6일 07시,수요일,충청북도 청주시 흥덕구 향정동,경상사고,0,0,1,0,차대차 - 추돌,안전운전불이행,적설,눈,단일로 - 기타,승용,여,57세,상해없음,승용,남,35세,경상
2017120600100135,2017년 12월 6일 07시,수요일,충청북도 청주시 서원구 분평동,경상사고,0,0,1,0,차대차 - 기타,안전운전불이행,서리/결빙,맑음,교차로 - 교차로안,승용,남,39세,상해없음,승용,남,33세,경상
2017120600100172,2017년 12월 6일 08시,수요일,충청북도 청주시 서원구 사직동,경상사고,0,0,1,0,차대차 - 기타,교차로운행방법위반,건조,맑음,교차로 - 교차로안,승합,남,63세,상해없음,승용,남,26세,경상
2017120600100173,2017년 12월 6일 08시,수요일,충청북도 청주시 청원구 오창읍,경상사고,0,0,1,0,차대차 - 측면충돌,불법유턴,적설,흐림,교차로 - 교차로안,승합,남,48세,상해없음,승용,남,31세,경상
2017120600100218,2017년 12월 6일 09시,수요일,충청북도 청주시 상당구 용암동,경상사고,0,0,3,0,차대차 - 추돌,안전운전불이행,적설,눈,단일로 - 기타,승용,남,66세,상해없음,승합,남,48세,경상
2017120600100274,2017년 12월 6일 11시,수요일,충청북도 청주시 상당구 방서동,경상사고,0,0,1,0,차대차 - 측면충돌,안전운전불이행,건조,맑음,교차로 - 교차로부근,승용,남,28세,상해없음,승용,남,32세,경상
2017120600100308,2017년 12월 6일 12시,수요일,충청북도 청주시 흥덕구 오송읍,부상신고사고,0,0,0,1,차대차 - 기타,중앙선침범,건조,맑음,교차로 - 교차로부근,자전거,남,75세,부상신고,승용,여,38세,상해없음
2017120600100348,2017년 12월 6일 13시,수요일,충청북도 청주시 상당구 가덕면,경상사고,0,0,2,0,차대차 - 정면충돌,교차로운행방법위반,건조,맑음,교차로 - 교차로부근,승용,남,30세,경상,승용,여,55세,경상
2017120600100382,2017년 12월 6일 14시,수요일,충청북도 음성군 금왕읍,사망사고,1,0,0,0,차대사람 - 횡단중,과속,건조,맑음,교차로 - 교차로안,승용,여,67세,상해없음,보행자,여,66세,사망
2017120600100463,2017년 12월 6일 16시,수요일,충청북도 청주시 청원구 우암동,경상사고,0,0,2,0,차대차 - 기타,신호위반,건조,맑음,교차로 - 교차로부근,승용,남,38세,경상,승용,여,37세,경상
2017120600100464,2017년 12월 6일 16시,수요일,충청북도 청주시 청원구 오창읍,중상사고,0,2,1,0,차대차 - 측면충돌,신호위반,건조,맑음,교차로 - 교차로안,화물,남,59세,경상,승용,남,24세,중상
2017120600100517,2017년 12월 6일 17시,수요일,충청북도 충주시 앙성면,경상사고,0,0,1,0,차대차 - 측면충돌,교차로운행방법위반,건조,맑음,교차로 - 교차로안,화물,남,48세,상해없음,화물,남,53세,경상
2017120600100625,2017년 12월 6일 19시,수요일,충청북도 청주시 흥덕구 복대동,경상사고,0,0,1,0,차대차 - 측면충돌,안전거리미확보,건조,맑음,교차로 - 교차로안,승용,남,62세,상해없음,승용,남,33세,경상
2017120600100656,2017년 12월 6일 20시,수요일,충청북도 청주시 청원구 율량동,중상사고,0,1,1,0,차대차 - 기타,중앙선침범,젖음/습기,기타,교차로 - 교차로부근,승용,남,67세,상해없음,승용,여,42세,중상
2017120600100657,2017년 12월 6일 20시,수요일,충청북도 충주시 연수동,중상사고,0,1,0,0,차대차 - 정면충돌,신호위반,건조,흐림,교차로 - 교차로안,승용,여,44세,상해없음,승용,남,53세,중상
2017120600100658,2017년 12월 6일 20시,수요일,충청북도 옥천군 동이면,중상사고,0,1,5,0,차대차 - 측면충돌,신호위반,건조,맑음,교차로 - 교차로안,승용,남,28세,경상,특수,남,65세,중상
2017120600100683,2017년 12월 6일 21시,수요일,충청북도 청주시 청원구 오동동,중상사고,0,1,1,0,차대차 - 추돌,안전운전불이행,건조,맑음,단일로 - 기타,승용,남,32세,상해없음,승용,여,28세,상해없음
2017120600100684,2017년 12월 6일 21시,수요일,충청북도 청주시 상당구 용담동,중상사고,0,1,2,0,차대차 - 측면충돌,신호위반,건조,맑음,교차로 - 교차로안,승용,여,44세,중상,승용,남,32세,경상
2017120600100708,2017년 12월 6일 22시,수요일,충청북도 충주시 문화동,경상사고,0,0,1,0,차대차 - 추돌,안전운전불이행,건조,맑음,단일로 - 기타,승용,남,34세,상해없음,승용,여,44세,경상
2017120600100709,2017년 12월 6일 22시,수요일,충청북도 청주시 흥덕구 향정동,경상사고,0,0,2,0,차대차 - 기타,안전운전불이행,건조,맑음,교차로 - 교차로안,승용,남,30세,상해없음,승용,여,45세,경상
2017120600100710,2017년 12월 6일 22시,수요일,충청북도 청주시 상당구 금천동,경상사고,0,0,2,0,차대차 - 측면충돌,안전운전불이행,건조,맑음,단일로 - 기타,승용,남,26세,상해없음,승용,여,45세,경상
2017120600100745,2017년 12월 6일 23시,수요일,충청북도 제천시 청전동,경상사고,0,0,1,0,차대차 - 기타,안전운전불이행,건조,흐림,교차로 - 교차로부근,승용,남,19세,상해없음,승용,남,34세,상해없음
2017120700100050,2017년 12월 7일 02시,목요일,충청북도 진천군 이월면,중상사고,0,1,1,0,차대차 - 기타,안전운전불이행,젖음/습기,비,단일로 - 기타,승용,남,22세,중상,승합,남,27세,경상
2017120700100126,2017년 12월 7일 07시,목요일,충청북도 괴산군 사리면,경상사고,0,0,1,0,차대차 - 추돌,안전거리미확보,서리/결빙,흐림,단일로 - 기타,승용,남,55세,상해없음,승용,여,25세,경상
2017120700100163,2017년 12월 7일 08시,목요일,충청북도 청주시 청원구 율량동,경상사고,0,0,1,0,차대차 - 기타,안전운전불이행,건조,맑음,단일로 - 기타,특수,남,54세,상해없음,승용,여,36세,경상
2017120700100238,2017년 12월 7일 11시,목요일,충청북도 청주시 흥덕구 오송읍,경상사고,0,0,2,0,차대차 - 측면충돌,안전운전불이행,건조,맑음,교차로 - 교차로안,화물,남,47세,상해없음,승용,남,41세,경상
2017120700100254,2017년 12월 7일 12시,목요일,충청북도 청주시 상당구 용암동,중상사고,0,3,2,0,차대차 - 측면충돌,신호위반,건조,맑음,교차로 - 교차로안,승합,남,47세,중상,승용,여,54세,경상
2017120700100307,2017년 12월 7일 14시,목요일,충청북도 보은군 수한면,경상사고,0,0,1,0,차대차 - 추돌,안전운전불이행,건조,맑음,단일로 - 기타,화물,남,59세,상해없음,이륜,남,44세,경상
2017120700100328,2017년 12월 7일 15시,목요일,충청북도 청주시 흥덕구 가경동,경상사고,0,0,2,0,차대차 - 측면충돌,안전거리미확보,건조,맑음,단일로 - 기타,화물,남,39세,기타불명,승용,남,55세,경상