사고번호,사고일시,요일,시군구,사고내용,사망자수,중상자수,경상자수,부상신고자수,사고유형,법규위반,노면상태,기상상태,도로형태,가해운전자 차종,가해운전자 성별,가해운전자 연령,가해운전자 상해정도,피해운전자 차종,피해운전자 성별,피해운전자 연령,피해운전자 상해정도
2017120700100398,2017년 12월 7일 17시,목요일,충청북도 증평군 도안면,경상사고,0,0,3,0,차대차 - 추돌,안전운전불이행,건조,맑음,교차로 - 교차로부근,승용,남,33세,상해없음,승용,여,46세,경상
2017120700100444,2017년 12월 7일 18시,목요일,충청북도 청주시 서원구 사창동,경상사고,0,0,1,0,차대사람 - 기타,신호위반,건조,맑음,단일로 - 기타,승용,여,22세,상해없음,보행자,남,29세,경상
2017120700100445,2017년 12월 7일 18시,목요일,충청북도 제천시 강제동,경상사고,0,0,1,0,차대사람 - 기타,안전운전불이행,건조,흐림,주차장 - 주차장,승용,남,56세,상해없음,보행자,여,27세,경상
2017120700100446,2017년 12월 7일 18시,목요일,충청북도 청주시 흥덕구 옥산면,경상사고,0,0,1,0,차대차 - 측면충돌,신호위반,건조,맑음,교차로 - 교차로안,승용,남,69세,상해없음,승용,여,35세,경상
2017120700100520,2017년 12월 7일 20시,목요일,충청북도 청주시 서원구 성화동,중상사고,0,1,0,0,차대차 - 정면충돌,신호위반,건조,맑음,교차로 - 교차로안,승용,남,57세,기타불명,승용,남,37세,중상
2017120700100569,2017년 12월 7일 22시,목요일,충청북도 제천시 장락동,경상사고,0,0,1,0,차대차 - 기타,안전운전불이행,건조,흐림,교차로 - 교차로부근,승용,여,38세,경상,건설기계,남,73세,기타불명
2017120700100570,2017년 12월 7일 22시,목요일,충청북도 청주시 서원구 모충동,경상사고,0,0,1,0,차대차 - 측면충돌,교차로운행방법위반,건조,맑음,교차로 - 교차로안,이륜,여,69세,경상,승합,남,57세,상해없음
2017120700100606,2017년 12월 7일 23시,목요일,충청북도 청주시 청원구 오창읍,경상사고,0,0,1,0,차대사람 - 횡단중,보행자보호의무위반,건조,맑음,교차로 - 교차로횡단보도내,이륜,남,39세,상해없음,보행자,여,24세,경상
2017120700100607,2017년 12월 7일 23시,목요일,충청북도 청주시 서원구 성화동,경상사고,0,0,1,0,차량단독 - 기타,안전운전불이행,건조,맑음,교차로 - 교차로부근,승용,남,37세,경상,,,,
2017120800100039,2017년 12월 8일 00시,금요일,충청북도 청주시 청원구 내덕동,경상사고,0,0,1,0,차대차 - 기타,안전운전불이행,건조,맑음,단일로 - 기타,승용,남,34세,상해없음,승용,남,51세,경상
2017120800100040,2017년 12월 8일 00시,금요일,충청북도 청주시 청원구 주중동,경상사고,0,0,2,0,차대차 - 기타,안전운전불이행,건조,맑음,교차로 - 교차로부근,승용,남,42세,상해없음,승용,남,54세,경상
2017120800100080,2017년 12월 8일 03시,금요일,충청북도 청주시 청원구 주중동,사망사고,1,0,2,0,차대차 - 기타,안전운전불이행,건조,맑음,교차로 - 교차로부근,화물,남,59세,사망,화물,남,51세,경상
2017120800100081,2017년 12월 8일 03시,금요일,충청북도 청주시 상당구 용암동,중상사고,0,1,0,0,차대사람 - 기타,신호위반,건조,맑음,교차로 - 교차로횡단보도내,승용,남,43세,상해없음,보행자,여,55세,중상
2017120800100116,2017년 12월 8일 06시,금요일,충청북도 청주시 청원구 오창읍,경상사고,0,0,1,0,차대차 - 기타,교차로운행방법위반,건조,맑음,교차로 - 교차로안,특수,남,42세,상해없음,승용,남,31세,경상
2017120800100117,2017년 12월 8일 06시,금요일,충청북도 청주시 상당구 용암동,경상사고,0,0,1,0,차대차 - 기타,신호위반,건조,맑음,교차로 - 교차로안,화물,남,68세,상해없음,승용,남,50세,경상
2017120800100141,2017년 12월 8일 07시,금요일,충청북도 청주시 흥덕구 향정동,경상사고,0,0,1,0,차대차 - 추돌,안전운전불이행,건조,맑음,단일로 - 기타,화물,남,52세,상해없음,승용,남,33세,경상
2017120800100218,2017년 12월 8일 09시,금요일,충청북도 청주시 청원구 율량동,경상사고,0,0,3,0,차대차 - 측면충돌,직진우회전진행방해,건조,맑음,교차로 - 교차로안,승용,남,31세,경상,승용,남,55세,경상
2017120800100219,2017년 12월 8일 09시,금요일,충청북도 충주시 주덕읍,경상사고,0,0,2,0,차대차 - 기타,안전운전불이행,건조,맑음,교차로 - 교차로부근,승용,여,46세,상해없음,승용,여,32세,경상
2017120800100220,2017년 12월 8일 09시,금요일,충청북도 청주시 흥덕구 송정동,중상사고,0,1,0,0,차대사람 - 기타,신호위반,건조,맑음,교차로 - 교차로횡단보도내,화물,남,25세,상해없음,보행자,여,26세,중상
2017120800100257,2017년 12월 8일 10시,금요일,충청북도 충주시 칠금동,경상사고,0,0,1,0,차대차 - 기타,안전운전불이행,건조,맑음,단일로 - 기타,승용,남,33세,상해없음,승용,여,45세,경상
2017120800100258,2017년 12월 8일 10시,금요일,충청북도 음성군 맹동면,중상사고,0,1,2,0,차대차 - 측면충돌,교차로운행방법위반,건조,맑음,교차로 - 교차로안,승용,남,51세,경상,승용,남,32세,중상
2017120800100284,2017년 12월 8일 11시,금요일,충청북도 괴산군 괴산읍,중상사고,0,1,0,0,차대사람 - 횡단중,보행자보호의무위반,건조,흐림,교차로 - 교차로횡단보도내,승용,남,61세,상해없음,보행자,남,76세,중상
2017120800100311,2017년 12월 8일 12시,금요일,충청북도 괴산군 장연면,경상사고,0,0,1,0,차대차 - 추돌,안전운전불이행,건조,맑음,기타 - 기타,승용,남,65세,상해없음,승용,남,33세,경상
2017120800100397,2017년 12월 8일 15시,금요일,충청북도 청주시 상당구 지북동,중상사고,0,1,2,0,차대차 - 기타,안전운전불이행,건조,맑음,교차로 - 교차로안,화물,남,36세,상해없음,화물,여,52세,중상
2017120800100481,2017년 12월 8일 17시,금요일,충청북도 충주시 엄정면,경상사고,0,0,2,0,차대차 - 기타,중앙선침범,건조,흐림,교차로 - 교차로부근,승용,여,43세,상해없음,승용,여,47세,경상
2017120800100482,2017년 12월 8일 17시,금요일,충청북도 진천군 덕산면,중상사고,0,1,0,0,차대차 - 기타,교차로운행방법위반,건조,맑음,교차로 - 교차로안,승용,남,59세,상해없음,이륜,남,79세,중상
2017120800100483,2017년 12월 8일 17시,금요일,충청북도 청주시 상당구 방서동,경상사고,0,0,1,0,차대차 - 후진중충돌,안전운전불이행,건조,맑음,단일로 - 기타,승용,남,58세,상해없음,승용,남,52세,경상
2017120800100484,2017년 12월 8일 17시,금요일,충청북도 청주시 상당구 문화동,경상사고,0,0,2,0,차대차 - 기타,안전운전불이행,건조,맑음,교차로 - 교차로부근,승용,남,51세,상해없음,승용,여,50세,경상
2017120800100541,2017년 12월 8일 18시,금요일,충청북도 제천시 왕암동,경상사고,0,0,2,0,차대차 - 기타,직진우회전진행방해,건조,맑음,교차로 - 교차로안,승용,여,61세,경상,승용,남,34세,경상
2017120800100636,2017년 12월 8일 20시,금요일,충청북도 충주시 연수동,경상사고,0,0,2,0,차대차 - 측면충돌,안전거리미확보,건조,맑음,단일로 - 기타,승용,여,53세,상해없음,화물,남,38세,경상
2017120800100637,2017년 12월 8일 20시,금요일,충청북도 괴산군 사리면,경상사고,0,0,2,0,차대차 - 기타,안전운전불이행,건조,맑음,단일로 - 기타,화물,남,71세,경상,승용,남,37세,경상
2017120800100671,2017년 12월 8일 21시,금요일,충청북도 청주시 흥덕구 비하동,경상사고,0,0,1,0,차대차 - 추돌,안전운전불이행,건조,맑음,교차로 - 교차로부근,승용,남,41세,상해없음,승용,남,33세,경상
2017120800100693,2017년 12월 8일 22시,금요일,충청북도 충주시 교현동,부상신고사고,0,0,0,1,차대차 - 기타,안전운전불이행,건조,맑음,교차로 - 교차로부근,원동기,남,16세,부상신고,원동기,남,51세,상해없음
2017120800100694,2017년 12월 8일 22시,금요일,충청북도 음성군 음성읍,중상사고,0,1,0,0,차대사람 - 기타,안전운전불이행,건조,맑음,교차로 - 교차로안,이륜,남,22세,상해없음,보행자,남,63세,중상
2017120800100722,2017년 12월 8일 23시,금요일,충청북도 청주시 흥덕구 가경동,사망사고,1,0,0,0,차대사람 - 횡단중,신호위반,건조,맑음,교차로 - 교차로횡단보도내,승용,남,39세,상해없음,보행자,남,30세,사망
2017120900100035,2017년 12월 9일 00시,토요일,충청북도 제천시 청전동,중상사고,0,1,0,0,차대차 - 측면충돌,안전운전불이행,건조,맑음,기타 - 기타,승용,남,20세,상해없음,자전거,남,68세,중상
2017120900100036,2017년 12월 9일 00시,토요일,충청북도 청주시 서원구 분평동,경상사고,0,0,1,0,차대차 - 측면충돌,안전운전불이행,건조,맑음,단일로 - 기타,승용,남,43세,상해없음,화물,남,32세,경상
2017120900100064,2017년 12월 9일 01시,토요일,충청북도 청주시 흥덕구 봉명동,경상사고,0,0,4,0,차대차 - 측면충돌,안전운전불이행,건조,맑음,단일로 - 기타,승용,남,60세,상해없음,승용,남,63세,경상
2017120900100114,2017년 12월 9일 04시,토요일,충청북도 청주시 흥덕구 복대동,경상사고,0,0,1,0,차대차 - 측면충돌,신호위반,건조,맑음,단일로 - 기타,기타불명,기타불명,미분류,기타불명,승용,남,71세,경상
2017120900100157,2017년 12월 9일 07시,토요일,충청북도 괴산군 소수면,경상사고,0,0,2,0,차대차 - 추돌,안전거리미확보,건조,흐림,단일로 - 기타,건설기계,남,28세,경상,화물,남,38세,경상
2017120900100158,2017년 12월 9일 07시,토요일,충청북도 괴산군 장연면,중상사고,0,1,0,0,차대차 - 추돌,안전운전불이행,건조,맑음,기타 - 기타,승용,남,34세,중상,특수,남,57세,상해없음
2017120900100173,2017년 12월 9일 08시,토요일,충청북도 청주시 상당구 수동,중상사고,0,1,2,0,차대차 - 측면충돌,중앙선침범,건조,맑음,교차로 - 교차로부근,승용,남,67세,상해없음,화물,남,74세,경상
2017120900100215,2017년 12월 9일 10시,토요일,충청북도 옥천군 안남면,경상사고,0,0,1,0,차대차 - 측면충돌,교차로운행방법위반,건조,맑음,교차로 - 교차로안,이륜,남,71세,경상,승용,남,72세,상해없음
2017120900100249,2017년 12월 9일 11시,토요일,충청북도 청주시 상당구 용정동,경상사고,0,0,2,0,차대차 - 기타,신호위반,건조,맑음,교차로 - 교차로부근,화물,남,40세,상해없음,승용,남,46세,경상
2017120900100250,2017년 12월 9일 11시,토요일,충청북도 진천군 초평면,경상사고,0,0,3,0,차대차 - 추돌,안전운전불이행,건조,맑음,단일로 - 기타,화물,남,64세,상해없음,승용,남,52세,경상
2017120900100322,2017년 12월 9일 13시,토요일,충청북도 청주시 서원구 남이면,경상사고,0,0,5,0,차대차 - 추돌,안전운전불이행,건조,맑음,교차로 - 교차로부근,승용,여,61세,경상,승용,여,34세,경상
2017120900100323,2017년 12월 9일 13시,토요일,충청북도 청주시 흥덕구 가경동,경상사고,0,0,1,0,차대차 - 측면충돌,안전운전불이행,건조,맑음,교차로 - 교차로부근,승용,여,68세,상해없음,이륜,남,59세,경상
2017120900100361,2017년 12월 9일 14시,토요일,충청북도 진천군 진천읍,경상사고,0,0,2,0,차대차 - 기타,안전거리미확보,건조,맑음,교차로 - 교차로부근,승용,남,46세,상해없음,승용,여,34세,경상
2017120900100362,2017년 12월 9일 14시,토요일,충청북도 청주시 흥덕구 오송읍,중상사고,0,1,0,0,차량단독 - 공작물충돌,안전운전불이행,건조,맑음,단일로 - 기타,승용,남,43세,중상,,,,
2017120900100388,2017년 12월 9일 15시,토요일,충청북도 청주시 서원구 사창동,중상사고,0,1,1,0,차대사람 - 횡단중,신호위반,건조,맑음,단일로 - 기타,이륜,남,16세,경상,보행자,남,20세,중상
2017120900100389,2017년 12월 9일 15시,토요일,충청북도 청주시 흥덕구 비하동,경상사고,0,0,2,0,차대차 - 기타,안전운전불이행,건조,맑음,단일로 - 기타,승용,남,42세,상해없음,승용,남,55세,경상
2017120900100390,2017년 12월 9일 15시,토요일,충청북도 청주시 상당구 용암동,경상사고,0,0,2,0,차대차 - 기타,교차로운행방법위반,건조,맑음,교차로 - 교차로안,승용,남,57세,상해없음,승용,남,35세,경상
2017120900100449,2017년 12월 9일 17시,토요일,충청북도 충주시 연수동,경상사고,0,0,1,0,차대사람 - 기타,신호위반,건조,맑음,교차로 - 교차로안,원동기,남,20세,상해없음,보행자,여,36세,경상
2017120900100504,2017년 12월 9일 18시,토요일,충청북도 청주시 서원구 사창동,경상사고,0,0,1,0,차대사람 - 기타,안전운전불이행,건조,맑음,교차로 - 교차로부근,승용,남,62세,상해없음,보행자,남,49세,경상
2017120900100505,2017년 12월 9일 18시,토요일,충청북도 충주시 엄정면,경상사고,0,0,1,0,차량단독 - 기타,안전운전불이행,서리/결빙,맑음,단일로 - 기타,승용,남,30세,경상,,,,
2017120900100506,2017년 12월 9일 18시,토요일,충청북도 충주시 칠금동,경상사고,0,0,2,0,차대차 - 기타,직진우회전진행방해,건조,맑음,교차로 - 교차로안,승용,남,54세,상해없음,이륜,여,16세,경상
2017120900100507,2017년 12월 9일 18시,토요일,충청북도 증평군 증평읍,경상사고,0,0,1,0,차대차 - 기타,안전운전불이행,건조,맑음,교차로 - 교차로안,승용,남,44세,경상,승용,남,74세,상해없음
2017120900100508,2017년 12월 9일 18시,토요일,충청북도 청주시 서원구 분평동,중상사고,0,1,0,0,차대사람 - 횡단중,보행자보호의무위반,건조,흐림,단일로 - 기타,화물,남,23세,상해없음,보행자,여,73세,중상
2017120900100563,2017년 12월 9일 19시,토요일,충청북도 청주시 청원구 주중동,경상사고,0,0,4,0,차대차 - 기타,차로위반,건조,맑음,단일로 - 기타,승용,여,27세,상해없음,승용,남,35세,경상
2017120900100564,2017년 12월 9일 19시,토요일,충청북도 청주시 청원구 율량동,경상사고,0,0,1,0,차대차 - 기타,불법유턴,건조,맑음,교차로 - 교차로부근,화물,남,46세,상해없음,원동기,남,44세,경상
2017120900100565,2017년 12월 9일 19시,토요일,충청북도 증평군 증평읍,경상사고,0,0,1,0,차대차 - 기타,중앙선침범,건조,맑음,단일로 - 기타,승합,남,57세,상해없음,원동기,남,21세,경상
2017120900100594,2017년 12월 9일 20시,토요일,충청북도 음성군 음성읍,중상사고,0,1,1,0,차대차 - 추돌,안전거리미확보,건조,맑음,교차로 - 교차로부근,승용,여,56세,상해없음,승용,여,57세,중상
2017121000100065,2017년 12월 10일 02시,일요일,충청북도 보은군 보은읍,부상신고사고,0,0,0,1,차대차 - 추돌,신호위반,젖음/습기,맑음,교차로 - 교차로안,승용,남,33세,부상신고,승용,남,24세,상해없음
2017121000100094,2017년 12월 10일 04시,일요일,충청북도 충주시 연수동,경상사고,0,0,3,1,차대차 - 측면충돌,직진우회전진행방해,건조,맑음,교차로 - 교차로안,승용,남,54세,부상신고,승용,남,53세,상해없음
2017121000100150,2017년 12월 10일 08시,일요일,충청북도 옥천군 옥천읍,중상사고,0,1,0,0,차대차 - 기타,안전운전불이행,건조,맑음,단일로 - 기타,화물,남,52세,상해없음,원동기,남,63세,중상
2017121000100158,2017년 12월 10일 09시,일요일,충청북도 청주시 서원구 죽림동,경상사고,0,0,2,0,차대차 - 추돌,안전운전불이행,젖음/습기,비,교차로 - 교차로부근,승용,남,24세,상해없음,승용,남,36세,상해없음
2017121000100178,2017년 12월 10일 10시,일요일,충청북도 청주시 청원구 오창읍,경상사고,0,0,1,0,차대차 - 기타,신호위반,건조,맑음,교차로 - 교차로안,승용,여,52세,상해없음,승용,여,63세,경상
2017121000100179,2017년 12월 10일 10시,일요일,충청북도 청주시 서원구 모충동,중상사고,0,1,0,0,차대사람 - 기타,안전운전불이행,건조,맑음,단일로 - 기타,승용,여,55세,상해없음,보행자,여,20세,중상
2017121000100198,2017년 12월 10일 11시,일요일,충청북도 청주시 청원구 율량동,경상사고,0,0,1,0,차대차 - 기타,안전거리미확보,건조,흐림,교차로 - 교차로부근,승용,남,65세,상해없음,승용,여,45세,경상
2017121000100218,2017년 12월 10일 12시,일요일,충청북도 옥천군 안남면,중상사고,0,1,0,0,차량단독 - 도로외이탈 - 추락,안전운전불이행,건조,맑음,교차로 - 교차로부근,승용,여,48세,중상,,,,
2017121000100219,2017년 12월 10일 12시,일요일,충청북도 청주시 흥덕구 비하동,경상사고,0,0,1,0,차대차 - 추돌,안전운전불이행,젖음/습기,맑음,교차로 - 교차로부근,승용,남,48세,상해없음,승용,남,29세,경상
2017121000100220,2017년 12월 10일 12시,일요일,충청북도 청주시 서원구 산남동,경상사고,0,0,2,0,차대차 - 측면충돌,교차로운행방법위반,건조,맑음,교차로 - 교차로안,승용,남,66세,상해없음,승용,여,41세,경상
2017121000100290,2017년 12월 10일 15시,일요일,충청북도 단양군 단양읍,경상사고,0,0,1,0,차대사람 - 횡단중,보행자보호의무위반,건조,맑음,교차로 - 교차로횡단보도내,승용,남,68세,상해없음,보행자,여,60세,경상
2017121000100376,2017년 12월 10일 18시,일요일,충청북도 충주시 연수동,경상사고,0,0,1,0,차대사람 - 횡단중,신호위반,젖음/습기,흐림,교차로 - 교차로안,화물,남,41세,상해없음,보행자,여,29세,경상
2017121000100377,2017년 12월 10일 18시,일요일,충청북도 청주시 상당구 용암동,경상사고,0,0,2,0,차대차 - 측면충돌,차로위반,젖음/습기,맑음,단일로 - 기타,승용,남,63세,경상,승용,남,56세,상해없음
2017121000100431,2017년 12월 10일 20시,일요일,충청북도 청주시 서원구 분평동,중상사고,0,1,0,0,차대사람 - 기타,중앙선침범,젖음/습기,눈,단일로 - 기타,승합,남,47세,상해없음,보행자,남,30세,중상
2017121000100450,2017년 12월 10일 21시,일요일,충청북도 청주시 서원구 사직동,경상사고,0,0,1,0,차대차 - 기타,안전운전불이행,젖음/습기,눈,교차로 - 교차로부근,승용,남,47세,상해없음,이륜,남,71세,경상
2017121000100491,2017년 12월 10일 23시,일요일,충청북도 청주시 청원구 우암동,경상사고,0,0,1,0,차대사람 - 기타,안전운전불이행,건조,맑음,교차로 - 교차로안,기타불명,기타불명,미분류,기타불명,보행자,남,61세,경상
2017121000100492,2017년 12월 10일 23시,일요일,충청북도 청주시 흥덕구 복대동,경상사고,0,0,2,0,차대차 - 측면충돌,신호위반,서리/결빙,눈,교차로 - 교차로안,승용,여,37세,경상,승용,남,58세,경상
2017121100100022,2017년 12월 11일 00시,월요일,충청북도 옥천군 옥천읍,경상사고,0,0,1,0,차대차 - 기타,안전운전불이행,젖음/습기,눈,단일로 - 기타,승용,남,36세,경상,화물,남,37세,기타불명
2017121100100035,2017년 12월 11일 02시,월요일,충청북도 진천군 진천읍,경상사고,0,0,1,0,차대차 - 기타,교차로운행방법위반,건조,맑음,교차로 - 교차로안,승용,여,25세,상해없음,승용,여,27세,경상
2017121100100048,2017년 12월 11일 05시,월요일,충청북도 음성군 삼성면,경상사고,0,0,1,0,차대차 - 추돌,안전운전불이행,건조,맑음,단일로 - 기타,특수,남,47세,상해없음,승용,남,33세,경상
2017121100100074,2017년 12월 11일 07시,월요일,충청북도 청주시 흥덕구 오송읍,경상사고,0,0,1,0,차대차 - 기타,안전거리미확보,건조,맑음,교차로 - 교차로안,기타불명,기타불명,미분류,기타불명,자전거,여,54세,경상
2017121100100096,2017년 12월 11일 08시,월요일,충청북도 증평군 증평읍,경상사고,0,0,3,0,차대차 - 기타,안전운전불이행,건조,맑음,교차로 - 교차로안,승용,여,41세,경상,승합,여,50세,경상
2017121100100097,2017년 12월 11일 08시,월요일,충청북도 청주시 흥덕구 오송읍,경상사고,0,0,2,0,차대차 - 기타,중앙선침범,서리/결빙,눈,단일로 - 기타,화물,남,75세,경상,승용,여,24세,경상
2017121100100098,2017년 12월 11일 08시,월요일,충청북도 청주시 흥덕구 복대동,경상사고,0,0,1,0,차대차 - 추돌,안전운전불이행,건조,맑음,단일로 - 기타,승용,남,53세,상해없음,승용,남,73세,상해없음
2017121100100135,2017년 12월 11일 09시,월요일,충청북도 음성군 금왕읍,중상사고,0,3,0,0,차대차 - 추돌,안전운전불이행,건조,맑음,교차로 - 교차로부근,화물,남,59세,상해없음,승용,남,49세,중상
2017121100100137,2017년 12월 11일 09시,월요일,충청북도 청주시 서원구 현도면,경상사고,0,0,1,0,차대차 - 측면충돌,안전운전불이행,젖음/습기,눈,기타 - 기타,화물,남,51세,상해없음,승용,남,31세,경상
2017121100100159,2017년 12월 11일 10시,월요일,충청북도 충주시 교현동,중상사고,0,1,0,0,차대차 - 측면충돌,안전거리미확보,건조,맑음,단일로 - 기타,화물,남,32세,상해없음,원동기,남,54세,중상
2017121100100160,2017년 12월 11일 10시,월요일,충청북도 영동군 황간면,중상사고,0,1,0,0,차대차 - 측면충돌,안전운전불이행,건조,흐림,교차로 - 교차로안,화물,남,48세,상해없음,자전거,남,71세,중상
2017121100100177,2017년 12월 11일 11시,월요일,충청북도 청주시 서원구 사창동,경상사고,0,0,1,0,차대차 - 기타,안전거리미확보,건조,맑음,교차로 - 교차로부근,승용,남,33세,상해없음,승합,남,51세,상해없음
2017121100100227,2017년 12월 11일 13시,월요일,충청북도 제천시 하소동,중상사고,0,1,1,0,차대차 - 기타,직진우회전진행방해,건조,맑음,교차로 - 교차로안,승합,여,35세,경상,승용,남,68세,중상
2017121100100363,2017년 12월 11일 17시,월요일,충청북도 충주시 성내동,경상사고,0,0,1,0,차대차 - 후진중충돌,안전운전불이행,건조,맑음,교차로 - 교차로안,화물,남,65세,상해없음,승용,여,48세,경상
2017121100100364,2017년 12월 11일 17시,월요일,충청북도 청주시 흥덕구 강내면,부상신고사고,0,0,0,1,차량단독 - 기타,안전운전불이행,적설,맑음,단일로 - 기타,승용,여,57세,부상신고,,,,
2017121100100401,2017년 12월 11일 18시,월요일,충청북도 청주시 서원구 사창동,경상사고,0,0,1,0,차대사람 - 기타,안전운전불이행,건조,맑음,단일로 - 기타,승용,여,22세,상해없음,보행자,남,26세,경상
2017121100100402,2017년 12월 11일 18시,월요일,충청북도 청주시 청원구 내수읍,중상사고,0,1,1,0,차대차 - 정면충돌,신호위반,건조,맑음,교차로 - 교차로안,특수,남,61세,경상,승용,남,69세,중상
2017121100100403,2017년 12월 11일 18시,월요일,충청북도 청주시 서원구 모충동,경상사고,0,0,1,0,차대차 - 기타,안전운전불이행,건조,맑음,단일로 - 기타,승용,여,32세,기타불명,승용,남,38세,경상
2017121100100438,2017년 12월 11일 19시,월요일,충청북도 청주시 흥덕구 복대동,경상사고,0,0,1,0,차대사람 - 기타,안전운전불이행,건조,맑음,교차로 - 교차로안,기타불명,기타불명,미분류,기타불명,보행자,남,10세,경상
2017121100100461,2017년 12월 11일 20시,월요일,충청북도 청주시 상당구 용암동,중상사고,0,1,1,0,차대차 - 기타,안전운전불이행,건조,맑음,단일로 - 기타,승용,남,66세,상해없음,승용,여,54세,경상
2017121100100480,2017년 12월 11일 21시,월요일,충청북도 청주시 서원구 현도면,경상사고,0,0,2,0,차대차 - 측면충돌,안전운전불이행,젖음/습기,눈,단일로 - 기타,화물,남,51세,상해없음,승용,남,65세,경상
2017121200100041,2017년 12월 12일 00시,화요일,충청북도 청주시 흥덕구 봉명동,경상사고,0,0,1,0,차대차 - 추돌,안전운전불이행,건조,맑음,단일로 - 기타,승용,여,29세,상해없음,승용,남,55세,경상
2017121200100061,2017년 12월 12일 04시,화요일,충청북도 청주시 서원구 산남동,경상사고,0,0,1,0,차대차 - 기타,안전운전불이행,건조,맑음,교차로 - 교차로부근,화물,남,26세,상해없음,승용,남,37세,경상
2017121200100070,2017년 12월 12일 06시,화요일,충청북도 청주시 서원구 성화동,중상사고,0,1,0,0,차대사람 - 기타,안전운전불이행,건조,맑음,단일로 - 기타,승합,남,58세,상해없음,보행자,여,69세,중상
2017121200100118,2017년 12월 12일 08시,화요일,충청북도 청주시 청원구 우암동,경상사고,0,0,1,0,차대차 - 기타,안전운전불이행,건조,맑음,교차로 - 교차로안,승합,남,50세,상해없음,이륜,남,57세,경상
2017121200100119,2017년 12월 12일 08시,화요일,충청북도 제천시 강제동,경상사고,0,0,1,0,차대차 - 정면충돌,안전운전불이행,건조,맑음,교차로 - 교차로안,화물,남,56세,상해없음,승용,여,52세,경상
2017121200100152,2017년 12월 12일 09시,화요일,충청북도 충주시 교현동,경상사고,0,0,1,0,차대차 - 기타,안전운전불이행,건조,맑음,단일로 - 기타,승용,남,60세,상해없음,승용,여,34세,경상
2017121200100179,2017년 12월 12일 10시,화요일,충청북도 청주시 청원구 사천동,중상사고,0,1,0,0,차대사람 - 보도통행중,보행자보호의무위반,건조,맑음,교차로 - 교차로부근,승용,남,29세,상해없음,보행자,남,71세,중상
2017121200100180,2017년 12월 12일 10시,화요일,충청북도 청주시 청원구 율량동,경상사고,0,0,1,0,차대차 - 기타,차로위반,건조,맑음,교차로 - 교차로부근,승합,남,69세,상해없음,승합,남,59세,상해없음
2017121200100209,2017년 12월 12일 11시,화요일,충청북도 청주시 청원구 사천동,경상사고,0,0,1,0,차대차 - 측면충돌,안전거리미확보,건조,맑음,교차로 - 교차로안,화물,남,49세,상해없음,승용,남,40세,경상
2017121200100210,2017년 12월 12일 11시,화요일,충청북도 음성군 음성읍,경상사고,0,0,1,0,차대차 - 추돌,차로위반,건조,맑음,단일로 - 기타,원동기,남,71세,경상,승합,여,54세,상해없음
2017121200100211,2017년 12월 12일 11시,화요일,충청북도 청주시 서원구 수곡동,중상사고,0,1,0,0,차대사람 - 횡단중,안전운전불이행,건조,맑음,교차로 - 교차로안,승용,여,25세,상해없음,보행자,남,57세,중상
2017121200100243,2017년 12월 12일 12시,화요일,충청북도 청주시 청원구 오창읍,경상사고,0,0,1,0,차대차 - 기타,교차로운행방법위반,건조,맑음,교차로 - 교차로안,승용,남,53세,상해없음,이륜,남,46세,경상
2017121200100244,2017년 12월 12일 12시,화요일,충청북도 청주시 청원구 내덕동,중상사고,0,1,0,0,차대사람 - 기타,기타,건조,맑음,기타 - 기타,화물,남,53세,상해없음,보행자,남,41세,중상
2017121200100245,2017년 12월 12일 12시,화요일,충청북도 충주시 용산동,경상사고,0,0,2,0,차대차 - 기타,차로위반,건조,맑음,교차로 - 교차로부근,승용,여,52세,경상,승용,남,25세,경상
2017121200100271,2017년 12월 12일 13시,화요일,충청북도 청주시 상당구 남일면,경상사고,0,0,2,0,차대차 - 기타,안전운전불이행,건조,맑음,단일로 - 기타,승합,남,73세,상해없음,승용,남,70세,경상
2017121200100272,2017년 12월 12일 13시,화요일,충청북도 청주시 서원구 수곡동,경상사고,0,0,1,0,차대차 - 기타,교차로운행방법위반,건조,맑음,교차로 - 교차로안,승용,남,32세,상해없음,승용,여,42세,상해없음
2017121200100303,2017년 12월 12일 14시,화요일,충청북도 청주시 청원구 오창읍,경상사고,0,0,2,0,차대차 - 기타,차로위반,건조,맑음,단일로 - 기타,승용,여,48세,경상,승용,여,51세,경상
2017121200100304,2017년 12월 12일 14시,화요일,충청북도 청주시 상당구 영동,중상사고,0,1,1,0,차대차 - 기타,안전운전불이행,건조,맑음,단일로 - 기타,승용,여,48세,경상,승용,여,32세,중상
2017121200100305,2017년 12월 12일 14시,화요일,충청북도 청주시 흥덕구 봉명동,부상신고사고,0,0,0,1,차대차 - 기타,교차로운행방법위반,건조,맑음,교차로 - 교차로안,이륜,남,21세,부상신고,승용,여,40세,상해없음
2017121200100398,2017년 12월 12일 17시,화요일,충청북도 청주시 청원구 우암동,중상사고,0,1,0,0,차대차 - 기타,안전운전불이행,건조,맑음,단일로 - 기타,승용,남,23세,상해없음,자전거,여,75세,중상