사고번호,사고일시,요일,시군구,사고내용,사망자수,중상자수,경상자수,부상신고자수,사고유형,법규위반,노면상태,기상상태,도로형태,가해운전자 차종,가해운전자 성별,가해운전자 연령,가해운전자 상해정도,피해운전자 차종,피해운전자 성별,피해운전자 연령,피해운전자 상해정도
2017121200100399,2017년 12월 12일 17시,화요일,충청북도 음성군 음성읍,중상사고,0,1,2,0,차대차 - 추돌,안전거리미확보,건조,맑음,단일로 - 기타,화물,남,70세,경상,화물,남,41세,중상
2017121200100439,2017년 12월 12일 18시,화요일,충청북도 청주시 흥덕구 옥산면,중상사고,0,1,1,0,차대차 - 추돌,안전운전불이행,건조,맑음,단일로 - 기타,승용,여,38세,상해없음,승용,남,60세,중상
2017121200100440,2017년 12월 12일 18시,화요일,충청북도 청주시 서원구 모충동,경상사고,0,0,1,0,차대사람 - 기타,안전운전불이행,건조,맑음,단일로 - 기타,특수,남,27세,상해없음,보행자,남,35세,경상
2017121200100484,2017년 12월 12일 19시,화요일,충청북도 증평군 증평읍,경상사고,0,0,2,0,차대차 - 추돌,안전운전불이행,건조,맑음,교차로 - 교차로부근,승용,여,52세,상해없음,승용,남,44세,경상
2017121200100485,2017년 12월 12일 19시,화요일,충청북도 음성군 대소면,경상사고,0,0,1,0,차대사람 - 기타,보행자보호의무위반,건조,맑음,교차로 - 교차로부근,승용,남,48세,상해없음,보행자,여,27세,경상
2017121200100486,2017년 12월 12일 19시,화요일,충청북도 청주시 상당구 용암동,경상사고,0,0,1,0,차대차 - 추돌,안전운전불이행,건조,맑음,교차로 - 교차로안,이륜,남,27세,경상,승용,남,52세,상해없음
2017121200100540,2017년 12월 12일 21시,화요일,충청북도 청주시 흥덕구 복대동,경상사고,0,0,1,0,차대차 - 기타,안전운전불이행,건조,맑음,단일로 - 기타,승용,남,43세,상해없음,승용,남,44세,경상
2017121200100564,2017년 12월 12일 22시,화요일,충청북도 청주시 상당구 남일면,경상사고,0,0,2,0,차대차 - 추돌,안전운전불이행,건조,맑음,단일로 - 기타,승용,남,38세,상해없음,승용,남,60세,경상
2017121200100588,2017년 12월 12일 23시,화요일,충청북도 청주시 청원구 율량동,중상사고,0,2,1,0,차대차 - 기타,안전운전불이행,건조,맑음,교차로 - 교차로안,승용,여,38세,상해없음,승용,남,44세,경상
2017121200100589,2017년 12월 12일 23시,화요일,충청북도 제천시 중앙로1가,중상사고,0,1,1,0,차대차 - 측면충돌,직진우회전진행방해,건조,맑음,교차로 - 교차로안,승용,여,23세,경상,승용,남,36세,상해없음
2017121200100590,2017년 12월 12일 23시,화요일,충청북도 제천시 봉양읍,경상사고,0,0,2,1,차대차 - 추돌,안전운전불이행,건조,흐림,교차로 - 교차로부근,승용,남,56세,부상신고,승용,남,26세,경상
2017121200100591,2017년 12월 12일 23시,화요일,충청북도 청주시 흥덕구 송절동,경상사고,0,0,1,0,차대차 - 추돌,안전운전불이행,건조,맑음,단일로 - 기타,승용,남,28세,상해없음,승용,남,31세,경상
2017121300100092,2017년 12월 13일 07시,수요일,충청북도 청주시 청원구 율량동,중상사고,0,1,0,0,차대차 - 측면충돌,신호위반,건조,맑음,교차로 - 교차로안,승용,남,34세,상해없음,자전거,남,26세,중상
2017121300100124,2017년 12월 13일 08시,수요일,충청북도 청주시 청원구 내덕동,경상사고,0,0,2,0,차대차 - 측면충돌,차로위반,건조,맑음,교차로 - 교차로부근,승용,여,50세,경상,승용,남,44세,경상
2017121300100125,2017년 12월 13일 08시,수요일,충청북도 청주시 청원구 오창읍,경상사고,0,0,2,0,차대차 - 측면충돌,교차로운행방법위반,건조,맑음,교차로 - 교차로안,승용,여,49세,경상,승용,남,33세,경상
2017121300100165,2017년 12월 13일 09시,수요일,충청북도 충주시 문화동,경상사고,0,0,1,0,차대차 - 기타,교차로운행방법위반,건조,맑음,교차로 - 교차로안,승용,남,44세,상해없음,승용,여,67세,경상
2017121300100166,2017년 12월 13일 09시,수요일,충청북도 청주시 흥덕구 봉명동,경상사고,0,0,2,0,차대차 - 기타,교차로운행방법위반,건조,맑음,교차로 - 교차로안,화물,남,53세,상해없음,승용,남,58세,경상
2017121300100217,2017년 12월 13일 11시,수요일,충청북도 청주시 서원구 분평동,중상사고,0,1,2,0,차대차 - 정면충돌,중앙선침범,건조,맑음,단일로 - 기타,승용,남,23세,상해없음,화물,남,57세,중상
2017121300100242,2017년 12월 13일 12시,수요일,충청북도 청주시 청원구 우암동,중상사고,0,1,0,0,차대차 - 측면충돌,차로위반,건조,맑음,단일로 - 기타,자전거,남,79세,중상,화물,남,26세,상해없음
2017121300100264,2017년 12월 13일 13시,수요일,충청북도 청주시 흥덕구 복대동,중상사고,0,2,2,0,차대차 - 측면충돌,신호위반,건조,맑음,교차로 - 교차로안,승용,남,24세,상해없음,승용,남,52세,중상
2017121300100284,2017년 12월 13일 14시,수요일,충청북도 제천시 천남동,중상사고,0,1,2,0,차대차 - 측면충돌,안전운전불이행,건조,맑음,단일로 - 기타,승용,남,56세,상해없음,승용,여,40세,경상
2017121300100285,2017년 12월 13일 14시,수요일,충청북도 청주시 흥덕구 복대동,경상사고,0,0,1,0,차대차 - 추돌,안전운전불이행,건조,맑음,교차로 - 교차로안,승용,남,58세,상해없음,승용,남,43세,경상
2017121300100318,2017년 12월 13일 15시,수요일,충청북도 청주시 상당구 용암동,경상사고,0,0,1,0,차대차 - 추돌,안전운전불이행,건조,맑음,단일로 - 기타,승용,여,50세,상해없음,승용,여,35세,경상
2017121300100363,2017년 12월 13일 16시,수요일,충청북도 제천시 봉양읍,경상사고,0,0,2,0,차대차 - 측면충돌,안전거리미확보,건조,맑음,기타 - 기타,화물,남,65세,경상,화물,남,52세,경상
2017121300100364,2017년 12월 13일 16시,수요일,충청북도 제천시 하소동,경상사고,0,0,2,0,차대차 - 기타,직진우회전진행방해,건조,맑음,교차로 - 교차로안,승용,여,45세,경상,승용,여,51세,경상
2017121300100405,2017년 12월 13일 17시,수요일,충청북도 옥천군 군서면,경상사고,0,0,2,1,차대차 - 측면충돌,안전운전불이행,건조,맑음,교차로 - 교차로안,승용,여,47세,부상신고,화물,남,24세,경상
2017121300100406,2017년 12월 13일 17시,수요일,충청북도 청주시 흥덕구 가경동,경상사고,0,0,1,0,차대사람 - 횡단중,보행자보호의무위반,건조,맑음,교차로 - 교차로횡단보도내,승용,남,52세,상해없음,보행자,여,17세,경상
2017121300100443,2017년 12월 13일 18시,수요일,충청북도 청주시 청원구 북이면,중상사고,0,1,1,0,차대차 - 측면충돌,신호위반,건조,맑음,교차로 - 교차로안,승용,여,59세,중상,승합,남,62세,경상
2017121300100444,2017년 12월 13일 18시,수요일,충청북도 제천시 명지동,경상사고,0,0,3,1,차대차 - 기타,안전운전불이행,건조,흐림,단일로 - 기타,승용,남,60세,부상신고,승합,남,56세,경상
2017121300100518,2017년 12월 13일 20시,수요일,충청북도 청주시 흥덕구 가경동,경상사고,0,0,1,0,차대차 - 측면충돌,신호위반,건조,맑음,교차로 - 교차로안,승용,남,23세,상해없음,승용,남,45세,경상
2017121300100519,2017년 12월 13일 20시,수요일,충청북도 청주시 흥덕구 봉명동,경상사고,0,0,2,0,차대차 - 측면충돌,안전운전불이행,건조,맑음,단일로 - 기타,승용,여,43세,상해없음,승용,남,25세,경상
2017121300100520,2017년 12월 13일 20시,수요일,충청북도 청주시 흥덕구 송절동,경상사고,0,0,1,0,차대차 - 기타,안전운전불이행,건조,맑음,교차로 - 교차로부근,승용,남,31세,상해없음,승용,여,26세,경상
2017121300100543,2017년 12월 13일 21시,수요일,충청북도 청주시 흥덕구 복대동,중상사고,0,2,2,0,차대차 - 기타,신호위반,건조,맑음,교차로 - 교차로안,승용,남,31세,상해없음,승용,남,51세,경상
2017121300100595,2017년 12월 13일 23시,수요일,충청북도 청주시 청원구 율량동,경상사고,0,0,1,0,차대차 - 측면충돌,직진우회전진행방해,건조,맑음,교차로 - 교차로안,승용,남,45세,상해없음,승용,남,45세,경상
2017121400100034,2017년 12월 14일 00시,목요일,충청북도 충주시 연수동,경상사고,0,0,1,0,차대차 - 추돌,안전운전불이행,건조,맑음,단일로 - 기타,승용,남,48세,상해없음,승용,남,62세,경상
2017121400100051,2017년 12월 14일 01시,목요일,충청북도 청주시 상당구 용암동,경상사고,0,0,3,1,차대차 - 기타,신호위반,건조,맑음,교차로 - 교차로안,승용,남,28세,부상신고,승용,남,63세,경상
2017121400100076,2017년 12월 14일 04시,목요일,충청북도 청주시 청원구 내덕동,중상사고,0,3,0,0,차대차 - 기타,신호위반,건조,맑음,교차로 - 교차로안,승용,남,49세,상해없음,승용,남,25세,중상
2017121400100077,2017년 12월 14일 04시,목요일,충청북도 청주시 청원구 오창읍,중상사고,0,2,0,0,차대차 - 측면충돌,안전운전불이행,건조,기타,교차로 - 교차로안,승합,남,19세,상해없음,승용,남,28세,중상
2017121400100101,2017년 12월 14일 06시,목요일,충청북도 청주시 청원구 오창읍,중상사고,0,1,0,0,차대차 - 기타,교차로운행방법위반,건조,맑음,교차로 - 교차로안,승용,남,46세,상해없음,이륜,남,53세,중상
2017121400100102,2017년 12월 14일 06시,목요일,충청북도 청주시 흥덕구 복대동,경상사고,0,0,1,0,차대차 - 기타,안전운전불이행,건조,맑음,단일로 - 기타,승용,남,24세,상해없음,승용,남,40세,경상
2017121400100129,2017년 12월 14일 07시,목요일,충청북도 청주시 청원구 오창읍,중상사고,0,1,0,0,차대차 - 기타,신호위반,건조,맑음,교차로 - 교차로안,승용,남,62세,상해없음,승용,남,32세,중상
2017121400100130,2017년 12월 14일 07시,목요일,충청북도 청주시 서원구 현도면,경상사고,0,0,1,1,차대차 - 측면충돌,안전운전불이행,건조,맑음,단일로 - 기타,승용,남,25세,부상신고,승용,남,46세,경상
2017121400100143,2017년 12월 14일 07시,목요일,충청북도 청주시 서원구 현도면,경상사고,0,0,1,0,차대차 - 기타,안전운전불이행,서리/결빙,맑음,단일로 - 교량,승용,여,34세,상해없음,화물,남,56세,경상
2017121400100172,2017년 12월 14일 08시,목요일,충청북도 증평군 증평읍,경상사고,0,0,2,0,차대차 - 측면충돌,안전운전불이행,건조,맑음,교차로 - 교차로안,승용,남,47세,경상,승용,남,49세,경상
2017121400100173,2017년 12월 14일 08시,목요일,충청북도 진천군 덕산면,경상사고,0,0,1,0,차량단독 - 공작물충돌,안전운전불이행,건조,맑음,단일로 - 기타,승용,여,29세,경상,,,,
2017121400100207,2017년 12월 14일 09시,목요일,충청북도 청주시 청원구 우암동,중상사고,0,1,1,0,차대차 - 측면충돌,직진우회전진행방해,건조,맑음,교차로 - 교차로안,승용,남,51세,경상,승용,여,56세,중상
2017121400100208,2017년 12월 14일 09시,목요일,충청북도 영동군 영동읍,경상사고,0,0,3,0,차대차 - 측면충돌,신호위반,건조,맑음,교차로 - 교차로안,화물,남,65세,상해없음,승용,남,81세,경상
2017121400100228,2017년 12월 14일 10시,목요일,충청북도 음성군 맹동면,중상사고,0,1,1,0,차대차 - 기타,안전운전불이행,건조,맑음,교차로 - 교차로안,승용,남,76세,경상,이륜,남,71세,중상
2017121400100276,2017년 12월 14일 12시,목요일,충청북도 청주시 상당구 남주동,경상사고,0,0,1,0,차대차 - 기타,안전운전불이행,건조,맑음,단일로 - 기타,화물,남,51세,상해없음,승용,남,28세,경상
2017121400100343,2017년 12월 14일 14시,목요일,충청북도 청주시 청원구 내수읍,중상사고,0,1,1,0,차대차 - 측면충돌,과속,건조,맑음,교차로 - 교차로안,승용,남,53세,상해없음,승용,남,56세,중상
2017121400100364,2017년 12월 14일 15시,목요일,충청북도 청주시 청원구 내수읍,중상사고,0,1,1,0,차대차 - 추돌,차로위반,건조,맑음,단일로 - 기타,승용,여,56세,중상,화물,남,49세,경상
2017121400100365,2017년 12월 14일 15시,목요일,충청북도 괴산군 괴산읍,경상사고,0,0,1,0,차대차 - 정면충돌,안전운전불이행,건조,맑음,교차로 - 교차로부근,자전거,여,71세,경상,승용,남,20세,상해없음
2017121400100366,2017년 12월 14일 15시,목요일,충청북도 진천군 진천읍,중상사고,0,1,0,0,차대차 - 기타,신호위반,건조,맑음,교차로 - 교차로안,화물,남,72세,상해없음,승용,남,30세,중상
2017121400100417,2017년 12월 14일 17시,목요일,충청북도 청주시 서원구 사창동,경상사고,0,0,1,0,차대차 - 측면충돌,안전운전불이행,건조,맑음,교차로 - 교차로부근,화물,남,53세,상해없음,이륜,남,19세,경상
2017121400100418,2017년 12월 14일 17시,목요일,충청북도 제천시 송학면,경상사고,0,0,1,0,차대차 - 기타,기타,건조,맑음,교차로 - 교차로안,승용,남,38세,상해없음,승용,여,56세,경상
2017121400100419,2017년 12월 14일 17시,목요일,충청북도 진천군 진천읍,경상사고,0,0,1,0,차대차 - 기타,안전운전불이행,건조,맑음,교차로 - 교차로부근,승합,여,52세,상해없음,승용,여,57세,경상
2017121400100420,2017년 12월 14일 17시,목요일,충청북도 청주시 흥덕구 오송읍,경상사고,0,0,3,0,차대차 - 정면충돌,신호위반,건조,맑음,교차로 - 교차로부근,승용,여,51세,경상,승용,남,57세,경상
2017121400100464,2017년 12월 14일 18시,목요일,충청북도 청주시 청원구 율량동,중상사고,0,1,0,0,차대사람 - 횡단중,안전운전불이행,건조,맑음,교차로 - 교차로부근,승용,여,46세,상해없음,보행자,남,4세,중상
2017121400100504,2017년 12월 14일 19시,목요일,충청북도 청주시 흥덕구 문암동,경상사고,0,0,1,0,차대차 - 기타,안전운전불이행,서리/결빙,맑음,단일로 - 기타,승용,남,33세,상해없음,승용,남,21세,경상
2017121400100525,2017년 12월 14일 20시,목요일,충청북도 음성군 금왕읍,경상사고,0,0,4,0,차대차 - 후진중충돌,안전운전불이행,건조,맑음,교차로 - 교차로부근,승용,남,29세,경상,승용,남,44세,경상
2017121400100549,2017년 12월 14일 21시,목요일,충청북도 음성군 음성읍,경상사고,0,0,1,0,차대차 - 기타,중앙선침범,건조,맑음,단일로 - 기타,승용,남,63세,상해없음,승용,남,37세,상해없음
2017121400100550,2017년 12월 14일 21시,목요일,충청북도 청주시 흥덕구 운천동,경상사고,0,0,1,0,차대사람 - 기타,기타,건조,맑음,단일로 - 기타,승용,남,39세,상해없음,보행자,남,20세,경상
2017121400100551,2017년 12월 14일 21시,목요일,충청북도 청주시 흥덕구 강서동,경상사고,0,0,1,0,차대차 - 기타,안전운전불이행,건조,맑음,교차로 - 교차로부근,승용,여,33세,상해없음,승용,여,40세,경상
2017121400100552,2017년 12월 14일 21시,목요일,충청북도 청주시 상당구 서문동,경상사고,0,0,1,0,차대차 - 정면충돌,안전운전불이행,건조,맑음,교차로 - 교차로부근,승용,남,43세,상해없음,승용,여,50세,경상
2017121400100595,2017년 12월 14일 23시,목요일,충청북도 진천군 진천읍,경상사고,0,0,3,0,차대차 - 측면충돌,교차로운행방법위반,건조,맑음,교차로 - 교차로안,승용,남,33세,경상,승용,여,43세,경상
2017121500100033,2017년 12월 15일 00시,금요일,충청북도 제천시 청전동,경상사고,0,0,1,0,차대사람 - 기타,안전운전불이행,건조,맑음,교차로 - 교차로안,승용,남,27세,상해없음,보행자,남,24세,경상
2017121500100034,2017년 12월 15일 00시,금요일,충청북도 청주시 흥덕구 봉명동,경상사고,0,0,1,0,차대차 - 기타,안전운전불이행,건조,맑음,교차로 - 교차로안,승용,남,31세,상해없음,이륜,남,21세,경상
2017121500100081,2017년 12월 15일 04시,금요일,충청북도 충주시 성남동,경상사고,0,0,2,0,차대차 - 측면충돌,안전운전불이행,건조,맑음,단일로 - 기타,승용,남,27세,상해없음,승용,남,30세,경상
2017121500100090,2017년 12월 15일 05시,금요일,충청북도 증평군 도안면,중상사고,0,2,8,0,차대차 - 측면충돌,신호위반,건조,맑음,교차로 - 교차로안,화물,남,78세,상해없음,승합,남,43세,중상
2017121500100091,2017년 12월 15일 05시,금요일,충청북도 청주시 상당구 남일면,경상사고,0,0,1,0,차대차 - 측면충돌,안전운전불이행,건조,맑음,교차로 - 교차로부근,승용,남,36세,기타불명,화물,남,46세,경상
2017121500100113,2017년 12월 15일 06시,금요일,충청북도 청주시 상당구 남일면,경상사고,0,0,2,0,차대차 - 기타,안전운전불이행,건조,맑음,단일로 - 기타,승용,남,36세,경상,화물,남,46세,경상
2017121500100129,2017년 12월 15일 07시,금요일,충청북도 제천시 명동,경상사고,0,0,1,0,차대차 - 측면충돌,직진우회전진행방해,건조,맑음,교차로 - 교차로횡단보도내,화물,남,52세,상해없음,승용,남,39세,경상
2017121500100130,2017년 12월 15일 07시,금요일,충청북도 청주시 서원구 죽림동,중상사고,0,1,0,0,차대차 - 추돌,안전운전불이행,건조,맑음,교차로 - 교차로부근,화물,남,36세,상해없음,승용,남,59세,중상
2017121500100151,2017년 12월 15일 08시,금요일,충청북도 충주시 안림동,경상사고,0,0,1,0,차대차 - 기타,신호위반,건조,맑음,교차로 - 교차로안,기타불명,기타불명,미분류,기타불명,화물,남,64세,상해없음
2017121500100213,2017년 12월 15일 10시,금요일,충청북도 청주시 서원구 사창동,중상사고,0,1,0,0,차대차 - 기타,안전운전불이행,건조,맑음,단일로 - 기타,승용,남,74세,상해없음,승합,남,50세,상해없음
2017121500100232,2017년 12월 15일 11시,금요일,충청북도 청주시 청원구 사천동,중상사고,0,1,0,0,차대사람 - 횡단중,안전운전불이행,건조,맑음,교차로 - 교차로안,승용,남,54세,상해없음,보행자,여,81세,중상
2017121500100233,2017년 12월 15일 11시,금요일,충청북도 청주시 흥덕구 신봉동,경상사고,0,0,1,0,차대차 - 기타,교차로운행방법위반,건조,맑음,교차로 - 교차로안,승용,남,44세,기타불명,승용,여,63세,경상
2017121500100267,2017년 12월 15일 12시,금요일,충청북도 음성군 맹동면,중상사고,0,1,1,0,차대차 - 측면충돌,교차로운행방법위반,건조,맑음,교차로 - 교차로안,승용,남,62세,경상,화물,남,27세,중상
2017121500100268,2017년 12월 15일 12시,금요일,충청북도 청주시 흥덕구 가경동,경상사고,0,0,1,0,차대사람 - 횡단중,안전운전불이행,건조,맑음,교차로 - 교차로안,승합,남,55세,상해없음,보행자,남,18세,경상
2017121500100351,2017년 12월 15일 15시,금요일,충청북도 청주시 서원구 사직동,부상신고사고,0,0,0,1,차대차 - 기타,안전운전불이행,건조,맑음,교차로 - 교차로부근,원동기,남,17세,부상신고,승용,남,51세,상해없음
2017121500100382,2017년 12월 15일 16시,금요일,충청북도 제천시 고암동,중상사고,0,1,1,0,차대차 - 측면충돌,기타,건조,맑음,교차로 - 교차로안,승용,여,28세,중상,승용,여,46세,상해없음
2017121500100383,2017년 12월 15일 16시,금요일,충청북도 증평군 증평읍,중상사고,0,1,0,0,차대차 - 측면충돌,안전운전불이행,건조,맑음,교차로 - 교차로안,승용,남,49세,상해없음,이륜,남,75세,중상
2017121500100384,2017년 12월 15일 16시,금요일,충청북도 청주시 흥덕구 복대동,중상사고,0,1,1,0,차대차 - 측면충돌,교차로운행방법위반,건조,맑음,교차로 - 교차로안,승용,여,32세,중상,승용,남,42세,경상
2017121500100424,2017년 12월 15일 17시,금요일,충청북도 청주시 청원구 내덕동,경상사고,0,0,2,0,차대차 - 기타,안전운전불이행,건조,맑음,교차로 - 교차로안,승용,남,62세,경상,승용,남,26세,경상
2017121500100425,2017년 12월 15일 17시,금요일,충청북도 청주시 청원구 율량동,중상사고,0,1,0,0,차대차 - 측면충돌,안전운전불이행,건조,맑음,단일로 - 기타,건설기계,남,54세,상해없음,승용,남,59세,중상
2017121500100426,2017년 12월 15일 17시,금요일,충청북도 청주시 서원구 산남동,경상사고,0,0,1,0,차대사람 - 길가장자리구역통행중,안전운전불이행,건조,맑음,단일로 - 기타,승용,여,54세,상해없음,보행자,남,15세,경상
2017121500100475,2017년 12월 15일 18시,금요일,충청북도 청주시 청원구 오동동,중상사고,0,1,1,0,차대차 - 추돌,안전운전불이행,건조,맑음,교차로 - 교차로안,승용,남,45세,상해없음,승용,남,36세,중상
2017121500100476,2017년 12월 15일 18시,금요일,충청북도 충주시 용산동,경상사고,0,0,1,0,차대사람 - 길가장자리구역통행중,안전운전불이행,건조,맑음,단일로 - 기타,승용,여,54세,상해없음,보행자,남,61세,경상
2017121500100540,2017년 12월 15일 20시,금요일,충청북도 청주시 청원구 오창읍,경상사고,0,0,2,0,차대차 - 추돌,안전운전불이행,건조,맑음,교차로 - 교차로부근,승용,여,35세,상해없음,승용,여,50세,경상
2017121500100541,2017년 12월 15일 20시,금요일,충청북도 충주시 단월동,경상사고,0,0,2,1,차량단독 - 전도전복,안전운전불이행,건조,맑음,단일로 - 기타,승용,남,23세,부상신고,미분류,미분류,미분류,미분류
2017121500100542,2017년 12월 15일 20시,금요일,충청북도 제천시 금성면,경상사고,0,0,1,0,차대차 - 기타,안전거리미확보,건조,맑음,교차로 - 교차로부근,승용,남,26세,상해없음,승용,남,35세,경상
2017121500100583,2017년 12월 15일 21시,금요일,충청북도 음성군 맹동면,경상사고,0,0,3,0,차대차 - 기타,신호위반,건조,맑음,교차로 - 교차로안,이륜,남,16세,경상,승용,남,50세,상해없음
2017121600100048,2017년 12월 16일 00시,토요일,충청북도 증평군 증평읍,경상사고,0,0,1,0,차량단독 - 공작물충돌,안전운전불이행,건조,맑음,단일로 - 기타,승용,여,50세,경상,,,,
2017121600100075,2017년 12월 16일 01시,토요일,충청북도 청주시 청원구 오창읍,경상사고,0,0,1,0,차대차 - 기타,안전거리미확보,건조,맑음,단일로 - 기타,승용,남,26세,상해없음,이륜,남,40세,경상
2017121600100119,2017년 12월 16일 04시,토요일,충청북도 음성군 삼성면,사망사고,1,1,2,0,차대차 - 측면충돌,과속,건조,맑음,단일로 - 기타,승용,남,45세,중상,승용,남,36세,상해없음
2017121600100144,2017년 12월 16일 06시,토요일,충청북도 충주시 중앙탑면,중상사고,0,1,3,0,차대차 - 기타,중앙선침범,건조,맑음,단일로 - 기타,화물,남,61세,경상,화물,남,52세,중상
2017121600100202,2017년 12월 16일 09시,토요일,충청북도 충주시 산척면,경상사고,0,0,2,0,철길건널목 - 철길건널목,기타,건조,맑음,단일로 - 철길건널목,화물,남,68세,경상,기타불명,남,50세,상해없음
2017121600100253,2017년 12월 16일 11시,토요일,충청북도 청주시 상당구 석교동,중상사고,0,1,0,0,차량단독 - 기타,안전운전불이행,건조,맑음,단일로 - 기타,승합,남,39세,상해없음,,,,
2017121600100279,2017년 12월 16일 12시,토요일,충청북도 청주시 청원구 우암동,경상사고,0,0,4,0,차대차 - 기타,교차로운행방법위반,건조,맑음,교차로 - 교차로부근,승용,여,23세,경상,승용,남,57세,경상
2017121600100280,2017년 12월 16일 12시,토요일,충청북도 제천시 의림동,경상사고,0,0,1,0,차대차 - 측면충돌,교차로운행방법위반,건조,흐림,교차로 - 교차로부근,화물,남,54세,상해없음,이륜,남,16세,경상
2017121600100281,2017년 12월 16일 12시,토요일,충청북도 청주시 서원구 모충동,경상사고,0,0,1,0,차대차 - 측면충돌,교차로운행방법위반,건조,맑음,교차로 - 교차로안,원동기,남,78세,경상,승합,남,54세,상해없음
2017121600100310,2017년 12월 16일 13시,토요일,충청북도 괴산군 청안면,부상신고사고,0,0,0,1,차량단독 - 공작물충돌,안전운전불이행,건조,맑음,단일로 - 기타,화물,남,63세,부상신고,,,,
2017121600100311,2017년 12월 16일 13시,토요일,충청북도 청주시 흥덕구 가경동,경상사고,0,0,1,0,차대차 - 기타,기타,건조,맑음,교차로 - 교차로안,승용,여,50세,상해없음,이륜,남,40세,경상
2017121600100340,2017년 12월 16일 14시,토요일,충청북도 청주시 상당구 용암동,중상사고,0,3,1,0,차대차 - 측면충돌,중앙선침범,건조,맑음,단일로 - 기타,화물,남,65세,상해없음,승용,여,42세,경상
2017121600100380,2017년 12월 16일 15시,토요일,충청북도 충주시 연수동,중상사고,0,1,0,0,차대차 - 기타,직진우회전진행방해,건조,맑음,교차로 - 교차로안,승용,남,54세,상해없음,이륜,남,73세,중상
2017121600100381,2017년 12월 16일 15시,토요일,충청북도 보은군 보은읍,경상사고,0,0,1,0,차대사람 - 횡단중,안전운전불이행,건조,맑음,단일로 - 기타,승용,남,53세,상해없음,보행자,여,8세,경상
2017121600100382,2017년 12월 16일 15시,토요일,충청북도 음성군 대소면,경상사고,0,0,1,0,차대차 - 추돌,안전운전불이행,건조,맑음,교차로 - 교차로부근,승용,남,40세,상해없음,승용,남,35세,경상
2017121600100383,2017년 12월 16일 15시,토요일,충청북도 음성군 대소면,경상사고,0,0,1,0,차대차 - 기타,신호위반,건조,맑음,교차로 - 교차로안,승용,남,39세,상해없음,화물,남,41세,경상
2017121600100384,2017년 12월 16일 15시,토요일,충청북도 청주시 상당구 남일면,경상사고,0,0,1,0,차대차 - 후진중충돌,안전운전불이행,건조,맑음,교차로 - 교차로부근,승용,남,52세,상해없음,화물,남,68세,경상
2017121600100423,2017년 12월 16일 16시,토요일,충청북도 청주시 청원구 내덕동,경상사고,0,0,1,0,차대차 - 기타,안전운전불이행,건조,맑음,단일로 - 기타,승용,남,29세,상해없음,자전거,남,12세,경상
2017121600100424,2017년 12월 16일 16시,토요일,충청북도 청주시 청원구 우암동,경상사고,0,0,1,0,차대사람 - 기타,안전운전불이행,건조,맑음,단일로 - 기타,자전거,여,58세,상해없음,보행자,여,65세,경상
2017121600100425,2017년 12월 16일 16시,토요일,충청북도 청주시 상당구 낭성면,경상사고,0,0,1,0,차대차 - 측면충돌,교차로운행방법위반,건조,맑음,교차로 - 교차로안,화물,남,61세,경상,승합,남,29세,상해없음
2017121600100460,2017년 12월 16일 17시,토요일,충청북도 영동군 영동읍,중상사고,0,1,0,0,차대차 - 기타,안전운전불이행,건조,맑음,단일로 - 기타,승용,남,62세,상해없음,이륜,남,56세,중상
2017121600100461,2017년 12월 16일 17시,토요일,충청북도 청주시 상당구 용암동,중상사고,0,1,0,0,차대차 - 기타,차로위반,건조,맑음,단일로 - 기타,승용,남,30세,상해없음,이륜,남,46세,중상
2017121600100462,2017년 12월 16일 17시,토요일,충청북도 청주시 상당구 용암동,중상사고,0,1,0,0,차대차 - 기타,안전운전불이행,건조,맑음,교차로 - 교차로부근,승용,남,47세,상해없음,자전거,남,70세,중상
2017121600100583,2017년 12월 16일 21시,토요일,충청북도 충주시 연수동,경상사고,0,0,1,0,차대사람 - 횡단중,보행자보호의무위반,건조,맑음,교차로 - 교차로횡단보도내,승용,남,61세,상해없음,보행자,남,53세,경상
2017121600100584,2017년 12월 16일 21시,토요일,충청북도 충주시 연수동,중상사고,0,1,2,0,차대차 - 기타,신호위반,건조,맑음,교차로 - 교차로안,승용,여,55세,상해없음,승용,남,39세,경상
2017121600100613,2017년 12월 16일 22시,토요일,충청북도 청주시 흥덕구 운천동,경상사고,0,0,2,0,차대차 - 측면충돌,신호위반,건조,맑음,교차로 - 교차로안,승용,여,58세,상해없음,승용,남,26세,경상
2017121700100034,2017년 12월 17일 00시,일요일,충청북도 청주시 서원구 남이면,중상사고,0,1,0,0,차대사람 - 횡단중,안전운전불이행,건조,맑음,단일로 - 기타,승용,남,52세,상해없음,보행자,여,62세,중상
2017121700100052,2017년 12월 17일 01시,일요일,충청북도 충주시 교현동,경상사고,0,0,1,0,차대차 - 추돌,안전거리미확보,건조,맑음,단일로 - 기타,승용,남,33세,상해없음,승용,남,66세,경상