사고번호,사고일시,요일,시군구,사고내용,사망자수,중상자수,경상자수,부상신고자수,사고유형,법규위반,노면상태,기상상태,도로형태,가해운전자 차종,가해운전자 성별,가해운전자 연령,가해운전자 상해정도,피해운전자 차종,피해운전자 성별,피해운전자 연령,피해운전자 상해정도
2017122100100152,2017년 12월 21일 08시,목요일,충청북도 청주시 흥덕구 송정동,경상사고,0,0,1,0,차대차 - 추돌,교차로운행방법위반,서리/결빙,눈,교차로 - 교차로안,승용,여,47세,상해없음,승용,남,27세,경상
2017122100100153,2017년 12월 21일 08시,목요일,충청북도 청주시 흥덕구 오송읍,경상사고,0,0,2,0,차대차 - 추돌,안전운전불이행,적설,눈,단일로 - 기타,승용,남,55세,상해없음,승용,남,45세,상해없음
2017122100100154,2017년 12월 21일 08시,목요일,충청북도 청주시 서원구 수곡동,경상사고,0,0,3,0,차대차 - 기타,안전운전불이행,서리/결빙,흐림,교차로 - 교차로부근,화물,남,61세,상해없음,승용,남,38세,경상
2017122100100268,2017년 12월 21일 11시,목요일,충청북도 제천시 봉양읍,중상사고,0,1,0,0,차대차 - 기타,신호위반,건조,맑음,교차로 - 교차로안,건설기계,남,53세,상해없음,화물,여,62세,중상
2017122100100313,2017년 12월 21일 13시,목요일,충청북도 청주시 청원구 오창읍,경상사고,0,0,2,0,차대차 - 추돌,안전운전불이행,건조,맑음,교차로 - 교차로부근,화물,남,40세,상해없음,승용,여,51세,경상
2017122100100314,2017년 12월 21일 13시,목요일,충청북도 청주시 서원구 남이면,경상사고,0,0,1,0,차대차 - 측면충돌,차로위반,건조,맑음,단일로 - 기타,승용,남,54세,상해없음,승용,남,58세,경상
2017122100100395,2017년 12월 21일 16시,목요일,충청북도 청주시 서원구 사직동,중상사고,0,3,0,0,차대차 - 기타,기타,건조,맑음,단일로 - 기타,승용,남,50세,중상,승용,여,39세,중상
2017122100100396,2017년 12월 21일 16시,목요일,충청북도 청주시 청원구 북이면,중상사고,0,1,0,0,차대차 - 정면충돌,교차로운행방법위반,건조,맑음,교차로 - 교차로안,화물,여,46세,상해없음,화물,남,50세,중상
2017122100100397,2017년 12월 21일 16시,목요일,충청북도 옥천군 옥천읍,경상사고,0,0,1,0,차대차 - 측면충돌,교차로운행방법위반,건조,맑음,교차로 - 교차로안,이륜,남,66세,경상,화물,여,57세,상해없음
2017122100100447,2017년 12월 21일 17시,목요일,충청북도 충주시 목행동,경상사고,0,0,1,0,차대사람 - 횡단중,안전운전불이행,건조,맑음,교차로 - 교차로안,승합,남,68세,상해없음,보행자,남,83세,경상
2017122100100489,2017년 12월 21일 18시,목요일,충청북도 청주시 서원구 산남동,경상사고,0,0,1,0,차대사람 - 기타,안전운전불이행,건조,맑음,단일로 - 기타,승용,남,63세,상해없음,보행자,남,19세,경상
2017122100100550,2017년 12월 21일 19시,목요일,충청북도 청주시 서원구 사직동,사망사고,1,0,0,0,차대차 - 기타,보행자보호의무위반,건조,맑음,교차로 - 교차로안,승용,남,70세,상해없음,승용,남,57세,상해없음
2017122100100551,2017년 12월 21일 19시,목요일,충청북도 제천시 천남동,경상사고,0,0,1,1,차대차 - 추돌,안전운전불이행,적설,눈,교차로 - 교차로부근,화물,남,55세,부상신고,승용,여,30세,경상
2017122100100552,2017년 12월 21일 19시,목요일,충청북도 청주시 흥덕구 복대동,중상사고,0,1,0,0,차대사람 - 횡단중,보행자보호의무위반,건조,맑음,교차로 - 교차로안,승용,남,52세,상해없음,보행자,여,67세,중상
2017122100100588,2017년 12월 21일 20시,목요일,충청북도 음성군 감곡면,중상사고,0,1,0,0,차대차 - 추돌,안전운전불이행,건조,맑음,단일로 - 기타,승용,여,64세,상해없음,이륜,남,24세,중상
2017122100100589,2017년 12월 21일 20시,목요일,충청북도 청주시 서원구 미평동,경상사고,0,0,1,0,차대사람 - 횡단중,보행자보호의무위반,건조,맑음,교차로 - 교차로부근,승용,남,35세,상해없음,보행자,남,20세,경상
2017122100100590,2017년 12월 21일 20시,목요일,충청북도 청주시 상당구 용담동,중상사고,0,2,1,0,차대차 - 측면충돌,중앙선침범,건조,맑음,단일로 - 기타,승용,남,41세,경상,승용,여,54세,중상
2017122100100631,2017년 12월 21일 21시,목요일,충청북도 청주시 서원구 수곡동,경상사고,0,0,1,0,차량단독 - 기타,기타,건조,맑음,단일로 - 기타,승용,남,30세,상해없음,,,,
2017122200100049,2017년 12월 22일 00시,금요일,충청북도 청주시 청원구 우암동,경상사고,0,0,2,0,차대차 - 추돌,안전운전불이행,건조,맑음,교차로 - 교차로횡단보도내,승용,남,57세,상해없음,승용,남,61세,경상
2017122200100076,2017년 12월 22일 01시,금요일,충청북도 청주시 흥덕구 복대동,경상사고,0,0,2,0,차대차 - 추돌,안전운전불이행,건조,맑음,교차로 - 교차로부근,승용,남,40세,상해없음,승용,남,56세,경상
2017122200100134,2017년 12월 22일 06시,금요일,충청북도 청주시 흥덕구 복대동,경상사고,0,0,2,0,차대차 - 추돌,안전거리미확보,건조,맑음,교차로 - 교차로안,승용,남,63세,경상,승용,남,55세,경상
2017122200100228,2017년 12월 22일 09시,금요일,충청북도 음성군 소이면,경상사고,0,0,1,0,차대차 - 추돌,안전운전불이행,건조,맑음,교차로 - 교차로부근,승용,여,52세,상해없음,화물,남,58세,경상
2017122200100229,2017년 12월 22일 09시,금요일,충청북도 음성군 대소면,중상사고,0,1,0,0,차량단독 - 기타,안전운전불이행,건조,맑음,교차로 - 교차로안,승용,여,55세,중상,,,,
2017122200100253,2017년 12월 22일 10시,금요일,충청북도 충주시 호암동,경상사고,0,0,1,1,차대차 - 기타,안전운전불이행,건조,맑음,단일로 - 기타,승용,남,36세,부상신고,승용,여,41세,경상
2017122200100254,2017년 12월 22일 10시,금요일,충청북도 음성군 삼성면,경상사고,0,0,1,0,차대차 - 측면충돌,신호위반,건조,맑음,교차로 - 교차로안,승용,남,18세,상해없음,화물,남,58세,경상
2017122200100255,2017년 12월 22일 10시,금요일,충청북도 청주시 서원구 미평동,경상사고,0,0,1,1,차대차 - 추돌,안전거리미확보,건조,맑음,단일로 - 기타,승용,남,34세,상해없음,승용,여,48세,부상신고
2017122200100280,2017년 12월 22일 11시,금요일,충청북도 충주시 용산동,중상사고,0,1,0,0,차대차 - 기타,안전운전불이행,건조,맑음,교차로 - 교차로안,승용,여,51세,상해없음,이륜,남,60세,중상
2017122200100281,2017년 12월 22일 11시,금요일,충청북도 충주시 대소원면,중상사고,0,1,0,0,차대차 - 기타,안전운전불이행,건조,맑음,단일로 - 기타,승용,여,39세,상해없음,승용,여,45세,중상
2017122200100312,2017년 12월 22일 12시,금요일,충청북도 청주시 청원구 율량동,경상사고,0,0,2,0,차대차 - 측면충돌,차로위반,건조,맑음,교차로 - 교차로부근,승용,여,42세,상해없음,승용,여,32세,경상
2017122200100313,2017년 12월 22일 12시,금요일,충청북도 괴산군 괴산읍,중상사고,0,1,0,0,차대사람 - 횡단중,보행자보호의무위반,건조,맑음,교차로 - 교차로횡단보도내,승용,여,58세,상해없음,보행자,여,78세,중상
2017122200100375,2017년 12월 22일 14시,금요일,충청북도 청주시 청원구 오창읍,중상사고,0,1,2,0,차대차 - 기타,신호위반,건조,맑음,교차로 - 교차로안,승용,여,51세,경상,승용,남,18세,중상
2017122200100376,2017년 12월 22일 14시,금요일,충청북도 청주시 서원구 모충동,중상사고,0,1,0,0,차대사람 - 횡단중,안전운전불이행,건조,맑음,교차로 - 교차로안,승용,남,65세,상해없음,보행자,남,67세,중상
2017122200100377,2017년 12월 22일 14시,금요일,충청북도 청주시 상당구 서운동,중상사고,0,1,0,0,차량단독 - 기타,안전운전불이행,건조,맑음,단일로 - 기타,승합,남,52세,상해없음,,,,
2017122200100407,2017년 12월 22일 15시,금요일,충청북도 청주시 서원구 죽림동,경상사고,0,0,1,0,차대차 - 측면충돌,직진우회전진행방해,건조,맑음,교차로 - 교차로안,승합,남,57세,상해없음,승용,여,35세,상해없음
2017122200100436,2017년 12월 22일 16시,금요일,충청북도 충주시 교현동,경상사고,0,0,1,0,차대사람 - 기타,안전운전불이행,건조,흐림,교차로 - 교차로부근,승용,여,43세,상해없음,보행자,여,70세,경상
2017122200100437,2017년 12월 22일 16시,금요일,충청북도 진천군 진천읍,경상사고,0,0,1,0,차대차 - 기타,안전운전불이행,건조,맑음,단일로 - 기타,이륜,남,65세,경상,승용,여,35세,상해없음
2017122200100477,2017년 12월 22일 17시,금요일,충청북도 청주시 서원구 분평동,경상사고,0,0,1,0,차대차 - 추돌,신호위반,건조,맑음,교차로 - 교차로안,승용,남,50세,상해없음,승용,여,37세,경상
2017122200100541,2017년 12월 22일 18시,금요일,충청북도 옥천군 옥천읍,중상사고,0,1,0,0,차대사람 - 차도통행중,안전운전불이행,건조,맑음,교차로 - 교차로안,승용,남,52세,상해없음,보행자,여,65세,중상
2017122200100542,2017년 12월 22일 18시,금요일,충청북도 진천군 덕산면,경상사고,0,0,1,0,차대차 - 기타,신호위반,건조,맑음,교차로 - 교차로안,승용,남,35세,상해없음,승용,남,42세,경상
2017122200100543,2017년 12월 22일 18시,금요일,충청북도 청주시 흥덕구 송정동,경상사고,0,0,3,0,차대차 - 기타,교차로운행방법위반,건조,맑음,교차로 - 교차로안,화물,남,60세,상해없음,승용,여,31세,경상
2017122200100544,2017년 12월 22일 18시,금요일,충청북도 청주시 서원구 수곡동,경상사고,0,0,2,0,차대사람 - 기타,안전운전불이행,건조,맑음,단일로 - 기타,승용,여,49세,상해없음,보행자,남,65세,경상
2017122200100545,2017년 12월 22일 18시,금요일,충청북도 청주시 서원구 분평동,중상사고,0,1,0,0,차대사람 - 기타,안전운전불이행,건조,맑음,단일로 - 기타,승합,남,38세,상해없음,보행자,남,52세,중상
2017122200100546,2017년 12월 22일 18시,금요일,충청북도 청주시 서원구 사직동,경상사고,0,0,1,0,차대차 - 추돌,안전운전불이행,건조,맑음,단일로 - 기타,승용,여,31세,상해없음,승용,여,37세,경상
2017122200100616,2017년 12월 22일 19시,금요일,충청북도 청주시 흥덕구 비하동,경상사고,0,0,2,0,차대차 - 추돌,안전거리미확보,건조,맑음,교차로 - 교차로부근,승합,남,46세,상해없음,승용,남,37세,경상
2017122200100666,2017년 12월 22일 20시,금요일,충청북도 청주시 서원구 성화동,경상사고,0,0,1,0,차대사람 - 기타,신호위반,건조,맑음,교차로 - 교차로횡단보도내,이륜,남,51세,상해없음,보행자,여,17세,경상
2017122200100667,2017년 12월 22일 20시,금요일,충청북도 청주시 흥덕구 복대동,경상사고,0,0,1,0,차대차 - 측면충돌,안전운전불이행,건조,맑음,단일로 - 기타,승용,남,55세,상해없음,이륜,남,25세,경상
2017122200100704,2017년 12월 22일 21시,금요일,충청북도 청주시 흥덕구 옥산면,부상신고사고,0,0,0,1,차대차 - 기타,안전운전불이행,서리/결빙,흐림,단일로 - 기타,기타불명,기타불명,미분류,기타불명,이륜,남,17세,부상신고
2017122200100740,2017년 12월 22일 22시,금요일,충청북도 청주시 서원구 모충동,중상사고,0,1,0,0,차대사람 - 기타,안전운전불이행,건조,맑음,교차로 - 교차로안,승용,남,60세,상해없음,보행자,남,57세,중상
2017122300100047,2017년 12월 23일 00시,토요일,충청북도 청주시 청원구 내덕동,중상사고,0,1,0,0,차대차 - 측면충돌,신호위반,건조,맑음,교차로 - 교차로안,승용,남,61세,상해없음,승용,여,58세,중상
2017122300100048,2017년 12월 23일 00시,토요일,충청북도 충주시 달천동,부상신고사고,0,0,0,1,차량단독 - 공작물충돌,안전운전불이행,건조,흐림,단일로 - 기타,승용,남,28세,부상신고,,,,
2017122300100049,2017년 12월 23일 00시,토요일,충청북도 음성군 금왕읍,중상사고,0,3,0,0,차대차 - 추돌,안전운전불이행,건조,맑음,교차로 - 교차로안,승용,남,33세,기타불명,승용,남,39세,중상
2017122300100050,2017년 12월 23일 00시,토요일,충청북도 청주시 상당구 용암동,경상사고,0,0,1,0,차대차 - 기타,안전운전불이행,건조,맑음,교차로 - 교차로부근,승용,남,46세,상해없음,승용,여,37세,경상
2017122300100204,2017년 12월 23일 08시,토요일,충청북도 청주시 청원구 내수읍,중상사고,0,1,4,0,차대차 - 측면충돌,과속,건조,맑음,단일로 - 기타,승용,남,29세,경상,승용,여,61세,중상
2017122300100205,2017년 12월 23일 08시,토요일,충청북도 청주시 서원구 남이면,경상사고,0,0,1,0,차대차 - 추돌,안전거리미확보,건조,맑음,단일로 - 기타,건설기계,남,61세,상해없음,승용,여,47세,상해없음
2017122300100223,2017년 12월 23일 09시,토요일,충청북도 보은군 마로면,경상사고,0,0,1,0,차대차 - 정면충돌,중앙선침범,건조,맑음,단일로 - 기타,화물,남,49세,상해없음,화물,남,66세,경상
2017122300100257,2017년 12월 23일 10시,토요일,충청북도 청주시 청원구 북이면,경상사고,0,0,1,0,차량단독 - 기타,안전운전불이행,건조,맑음,단일로 - 기타,승용,여,56세,경상,,,,
2017122300100283,2017년 12월 23일 11시,토요일,충청북도 청주시 청원구 율량동,중상사고,0,1,0,0,차대차 - 측면충돌,차로위반,건조,맑음,교차로 - 교차로부근,승용,남,31세,상해없음,승용,여,42세,중상
2017122300100284,2017년 12월 23일 11시,토요일,충청북도 청주시 청원구 오창읍,경상사고,0,0,2,0,차대차 - 기타,안전거리미확보,건조,맑음,단일로 - 기타,승용,남,23세,상해없음,승용,남,24세,경상
2017122300100285,2017년 12월 23일 11시,토요일,충청북도 진천군 이월면,중상사고,0,1,1,0,차대차 - 기타,안전운전불이행,건조,맑음,단일로 - 기타,승용,여,45세,중상,승용,여,46세,경상
2017122300100317,2017년 12월 23일 12시,토요일,충청북도 청주시 상당구 영동,중상사고,0,1,1,0,차대차 - 추돌,안전운전불이행,건조,맑음,교차로 - 교차로부근,승용,남,59세,기타불명,승용,남,62세,경상
2017122300100318,2017년 12월 23일 12시,토요일,충청북도 청주시 상당구 석교동,경상사고,0,0,2,0,차대차 - 기타,교차로운행방법위반,건조,맑음,교차로 - 교차로안,승합,남,63세,상해없음,승용,남,55세,경상
2017122300100319,2017년 12월 23일 12시,토요일,충청북도 청주시 흥덕구 지동동,경상사고,0,0,8,0,차대차 - 추돌,안전운전불이행,건조,맑음,단일로 - 기타,승용,남,24세,상해없음,승용,남,52세,경상
2017122300100347,2017년 12월 23일 13시,토요일,충청북도 충주시 교현동,경상사고,0,0,1,0,차대차 - 기타,기타,건조,맑음,단일로 - 기타,승용,남,62세,상해없음,이륜,남,36세,경상
2017122300100348,2017년 12월 23일 13시,토요일,충청북도 청주시 서원구 남이면,중상사고,0,1,0,0,차대차 - 기타,중앙선침범,건조,맑음,단일로 - 기타,화물,남,47세,상해없음,화물,남,48세,중상
2017122300100375,2017년 12월 23일 14시,토요일,충청북도 청주시 상당구 용담동,경상사고,0,0,3,0,차대차 - 기타,안전운전불이행,건조,맑음,교차로 - 교차로부근,승용,남,75세,상해없음,승용,여,48세,경상
2017122300100440,2017년 12월 23일 16시,토요일,충청북도 진천군 이월면,중상사고,0,1,0,0,차대차 - 추돌,안전운전불이행,건조,맑음,단일로 - 기타,승용,남,19세,상해없음,승용,남,43세,중상
2017122300100540,2017년 12월 23일 18시,토요일,충청북도 옥천군 옥천읍,경상사고,0,0,1,0,차대차 - 측면충돌,신호위반,건조,맑음,교차로 - 교차로안,이륜,남,49세,경상,승용,여,41세,상해없음
2017122300100541,2017년 12월 23일 18시,토요일,충청북도 청주시 흥덕구 강서동,경상사고,0,0,1,0,차대차 - 기타,안전운전불이행,건조,맑음,교차로 - 교차로안,특수,남,48세,상해없음,승용,여,45세,경상
2017122300100595,2017년 12월 23일 19시,토요일,충청북도 청주시 서원구 남이면,경상사고,0,0,3,0,차대차 - 기타,안전운전불이행,젖음/습기,흐림,교차로 - 교차로부근,승용,남,61세,상해없음,승용,여,45세,경상
2017122300100625,2017년 12월 23일 20시,토요일,충청북도 청주시 상당구 탑동,중상사고,0,1,0,0,차대차 - 기타,교차로운행방법위반,건조,맑음,교차로 - 교차로안,승용,남,65세,상해없음,원동기,남,72세,중상
2017122300100626,2017년 12월 23일 20시,토요일,충청북도 청주시 서원구 분평동,경상사고,0,0,4,0,차대차 - 기타,교차로운행방법위반,건조,맑음,교차로 - 교차로안,승용,여,42세,경상,승용,남,26세,경상
2017122300100661,2017년 12월 23일 21시,토요일,충청북도 충주시 칠금동,경상사고,0,0,1,0,차대사람 - 길가장자리구역통행중,안전운전불이행,건조,맑음,교차로 - 교차로부근,승합,여,36세,상해없음,보행자,남,60세,경상
2017122300100706,2017년 12월 23일 23시,토요일,충청북도 청주시 청원구 오창읍,경상사고,0,0,2,0,차대차 - 기타,신호위반,건조,맑음,교차로 - 교차로안,승용,남,23세,상해없음,승용,남,39세,경상
2017122300100707,2017년 12월 23일 23시,토요일,충청북도 충주시 교현동,경상사고,0,0,2,0,차대차 - 기타,직진우회전진행방해,건조,맑음,교차로 - 교차로안,승용,여,26세,상해없음,승용,남,36세,경상
2017122300100708,2017년 12월 23일 23시,토요일,충청북도 옥천군 옥천읍,중상사고,0,1,2,0,차대차 - 측면충돌,중앙선침범,건조,맑음,단일로 - 기타,승용,남,22세,상해없음,승용,여,30세,경상
2017122300100709,2017년 12월 23일 23시,토요일,충청북도 청주시 서원구 모충동,중상사고,0,1,0,0,차대차 - 기타,교차로운행방법위반,건조,맑음,교차로 - 교차로안,자전거,남,61세,중상,승용,남,61세,상해없음
2017122400100054,2017년 12월 24일 01시,일요일,충청북도 청주시 서원구 사직동,경상사고,0,0,1,0,차대차 - 추돌,안전운전불이행,건조,맑음,교차로 - 교차로부근,승용,남,59세,상해없음,승용,남,44세,경상
2017122400100055,2017년 12월 24일 01시,일요일,충청북도 제천시 봉양읍,경상사고,0,0,1,0,차량단독 - 전도전복,안전운전불이행,건조,맑음,기타 - 기타,승용,남,27세,경상,미분류,미분류,미분류,미분류
2017122400100076,2017년 12월 24일 02시,일요일,충청북도 청주시 서원구 사창동,경상사고,0,0,2,0,차대차 - 기타,안전운전불이행,건조,맑음,단일로 - 기타,승용,남,55세,상해없음,승용,여,51세,경상
2017122400100077,2017년 12월 24일 02시,일요일,충청북도 충주시 대소원면,경상사고,0,0,1,1,차대차 - 기타,안전운전불이행,건조,맑음,단일로 - 기타,승용,남,47세,부상신고,승용,남,26세,경상
2017122400100174,2017년 12월 24일 10시,일요일,충청북도 제천시 신백동,경상사고,0,0,2,0,차대차 - 추돌,안전운전불이행,젖음/습기,비,기타 - 기타,승용,남,72세,경상,승합,남,54세,경상
2017122400100175,2017년 12월 24일 10시,일요일,충청북도 음성군 금왕읍,중상사고,0,1,1,0,차대차 - 측면충돌,교차로운행방법위반,젖음/습기,비,교차로 - 교차로안,승용,남,39세,중상,승용,여,60세,경상
2017122400100213,2017년 12월 24일 12시,일요일,충청북도 충주시 교현동,경상사고,0,0,1,0,차대차 - 기타,직진우회전진행방해,건조,맑음,교차로 - 교차로안,승용,남,34세,경상,승용,남,48세,상해없음
2017122400100214,2017년 12월 24일 12시,일요일,충청북도 제천시 청전동,경상사고,0,0,1,0,차대차 - 측면충돌,안전운전불이행,젖음/습기,비,교차로 - 교차로안,승용,남,50세,상해없음,승용,남,50세,경상
2017122400100215,2017년 12월 24일 12시,일요일,충청북도 제천시 강제동,경상사고,0,0,2,0,차대차 - 측면충돌,안전운전불이행,젖음/습기,비,단일로 - 기타,승용,남,37세,상해없음,건설기계,남,34세,경상
2017122400100216,2017년 12월 24일 12시,일요일,충청북도 음성군 음성읍,중상사고,0,1,0,0,차대차 - 측면충돌,안전운전불이행,젖음/습기,비,교차로 - 교차로안,승용,여,59세,상해없음,승용,남,73세,중상
2017122400100234,2017년 12월 24일 13시,일요일,충청북도 단양군 가곡면,경상사고,0,0,3,0,차대차 - 측면충돌,직진우회전진행방해,젖음/습기,비,교차로 - 교차로안,승용,여,59세,상해없음,승합,남,58세,경상
2017122400100353,2017년 12월 24일 18시,일요일,충청북도 충주시 문화동,경상사고,0,0,2,0,차대차 - 기타,신호위반,건조,맑음,교차로 - 교차로부근,원동기,남,16세,상해없음,승용,남,23세,경상
2017122400100354,2017년 12월 24일 18시,일요일,충청북도 제천시 의림동,경상사고,0,0,1,0,차대사람 - 횡단중,안전운전불이행,젖음/습기,흐림,단일로 - 기타,승용,남,69세,상해없음,보행자,남,79세,경상
2017122400100355,2017년 12월 24일 18시,일요일,충청북도 보은군 삼승면,중상사고,0,1,1,0,차대차 - 정면충돌,중앙선침범,젖음/습기,흐림,단일로 - 기타,화물,남,43세,상해없음,화물,남,33세,경상
2017122400100418,2017년 12월 24일 20시,일요일,충청북도 청주시 서원구 개신동,경상사고,0,0,1,0,차대차 - 기타,안전운전불이행,건조,맑음,교차로 - 교차로안,원동기,남,16세,경상,승용,남,54세,상해없음
2017122400100419,2017년 12월 24일 20시,일요일,충청북도 청주시 서원구 수곡동,경상사고,0,0,1,0,차대차 - 기타,안전운전불이행,건조,맑음,교차로 - 교차로부근,화물,남,55세,상해없음,승용,남,39세,상해없음
2017122400100443,2017년 12월 24일 21시,일요일,충청북도 청주시 상당구 금천동,중상사고,0,1,0,0,차대차 - 기타,안전운전불이행,건조,맑음,교차로 - 교차로부근,승용,남,40세,상해없음,이륜,남,63세,중상
2017122500100026,2017년 12월 25일 00시,월요일,충청북도 청주시 청원구 주성동,중상사고,0,1,0,0,차대사람 - 기타,안전운전불이행,건조,맑음,교차로 - 교차로부근,승용,여,44세,상해없음,보행자,남,33세,중상
2017122500100041,2017년 12월 25일 01시,월요일,충청북도 청주시 흥덕구 복대동,경상사고,0,0,1,0,차대차 - 측면충돌,안전운전불이행,건조,맑음,단일로 - 기타,승용,남,29세,상해없음,이륜,남,29세,경상
2017122500100059,2017년 12월 25일 03시,월요일,충청북도 청주시 서원구 개신동,경상사고,0,0,3,0,차대차 - 추돌,안전운전불이행,건조,맑음,교차로 - 교차로부근,승용,남,26세,상해없음,승용,남,28세,경상
2017122500100075,2017년 12월 25일 06시,월요일,충청북도 청주시 흥덕구 옥산면,경상사고,0,0,1,0,차대차 - 추돌,안전운전불이행,건조,맑음,단일로 - 기타,승용,여,36세,기타불명,승용,남,85세,상해없음
2017122500100125,2017년 12월 25일 11시,월요일,충청북도 제천시 신백동,경상사고,0,0,1,0,차대차 - 기타,안전운전불이행,건조,맑음,교차로 - 교차로안,승용,여,26세,상해없음,승용,여,30세,경상
2017122500100187,2017년 12월 25일 14시,월요일,충청북도 청주시 흥덕구 정봉동,경상사고,0,0,1,0,차대차 - 기타,교차로운행방법위반,건조,맑음,교차로 - 교차로부근,승용,여,30세,상해없음,승용,남,34세,경상
2017122500100188,2017년 12월 25일 14시,월요일,충청북도 청주시 서원구 장성동,중상사고,0,1,0,0,차대차 - 측면충돌,안전거리미확보,건조,맑음,단일로 - 기타,승용,남,42세,상해없음,승용,남,25세,중상
2017122500100238,2017년 12월 25일 16시,월요일,충청북도 청주시 흥덕구 강서동,경상사고,0,0,2,0,차대차 - 측면충돌,교차로운행방법위반,건조,맑음,교차로 - 교차로안,승용,남,50세,경상,화물,여,38세,경상
2017122500100239,2017년 12월 25일 16시,월요일,충청북도 청주시 상당구 문화동,중상사고,0,2,1,0,차대차 - 측면충돌,신호위반,건조,맑음,교차로 - 교차로안,승용,남,64세,기타불명,승용,남,67세,중상
2017122500100265,2017년 12월 25일 17시,월요일,충청북도 청주시 청원구 율량동,경상사고,0,0,2,0,차대차 - 기타,신호위반,건조,맑음,교차로 - 교차로안,승용,남,21세,상해없음,승용,남,29세,경상
2017122500100296,2017년 12월 25일 18시,월요일,충청북도 청주시 서원구 산남동,경상사고,0,0,1,0,차대차 - 측면충돌,신호위반,건조,맑음,교차로 - 교차로안,이륜,남,18세,경상,화물,남,57세,상해없음
2017122500100339,2017년 12월 25일 20시,월요일,충청북도 충주시 교현동,중상사고,0,1,0,0,차대차 - 기타,신호위반,건조,흐림,교차로 - 교차로안,승용,남,63세,상해없음,원동기,남,26세,중상
2017122500100362,2017년 12월 25일 21시,월요일,충청북도 청주시 청원구 오창읍,경상사고,0,0,4,0,차대차 - 기타,안전운전불이행,건조,맑음,교차로 - 교차로부근,승용,남,39세,상해없음,승용,남,38세,경상
2017122500100363,2017년 12월 25일 21시,월요일,충청북도 충주시 교현동,중상사고,0,1,0,0,차대사람 - 횡단중,안전운전불이행,건조,맑음,단일로 - 기타,승용,남,71세,상해없음,보행자,남,68세,중상
2017122500100404,2017년 12월 25일 23시,월요일,충청북도 청주시 흥덕구 서촌동,경상사고,0,0,1,0,차대차 - 측면충돌,신호위반,건조,맑음,교차로 - 교차로안,승용,여,40세,상해없음,승용,여,56세,경상
2017122600100043,2017년 12월 26일 01시,화요일,충청북도 청주시 상당구 문의면,중상사고,0,1,1,0,차대차 - 추돌,안전운전불이행,서리/결빙,흐림,단일로 - 기타,승용,남,22세,상해없음,승용,여,50세,경상
2017122600100087,2017년 12월 26일 06시,화요일,충청북도 청주시 서원구 사직동,경상사고,0,0,1,0,차대차 - 기타,신호위반,건조,맑음,교차로 - 교차로부근,승용,남,62세,상해없음,승용,여,36세,경상
2017122600100143,2017년 12월 26일 08시,화요일,충청북도 충주시 용산동,경상사고,0,0,1,0,차대사람 - 기타,안전운전불이행,건조,맑음,교차로 - 교차로안,승용,여,48세,상해없음,보행자,여,76세,경상
2017122600100196,2017년 12월 26일 10시,화요일,충청북도 음성군 원남면,중상사고,0,1,0,0,차대차 - 측면충돌,안전운전불이행,건조,맑음,교차로 - 교차로안,화물,남,36세,상해없음,화물,남,41세,중상
2017122600100258,2017년 12월 26일 12시,화요일,충청북도 청주시 서원구 산남동,경상사고,0,0,1,0,차대차 - 기타,안전운전불이행,건조,맑음,교차로 - 교차로안,승용,남,43세,상해없음,승용,여,50세,경상
2017122600100287,2017년 12월 26일 13시,화요일,충청북도 제천시 중앙로2가,경상사고,0,0,2,1,차대차 - 추돌,안전운전불이행,건조,맑음,단일로 - 기타,승용,여,31세,부상신고,승용,남,53세,경상
2017122600100288,2017년 12월 26일 13시,화요일,충청북도 진천군 이월면,사망사고,1,0,0,0,차대사람 - 기타,안전운전불이행,건조,맑음,단일로 - 기타,화물,남,55세,상해없음,보행자,남,63세,사망
2017122600100317,2017년 12월 26일 14시,화요일,충청북도 영동군 영동읍,중상사고,0,1,0,0,차대차 - 기타,안전운전불이행,건조,맑음,교차로 - 교차로안,승용,남,30세,상해없음,이륜,남,51세,중상
2017122600100318,2017년 12월 26일 14시,화요일,충청북도 청주시 상당구 용암동,경상사고,0,0,1,0,차대차 - 측면충돌,안전거리미확보,건조,맑음,교차로 - 교차로부근,승합,남,55세,상해없음,승용,여,46세,경상
2017122600100375,2017년 12월 26일 16시,화요일,충청북도 청주시 청원구 율량동,경상사고,0,0,1,0,차대사람 - 차도통행중,안전운전불이행,건조,맑음,단일로 - 기타,승용,남,43세,상해없음,보행자,남,67세,경상
2017122600100376,2017년 12월 26일 16시,화요일,충청북도 제천시 왕암동,경상사고,0,0,2,0,차대차 - 측면충돌,안전운전불이행,건조,맑음,교차로 - 교차로안,승용,여,25세,경상,화물,남,44세,경상